Date,Open,High,Low,Close,Adj Close,Volume
1999-05-04,76.0,77.25,70.0,70.375,54.6238899230957,22320900
1999-05-05,69.875,69.875,66.25,69.125,53.65365982055664,7565700
1999-05-06,68.0,69.375,67.0625,67.9375,52.7319450378418,2905700
1999-05-07,67.9375,74.875,66.75,74.125,57.534603118896484,4862300
1999-05-10,73.375,73.5,70.25,70.6875,54.86644744873047,2589400
1999-05-11,70.0,71.1875,69.5,70.625,54.817935943603516,1839800
1999-05-12,71.0,74.875,69.125,73.5,57.04949188232422,2659300
1999-05-13,73.25,75.25,72.5,73.1875,56.80691909790039,1142900
1999-05-14,71.25,72.25,69.0625,70.1875,54.478363037109375,2058400
1999-05-17,69.125,70.25,68.0,68.625,53.26557922363281,2075000
1999-05-18,68.25,70.4375,68.125,68.625,53.26557922363281,1407100
1999-05-19,69.375,69.8125,68.75,69.3125,53.7991943359375,727400
1999-05-20,69.5625,70.125,68.375,68.375,53.0715446472168,520800
1999-05-21,68.125,68.8125,67.5,67.5,52.39238739013672,936200
1999-05-24,67.0,67.25,65.0,65.3125,50.6944465637207,1493000
1999-05-25,64.125,65.9375,64.0,64.5,50.06382369995117,1662400
1999-05-26,65.625,66.625,63.0625,66.0625,51.27661895751953,1602900
1999-05-27,65.0,67.75,64.6875,67.75,52.586421966552734,1220500
1999-05-28,67.75,68.8125,67.0,67.9375,52.7319450378418,901900
1999-06-01,66.625,66.625,63.5625,64.1875,49.82127380371094,953900
1999-06-02,63.75,64.0625,62.0,63.25,49.093597412109375,2204300
1999-06-03,64.0,64.1875,63.125,63.625,49.38465881347656,852600
1999-06-04,64.3125,67.0,64.3125,65.375,50.74298858642578,1357400
1999-06-07,65.1875,67.75,65.1875,65.9375,51.17960739135742,891900
1999-06-08,65.375,65.6875,63.75,63.75,49.481689453125,571700
1999-06-09,64.25,65.5,63.625,65.5,50.840003967285156,611400
1999-06-10,64.875,64.9375,63.3125,63.375,49.19061279296875,664200
1999-06-11,63.9375,64.3125,62.3125,63.25,49.093597412109375,969300
1999-06-14,63.5,64.0,60.5,61.25,47.54121780395508,821100
1999-06-15,62.875,63.375,62.25,62.75,48.70549392700195,831700
1999-06-16,63.9375,65.4375,63.9375,65.25,50.64596176147461,690300
1999-06-17,64.5,66.875,64.5,65.0,50.451908111572266,955700
1999-06-18,64.25,64.875,63.5,64.8125,50.30638885498047,613900
1999-06-21,66.6875,69.9375,66.5625,69.5,53.94471740722656,1811000
1999-06-22,70.125,70.125,67.75,68.0,52.78045654296875,1165900
1999-06-23,67.0625,67.4375,64.875,65.0,50.451908111572266,1351700
1999-06-24,66.0625,66.5,64.5,65.0625,50.50041198730469,1408900
1999-06-25,65.5,66.8125,65.375,66.25,51.42214584350586,1111500
1999-06-28,66.4375,67.5,65.75,66.5625,51.664730072021484,784600
1999-06-29,66.0,68.5,66.0,67.75,52.586421966552734,629800
1999-06-30,68.5,72.25,66.125,72.25,56.07925033569336,2127600
1999-07-01,71.375,71.4375,69.75,70.8125,54.96345901489258,813600
1999-07-02,70.5625,71.1875,69.6875,70.9375,55.06050491333008,536900
1999-07-06,70.0,71.1875,69.25,70.5,54.7209358215332,747600
1999-07-07,69.5625,70.0,68.0,68.0,52.78045654296875,648800
1999-07-08,68.0,68.875,67.1875,67.25,52.19832229614258,424400
1999-07-09,67.4375,68.1875,67.25,67.25,52.19832229614258,312700
1999-07-12,68.0,68.9375,67.875,68.375,53.0715446472168,547700
1999-07-13,68.25,68.6875,67.625,67.875,52.6834602355957,969600
1999-07-14,67.375,67.75,67.3125,67.625,52.4893913269043,888200
1999-07-15,68.0,68.0,67.5,67.9375,52.7319450378418,864700
1999-07-16,67.75,68.75,67.75,68.0625,52.8289909362793,476700
1999-07-19,68.25,70.75,68.25,69.4375,53.89620590209961,646100
1999-07-20,69.125,70.4375,67.875,68.125,52.87749099731445,886100
1999-07-21,68.0,68.0625,67.125,67.875,52.6834602355957,626100
1999-07-22,68.125,68.25,66.5,66.5,51.6161994934082,579500
1999-07-23,66.375,66.375,64.0,64.0625,49.7242546081543,767200
1999-07-26,64.25,64.75,63.1875,63.25,49.093597412109375,749500
1999-07-27,64.25,65.75,63.3125,65.5,50.840003967285156,592200
1999-07-28,65.25,66.375,64.0,66.0625,51.27661895751953,584800
1999-07-29,65.5,65.5,64.5,65.0,50.451908111572266,646000
1999-07-30,65.0,65.0,63.625,64.3125,49.91828536987305,629600
1999-08-02,64.25,64.5625,62.375,62.8125,48.7540168762207,566400
1999-08-03,62.8125,62.8125,60.75,60.8125,47.20164489746094,837700
1999-08-04,60.5625,61.5,60.0,60.0,46.570980072021484,1281600
1999-08-05,59.8125,60.0,57.8125,59.25,45.98884963989258,1539900
1999-08-06,58.9375,58.9375,56.0,56.25,43.66032028198242,1308500
1999-08-09,56.5,57.5,55.8125,55.8125,43.32072448730469,1347500
1999-08-10,56.25,57.1875,55.1875,57.0,44.33778762817383,1817400
1999-08-11,57.875,61.5625,57.4375,61.5,47.83815002441406,1369200
1999-08-12,61.4375,62.1875,60.5625,60.6875,47.206119537353516,832800
1999-08-13,62.4375,63.25,62.0625,63.125,49.102169036865234,557400
1999-08-16,63.0,63.0,60.875,62.875,48.907691955566406,762600
1999-08-17,63.25,64.5,62.625,63.0,49.004913330078125,936900
1999-08-18,63.0,63.0,61.0625,62.3125,48.470123291015625,819300
1999-08-19,61.625,62.5,60.8125,61.5625,47.88673400878906,624600
1999-08-20,61.8125,62.9375,61.625,62.3125,48.470123291015625,439600
1999-08-23,62.8125,63.8125,62.625,63.625,49.491065979003906,837200
1999-08-24,63.5625,65.0,62.8125,63.4375,49.34519958496094,894200
1999-08-25,63.125,64.3125,62.3125,64.0,49.78276443481445,449900
1999-08-26,64.0,64.875,62.75,62.75,48.810428619384766,378400
1999-08-27,63.0,63.0,61.5,61.5625,47.88673400878906,265300
1999-08-30,61.75,61.75,59.3125,59.3125,46.136558532714844,438100
1999-08-31,59.5,60.5,58.6875,59.8125,46.5255012512207,496600
1999-09-01,60.5625,60.6875,59.8125,60.3125,46.914432525634766,560100
1999-09-02,59.5,60.4375,58.875,59.25,46.08793640136719,727600
1999-09-03,60.75,63.125,60.75,63.125,49.102169036865234,754900
1999-09-07,63.0,64.4375,62.4375,62.5,48.6159782409668,813600
1999-09-08,62.4375,63.625,62.125,62.5625,48.66460037231445,732100
1999-09-09,62.5,62.5625,61.0,61.75,48.03260803222656,448800
1999-09-10,62.375,63.09375,61.625,63.09375,49.07784652709961,636300
1999-09-13,62.1875,62.8125,62.0,62.125,48.32429122924805,250700
1999-09-14,61.375,61.375,58.75,59.375,46.185184478759766,1160600
1999-09-15,60.125,60.125,58.0625,58.3125,45.358726501464844,970200
1999-09-16,58.5625,59.125,57.4375,57.6875,44.87255859375,753200
1999-09-17,58.625,60.0625,58.5,60.0625,46.71996307373047,1116700
1999-09-20,60.0625,60.75,59.5,60.75,47.254737854003906,721800
1999-09-21,60.5625,61.75,58.375,59.125,45.99071502685547,2369100
1999-09-22,59.9375,62.0,59.0625,61.3125,47.69227981567383,1534700
1999-09-23,61.75,62.25,60.75,60.8125,47.30335235595703,889800
1999-09-24,61.0625,62.1875,60.875,61.9375,48.1784553527832,831400
1999-09-27,62.0,62.625,61.25,61.5625,47.88673400878906,624700
1999-09-28,61.3125,62.25,61.0625,62.25,48.42152786254883,819900
1999-09-29,62.375,62.75,61.125,61.4375,47.78951644897461,800900
1999-09-30,61.9375,62.5,61.0,61.0,47.44920349121094,1113400
1999-10-01,61.0,61.25,58.3125,59.1875,46.039337158203125,793300
1999-10-04,59.5,61.6875,59.5,61.6875,47.983978271484375,739400
1999-10-05,62.125,63.25,61.375,62.25,48.42152786254883,1040500
1999-10-06,62.125,64.0,61.8125,64.0,49.78276443481445,944200
1999-10-07,64.0,64.125,63.1875,63.1875,49.15077590942383,366300
1999-10-08,62.5,63.9375,61.875,63.9375,49.73414993286133,488800
1999-10-11,63.75,63.9375,63.5,63.6875,49.5396842956543,229300
1999-10-12,63.6875,63.75,62.75,62.9375,48.956302642822266,644200
1999-10-13,62.375,62.625,60.6875,61.0,47.44920349121094,393000
1999-10-14,60.5,62.5625,58.875,62.0,48.22705078125,1016000
1999-10-15,60.5,60.625,58.25,59.75,46.47687911987305,1088000
1999-10-18,60.25,60.25,57.9375,59.25,46.08793640136719,732700
1999-10-19,59.5,61.0,59.5,60.375,46.963050842285156,1082700
1999-10-20,60.5,62.375,60.5,61.75,48.03260803222656,499800
1999-10-21,61.25,61.8125,61.125,61.8125,48.1748161315918,281900
1999-10-22,62.75,65.75,62.6875,65.5,51.04874801635742,1644700
1999-10-25,64.9375,65.0,63.25,64.0,49.879695892333984,665000
1999-10-26,63.5,64.5625,61.8125,61.8125,48.1748161315918,650200
1999-10-27,62.0625,64.75,62.0,64.375,50.17196273803711,1412500
1999-10-28,64.5,72.5,64.5,72.0,56.11465072631836,3983400
1999-10-29,72.0625,73.75,70.1875,71.0,55.33530044555664,2490500
1999-11-01,70.5,71.0,69.3125,69.375,54.06883239746094,949300
1999-11-02,69.1875,71.75,69.125,69.75,54.36109924316406,543000
1999-11-03,69.8125,69.875,68.3125,68.75,53.58169937133789,924000
1999-11-04,69.6875,70.75,69.4375,70.125,54.65336227416992,570400
1999-11-05,72.0,74.3125,71.25,73.6875,57.42985153198242,1304900
1999-11-08,73.5,73.5,72.5,73.0,56.8940544128418,651600
1999-11-09,73.5,73.5625,71.75,71.875,56.017208099365234,695600
1999-11-10,71.0,72.75,70.625,71.9375,56.06597900390625,678700
1999-11-11,72.0,73.5,71.5625,73.3125,57.1375846862793,574300
1999-11-12,73.9375,79.8125,73.75,79.75,62.154815673828125,2227700
1999-11-15,78.75,79.9375,77.25,78.0,60.79087829589844,997100
1999-11-16,78.375,83.0,78.375,82.8125,64.54159545898438,1505100
1999-11-17,81.125,81.375,78.5625,79.5625,62.00864028930664,1245400
1999-11-18,79.8125,81.125,79.25,80.1875,62.49576950073242,1111500
1999-11-19,80.0,80.875,79.625,79.9375,62.30091857910156,329600
1999-11-22,79.5,80.25,78.5,79.6875,62.10606002807617,329900
1999-11-23,79.9375,80.625,77.5,77.75,60.59601974487305,656300
1999-11-24,77.5,77.75,76.75,77.125,60.10891342163086,515700
1999-11-26,77.1875,77.75,76.625,77.3125,60.25509262084961,107600
1999-11-29,77.25,77.25,74.375,74.5,58.063087463378906,517900
1999-11-30,74.75,77.125,74.5,75.125,58.550209045410156,925000
1999-12-01,74.75,76.1875,74.75,76.1875,59.37827682495117,500000
1999-12-02,76.25,77.625,76.25,77.5,60.40121078491211,453600
1999-12-03,78.5,80.6875,78.375,79.0625,61.61896514892578,669500
1999-12-06,79.1875,79.3125,76.5625,77.0,60.01154327392578,295100
1999-12-07,77.25,80.9375,77.25,80.9375,63.080322265625,883100
1999-12-08,81.8125,81.8125,80.0,80.0,62.3496208190918,732200
1999-12-09,80.75,82.25,79.75,80.0,62.3496208190918,1205700
1999-12-10,80.0,82.4375,79.5625,82.0,63.90834426879883,1386300
1999-12-13,81.5,82.9375,81.0625,82.0625,63.95705032348633,938500
1999-12-14,81.4375,81.4375,77.8125,78.75,61.37540817260742,1105800
1999-12-15,77.75,79.5,77.75,79.4375,61.91120910644531,1073800
1999-12-16,79.1875,79.5,77.75,78.5625,61.22929763793945,307900
1999-12-17,78.625,80.5625,78.4375,80.1875,62.49576950073242,542100
1999-12-20,82.0,83.625,80.75,81.875,63.81095886230469,1302600
1999-12-21,80.625,83.0,79.5,80.9375,63.080322265625,1189900
1999-12-22,81.0,81.375,79.125,79.6875,62.10606002807617,526800
1999-12-23,81.0,82.4375,80.6875,81.0,63.12900924682617,532000
1999-12-27,80.5,82.875,80.5,82.0625,63.95705032348633,389200
1999-12-28,82.0625,85.6875,82.0625,85.0,66.24645233154297,821800
1999-12-29,85.5,88.1875,85.375,88.0,68.58455657958984,794800
1999-12-30,90.0,92.875,89.5625,92.1875,71.84819793701172,969200
1999-12-31,91.9375,94.8125,91.5,94.1875,73.40692901611328,383500
2000-01-03,94.1875,94.375,87.75,88.3125,68.82814025878906,1822600
2000-01-04,87.0,87.5,82.25,82.75,64.49287414550781,1647700
2000-01-05,80.875,81.875,78.375,78.875,61.47283172607422,1516600
2000-01-06,78.625,84.5,78.625,82.25,64.10321044921875,1845100
2000-01-07,83.0625,83.1875,79.875,82.5625,64.34676361083984,1127400
2000-01-10,81.75,84.875,81.75,84.375,65.75936889648438,803100
2000-01-11,85.0,86.25,84.5625,84.8125,66.10033416748047,808600
2000-01-12,84.125,86.0,83.375,84.375,65.75936889648438,916100
2000-01-13,85.125,85.125,82.875,84.5,65.85675811767578,711000
2000-01-14,85.5,86.9375,85.3125,85.625,66.73358917236328,607000
2000-01-18,85.0,89.125,84.75,86.875,67.70780181884766,1095700
2000-01-19,86.875,89.375,86.75,87.5625,68.24360656738281,636900
2000-01-20,87.0,87.9375,84.875,85.9375,67.06903839111328,621800
2000-01-21,86.1875,86.1875,84.5625,85.6875,66.87391662597656,542500
2000-01-24,87.5,87.5,81.5,81.75,63.80094909667969,712900
2000-01-25,83.0,84.1875,82.375,83.875,65.45936584472656,749300
2000-01-26,84.125,88.5,84.125,88.25,68.8738021850586,1086600
2000-01-27,88.25,89.9375,87.625,89.0,69.45915222167969,702000
2000-01-28,87.5,88.0,86.125,87.0,67.89826202392578,776800
2000-01-31,87.0,91.6875,86.5,91.625,71.50780487060547,801800
2000-02-01,92.875,93.0,90.5,91.25,71.21514129638672,813100
2000-02-02,90.75,91.625,88.625,91.125,71.11759948730469,964700
2000-02-03,90.0,91.125,84.8125,85.375,66.63007354736328,2213300
2000-02-04,87.25,87.25,83.5625,84.6875,66.09349822998047,1451700
2000-02-07,84.4375,86.5,83.5,85.75,66.9227294921875,929800
2000-02-08,85.75,89.625,85.75,89.4375,69.80060577392578,1024800
2000-02-09,89.4375,89.4375,86.5625,86.75,67.70320892333984,397100
2000-02-10,86.75,87.3125,85.5,86.625,67.60557556152344,503200
2000-02-11,86.4375,88.75,85.0,85.125,66.4349594116211,856900
2000-02-14,85.125,86.875,84.625,86.5,67.50804901123047,627800
2000-02-15,86.25,86.625,85.125,86.5,67.50804901123047,542400
2000-02-16,86.75,87.3125,82.875,82.9375,64.72772216796875,720300
2000-02-17,84.75,84.75,81.125,82.125,64.09364318847656,895500
2000-02-18,84.5,84.5,80.75,80.8125,63.069313049316406,925500
2000-02-22,81.25,82.375,80.6875,81.5625,63.65462875366211,720100
2000-02-23,81.3125,87.0,81.0625,85.75,66.9227294921875,702900
2000-02-24,85.8125,89.9375,85.5,89.625,69.94691467285156,1199800
2000-02-25,89.4375,94.0,88.25,89.25,69.65422058105469,1333000
2000-02-28,89.25,89.25,87.0,88.0,68.6786880493164,518000
2000-02-29,88.75,92.5,88.0,92.5,72.1906967163086,1381200
2000-03-01,93.25,96.75,93.1875,94.75,73.94670104980469,1488900
2000-03-02,95.25,97.875,94.125,96.25,75.1173324584961,1819200
2000-03-03,97.0,102.5,96.75,102.5,79.99505615234375,2295900
2000-03-06,102.75,105.25,102.375,103.6875,80.9218521118164,1421000
2000-03-07,103.9375,105.75,102.4375,104.875,81.84864807128906,1041300
2000-03-08,105.0,105.375,99.6875,101.75,79.40972900390625,1041100
2000-03-09,101.75,108.1875,101.25,107.1875,83.65336608886719,535500
2000-03-10,109.75,119.0,108.5,112.25,87.6043701171875,2034400
2000-03-13,107.5,115.5,106.5,110.375,86.14102935791016,1454200
2000-03-14,111.5,112.875,103.5,104.75,81.75109100341797,653100
2000-03-15,102.5,105.5,101.375,103.5625,80.82428741455078,700300
2000-03-16,103.875,105.0,99.25,103.3125,80.62920379638672,2024800
2000-03-17,104.125,117.375,103.25,116.5,90.92124938964844,2099400
2000-03-20,117.625,123.0,112.5625,113.4375,88.5311279296875,2254000
2000-03-21,111.0,119.8125,106.5,118.25,92.28701782226562,2692800
2000-03-22,114.875,117.9375,114.8125,117.15625,91.43343353271484,1258900
2000-03-23,116.5,119.0,115.125,119.0,92.87236022949219,1656900
2000-03-24,119.0,128.0,117.6875,121.3125,94.67709350585938,1934400
2000-03-27,118.25,119.375,111.75,112.0,87.40926361083984,1315000
2000-03-28,109.5,115.5,108.5,113.25,88.38481903076172,1649400
2000-03-29,114.0,116.125,110.75,114.1875,89.116455078125,754300
2000-03-30,112.625,115.0,105.125,106.875,83.40950775146484,1241200
2000-03-31,108.0,111.875,103.3125,105.25,82.14128875732422,1693300
2000-04-03,108.75,110.8125,105.5,105.5,82.33641052246094,1789500
2000-04-04,106.0,106.25,91.125,98.25,76.67820739746094,3739600
2000-04-05,97.5,99.625,93.5,97.4375,76.04410552978516,3238700
2000-04-06,101.0,106.0,100.0,106.0,82.72663879394531,1675700
2000-04-07,106.25,107.25,101.1875,102.5,79.99505615234375,1373500
2000-04-10,104.0,109.125,103.5625,107.0625,83.55583190917969,1749900
2000-04-11,107.125,108.3125,104.3125,104.8125,81.79985046386719,1147200
2000-04-12,106.5,107.25,96.5,96.5625,75.36121368408203,2598500
2000-04-13,96.75,98.125,92.3125,95.25,74.33689880371094,3377700
2000-04-14,92.75,92.75,79.4375,82.75,64.58139038085938,4855800
2000-04-17,81.75,87.75,81.0,87.5,68.28848266601562,3489600
2000-04-18,87.5,94.9375,86.875,93.75,73.16622161865234,2191500
2000-04-19,93.4375,93.5,89.625,92.0625,71.9413070678711,1390200
2000-04-20,91.8125,91.8125,88.0,88.8125,69.40165710449219,1061100
2000-04-24,88.8125,91.5,84.625,86.875,67.88761901855469,1764300
2000-04-25,88.625,97.875,87.5,97.0625,75.84854888916016,1341500
2000-04-26,97.5625,99.125,94.0,94.5,73.84611511230469,1626100
2000-04-27,91.5,96.25,90.375,95.1875,74.38333892822266,1772400
2000-04-28,96.25,97.5,90.875,93.25,72.8692626953125,1145600
2000-05-01,93.25,101.625,93.25,97.0,75.7996597290039,2319300
2000-05-02,95.0,97.625,92.5,93.0,72.67389678955078,1666500
2000-05-03,92.25,95.75,89.6875,91.125,71.20874786376953,1931000
2000-05-04,91.375,92.0,88.125,90.1875,70.47611999511719,920700
2000-05-05,89.375,92.1875,87.4375,89.875,70.23194885253906,1378100
2000-05-08,86.0,87.875,85.75,87.3125,68.22950744628906,2817000
2000-05-09,86.0,87.0,84.75,85.625,66.91082000732422,1739100
2000-05-10,83.0,83.6875,80.5625,81.4375,63.63850021362305,2340600
2000-05-11,81.5,83.25,80.4375,80.875,63.198944091796875,2276000
2000-05-12,80.25,84.875,80.25,83.78125,65.47000885009766,1911200
2000-05-15,83.8125,88.0,83.8125,87.0625,68.03414916992188,1668900
2000-05-16,88.0,89.25,84.0,85.5,66.81314086914062,2538400
2000-05-17,85.125,86.0,83.0,84.6875,66.17820739746094,1231000
2000-05-18,83.875,87.5,83.875,85.25,66.61778259277344,1493000
2000-05-19,84.25,85.0,82.125,84.5625,66.0805435180664,1537500
2000-05-22,83.5,83.875,80.625,82.0,64.07807922363281,1345600
2000-05-23,81.875,85.5,81.5,82.8125,64.71302032470703,1203900
2000-05-24,82.625,83.625,79.5,80.0,62.51520538330078,1530200
2000-05-25,80.5,83.375,71.9375,73.0,57.045135498046875,4030100
2000-05-26,73.125,73.375,69.375,69.8125,54.55427551269531,2378100
2000-05-30,71.5,73.4375,70.625,72.0,56.26367950439453,2205300
2000-05-31,72.0,74.875,71.125,73.5625,57.48469161987305,1363800
2000-06-01,74.5625,77.6875,73.625,76.375,59.68251419067383,1684900
2000-06-02,84.5,87.25,83.5,86.875,67.88761901855469,3567900
2000-06-05,86.875,87.875,84.5,84.5,66.03166198730469,1576600
2000-06-06,84.0,85.125,81.75,83.125,64.95723724365234,1033200
2000-06-07,82.875,88.0,82.375,86.6875,67.7410888671875,1319900
2000-06-08,86.875,87.625,85.0625,85.0625,66.47122192382812,1255000
2000-06-09,85.125,86.5625,83.25,83.25,65.05487060546875,1006800
2000-06-12,83.3125,84.3125,81.75,83.3125,65.103759765625,732800
2000-06-13,83.5,85.75,82.625,85.125,66.52011108398438,773200
2000-06-14,85.1875,90.375,84.8125,89.9375,70.28074645996094,1953600
2000-06-15,89.9375,90.8125,87.0,90.25,70.52494049072266,2120900
2000-06-16,90.25,91.4375,87.625,89.9375,70.28074645996094,1792300
2000-06-19,90.1875,93.0,89.5,91.625,71.59944915771484,2092900
2000-06-20,91.5,93.4375,87.375,89.0,69.54817962646484,2362600
2000-06-21,88.0,88.375,84.25,86.625,67.6922378540039,2875200
2000-06-22,86.625,86.625,82.0,84.25,65.8363265991211,1480100
2000-06-23,85.25,87.0,84.0,86.0,67.20386505126953,1616700
2000-06-26,86.75,88.0,85.75,87.75,68.5713882446289,1175700
2000-06-27,87.75,89.375,87.625,88.3125,69.01091766357422,1175700
2000-06-28,88.0,90.9375,88.0,89.875,70.23194885253906,1180400
2000-06-29,90.125,93.125,88.3125,92.625,72.38090515136719,1385400
2000-06-30,93.0,95.9375,92.5625,94.78125,74.06584167480469,2540600
2000-07-03,94.375,94.9375,93.4375,94.9375,74.18795776367188,453100
2000-07-05,94.375,97.0,93.875,95.9375,74.96940612792969,1077000
2000-07-06,90.0,94.0,88.375,93.1875,72.82042694091797,3343100
2000-07-07,93.1875,95.25,90.9375,94.9375,74.18795776367188,1265600
2000-07-10,94.875,98.875,93.8125,97.6875,76.33692932128906,1498700
2000-07-11,97.5625,99.1875,97.0625,98.5,76.97185516357422,1249100
2000-07-12,100.125,104.25,100.125,101.9375,79.6580581665039,2751000
2000-07-13,100.5,104.25,99.5,104.25,81.46514129638672,2207300
2000-07-14,104.25,105.25,102.875,104.1875,81.416259765625,1143000
2000-07-17,104.0625,104.125,100.0,100.0,78.14400482177734,1225000
2000-07-18,102.0,104.25,101.125,103.875,81.17207336425781,2449700
2000-07-19,103.1875,103.5625,100.3125,100.75,78.73007202148438,874200
2000-07-20,101.0,104.9375,101.0,103.6875,81.12215423583984,1027700
2000-07-21,103.625,105.6875,102.8125,104.25,81.562255859375,1155300
2000-07-24,104.75,106.9375,102.75,105.375,82.44245910644531,1457700
2000-07-25,105.75,106.75,103.6875,106.0,82.93142700195312,1092500
2000-07-26,105.625,105.9375,102.75,105.9375,82.88249206542969,1247400
2000-07-27,105.75,106.375,99.875,100.0,78.23719787597656,1299100
2000-07-28,100.125,101.0625,95.9375,98.5,77.06362915039062,1370800
2000-07-31,96.0,98.9375,94.5,98.6875,77.2103500366211,1734100
2000-08-01,99.0,102.25,97.0,100.625,78.7261962890625,1990600
2000-08-02,99.25,102.9375,99.25,102.125,79.89974975585938,13171500
2000-08-03,101.625,105.625,100.5,105.625,82.63801574707031,2700200
2000-08-04,109.0,112.9375,108.0,111.25,87.03890228271484,3709300
2000-08-07,111.5,115.0,109.75,114.0625,89.2392807006836,2457700
2000-08-08,114.0625,115.3125,112.8125,113.0,88.40802001953125,1984600
2000-08-09,113.0,116.75,111.875,114.9375,89.92388153076172,1488800
2000-08-10,115.375,116.75,111.375,112.0,87.62567901611328,1188900
2000-08-11,111.75,119.875,111.75,119.875,93.78681945800781,1489600
2000-08-14,118.0,121.75,116.625,120.75,94.47142791748047,2121700
2000-08-15,120.8125,120.8125,117.75,118.1875,92.46659851074219,1548900
2000-08-16,117.0,118.375,111.625,113.0,88.40802001953125,2521000
2000-08-17,113.0625,118.875,113.0625,118.625,92.80889129638672,1780400
2000-08-18,118.875,119.0,116.0,117.0,91.53753662109375,853900
2000-08-21,116.9375,118.75,116.25,117.8125,92.1731948852539,1082000
2000-08-22,117.9375,121.5,117.75,119.875,93.78681945800781,2178800
2000-08-23,119.75,119.75,118.0625,119.0,93.1022720336914,1650600
2000-08-24,119.0625,120.875,117.9375,118.25,92.51547241210938,1049600
2000-08-25,118.5,120.1875,117.125,119.375,93.39562225341797,984200
2000-08-28,118.25,124.5,118.25,122.4375,95.79170227050781,1422700
2000-08-29,121.5,127.4375,121.375,127.4375,99.70353698730469,2495500
2000-08-30,125.5,126.5,123.125,123.6875,96.76963806152344,2136000
2000-08-31,124.5,129.5,123.875,129.5,101.31716918945312,1394100
2000-09-01,128.0,129.8125,127.125,129.625,101.4149398803711,993800
2000-09-05,128.6875,130.0625,127.1875,128.8125,100.77933502197266,1184400
2000-09-06,128.6875,132.875,127.5,128.125,100.24140167236328,2104200
2000-09-07,127.875,129.5,125.9375,128.6875,100.6814956665039,1046800
2000-09-08,127.5,129.1875,124.0,124.25,97.209716796875,1358800
2000-09-11,127.0,132.4375,126.3125,132.0,103.27305603027344,2718400
2000-09-12,132.3125,133.625,129.6875,131.3125,102.73522186279297,1905100
2000-09-13,129.25,130.75,127.375,128.5,100.53479766845703,1437400
2000-09-14,129.375,131.75,128.6875,129.0,100.92598724365234,1278100
2000-09-15,128.0,128.125,124.3125,124.875,97.69872283935547,1441100
2000-09-18,124.0,124.125,117.75,118.5625,92.76000213623047,2410400
2000-09-19,118.5625,121.4375,115.3125,119.9375,93.83574676513672,3284700
2000-09-20,121.5,122.9375,114.9375,118.0,92.31986999511719,2067500
2000-09-21,114.0,114.3125,111.25,113.25,88.6036148071289,2324000
2000-09-22,110.0,115.5,109.5,114.875,89.8749771118164,2382900
2000-09-25,116.125,118.6875,116.0625,116.5,91.1463394165039,1337900
2000-09-26,115.125,115.625,109.5,110.875,86.74549102783203,2032900
2000-09-27,111.0,111.75,105.75,107.0625,83.76271057128906,2008800
2000-09-28,107.0,114.5625,107.0,113.0,88.40802001953125,1891700
2000-09-29,111.5,117.25,111.4375,114.0625,89.2392807006836,2193700
2000-10-02,113.125,116.875,113.125,115.375,90.26619720458984,1258700
2000-10-03,115.625,116.875,113.0,113.875,89.09259033203125,1502600
2000-10-04,113.5,113.5625,108.625,109.4375,85.62078857421875,1757900
2000-10-05,109.75,115.9375,109.75,114.875,89.8749771118164,1853900
2000-10-06,113.375,113.625,105.4375,108.875,85.18072509765625,3625100
2000-10-09,107.0,107.625,103.6875,105.25,82.34464263916016,1612200
2000-10-10,105.3125,105.75,100.0,102.6875,80.33981323242188,2744500
2000-10-11,99.5,106.0,96.5625,104.0,81.36668395996094,5509500
2000-10-12,104.0,104.0,94.0625,94.3125,73.78743743896484,3723100
2000-10-13,94.3125,102.0,94.3125,101.5,79.41073608398438,2798700
2000-10-16,99.75,106.0625,98.5,103.625,81.07329559326172,3475400
2000-10-17,103.375,103.8125,96.25,99.25,77.65042877197266,2111700
2000-10-18,95.5,101.4375,91.875,98.0,76.6724624633789,4426400
2000-10-19,101.75,104.4375,99.75,100.5625,78.77372741699219,2322600
2000-10-20,100.5625,106.3125,99.75,104.9375,82.20083618164062,1707400
2000-10-23,104.6875,105.125,101.25,102.4375,80.24246978759766,2019600
2000-10-24,103.625,106.5,99.0,101.125,79.21437072753906,1904000
2000-10-25,99.375,100.375,95.75,96.1875,75.34669494628906,2166600
2000-10-26,96.1875,98.0,90.875,92.9375,72.80081176757812,2352000
2000-10-27,94.0,95.75,91.875,93.0,72.84979248046875,2097000
2000-10-30,92.75,98.4375,92.625,96.5,75.59146118164062,1803800
2000-10-31,95.5,101.4375,94.1875,99.8125,78.18624877929688,1863800
2000-11-01,96.75,97.75,94.5625,96.6875,75.7383041381836,2094600
2000-11-02,97.625,100.0,96.3125,99.25,77.74564361572266,1505800
2000-11-03,99.25,101.625,99.25,100.4375,78.67579650878906,1658600
2000-11-06,98.375,99.25,96.0,96.0625,75.24873352050781,1927800
2000-11-07,96.0625,97.0,93.0,93.75,73.43732452392578,1756700
2000-11-08,92.5,93.5,90.625,92.4375,72.40914154052734,2051000
2000-11-09,92.0,93.0,89.25,91.875,71.96855163574219,1845200
2000-11-10,89.0,91.625,87.125,89.1875,69.86334228515625,2604300
2000-11-13,86.375,87.9375,83.3125,86.375,67.66020202636719,3201700
2000-11-14,90.0,92.0,88.25,88.875,69.61853790283203,2167100
2000-11-15,87.25,92.25,87.0625,90.0625,70.54873657226562,1851400
2000-11-16,90.0625,93.375,88.875,91.4375,71.62584686279297,1223400
2000-11-17,91.1875,91.3125,86.5,88.0625,68.98211669921875,1398800
2000-11-20,88.0,88.1875,82.75,83.0,65.01648712158203,1663000
2000-11-21,82.0,84.75,79.625,84.1875,65.94670104980469,2066800
2000-11-22,82.875,83.125,79.25,79.9375,62.61752700805664,2296900
2000-11-24,80.75,82.5,80.6875,81.5,63.84147644042969,1086200
2000-11-27,82.5,83.5,81.0625,82.5,64.62483978271484,1883700
2000-11-28,83.75,84.25,80.5,80.5,63.058197021484375,1701300
2000-11-29,81.625,82.875,80.125,82.875,64.91857147216797,2329300
2000-11-30,81.875,82.4375,77.0,82.125,64.33108520507812,2514000
2000-12-01,82.125,85.375,81.6875,82.0,64.23316192626953,1380900
2000-12-04,80.5,82.9375,80.25,81.75,64.0373306274414,1601500
2000-12-05,84.0,89.875,83.375,88.75,69.52066802978516,3981000
2000-12-06,87.75,93.125,86.1875,87.75,68.73731231689453,3785000
2000-12-07,87.6875,88.6875,84.625,85.875,67.26854705810547,1555400
2000-12-08,88.0,92.0625,88.0,91.875,71.96855163574219,2063500
2000-12-11,91.625,96.375,91.375,96.0,75.19979095458984,3869700
2000-12-12,95.5,95.5625,91.75,92.4375,72.40914154052734,1789200
2000-12-13,93.125,95.375,91.8125,94.0625,73.68209075927734,2573500
2000-12-14,91.375,92.125,86.625,87.4375,68.49253845214844,3131400
2000-12-15,87.0,87.0,83.875,86.6875,67.90504455566406,2963100
2000-12-18,89.0,90.875,85.875,85.9375,67.31755828857422,3077600
2000-12-19,87.25,95.0,86.5,89.375,70.01022338867188,6007800
2000-12-20,87.75,93.125,87.75,90.0,70.49983978271484,3840500
2000-12-21,90.0,94.9375,88.6875,93.8125,73.48625183105469,3072000
2000-12-22,95.5,100.5625,94.0625,98.8125,77.40290832519531,2642900
2000-12-26,98.5,102.5625,97.375,101.8125,79.7529067993164,2198000
2000-12-27,100.5,102.9375,100.0,101.875,79.80184936523438,1782500
2000-12-28,101.0,107.5,101.0,107.125,83.91431427001953,2483600
2000-12-29,107.1875,108.375,106.3125,106.9375,83.7674560546875,2075000
2001-01-02,104.375,105.5,97.5,100.25,78.52893829345703,3202400
2001-01-03,100.0625,115.5,98.875,115.5,90.4747543334961,7355200
2001-01-04,113.75,116.75,111.0,112.75,88.32058715820312,5867200
2001-01-05,109.0,111.0,105.75,107.875,84.50184631347656,4328600
2001-01-08,106.5,107.3125,102.625,106.375,83.32685852050781,2169500
2001-01-09,107.625,108.5,103.3125,104.75,82.05396270751953,2295200
2001-01-10,102.25,108.9375,102.25,108.5,84.99140930175781,2716200
2001-01-11,108.5,112.125,107.5,110.5,86.55809783935547,3674000
2001-01-12,110.4375,110.875,108.75,108.75,85.18728637695312,1806000
2001-01-16,108.8125,113.0,108.0625,110.0,86.16645812988281,2267800
2001-01-17,109.75,114.875,109.3125,110.0,86.16645812988281,3212700
2001-01-18,109.5,109.875,107.25,107.5,84.30006408691406,2583900
2001-01-19,108.0,111.0,107.8125,110.9375,86.99568176269531,2760600
2001-01-22,110.9375,115.0,110.875,113.125,88.71112823486328,2783800
2001-01-23,114.25,116.25,114.0,116.0,90.96564483642578,3270900
2001-01-24,115.0,120.0,114.0,117.875,92.43597412109375,5110600
2001-01-25,117.875,117.875,113.125,113.5625,89.05421447753906,2724100
2001-01-26,113.0,115.0,111.5625,114.6875,89.9363784790039,2446000
2001-01-29,114.5,117.75,114.5,115.91000366210938,90.89506530761719,1630200
2001-01-30,116.9000015258789,118.69999694824219,114.05999755859375,118.62000274658203,93.02021026611328,1700000
2001-01-31,118.62000274658203,119.75,113.08000183105469,113.75,89.20123291015625,3500600
2001-02-01,114.9000015258789,118.5,114.5,118.19999694824219,92.69086456298828,2579800
2001-02-02,117.5999984741211,118.8499984741211,113.94999694824219,113.95999908447266,89.36589813232422,2158900
2001-02-05,113.75,114.0,111.25,112.0999984741211,87.90731048583984,2540100
2001-02-06,112.94999694824219,112.94999694824219,108.3499984741211,108.94999694824219,85.43711853027344,2246600
2001-02-07,109.4000015258789,109.94999694824219,104.08000183105469,105.19999694824219,82.49644470214844,3138200
2001-02-08,105.69999694824219,108.44999694824219,105.30000305175781,105.94999694824219,83.08457946777344,2716600
2001-02-09,105.0999984741211,109.0,103.0999984741211,107.75,84.49610900878906,2742100
2001-02-12,107.69999694824219,109.5,105.5,109.5,85.86843872070312,1952500
2001-02-13,109.9000015258789,110.6500015258789,105.0,105.9000015258789,83.04537963867188,2213400
2001-02-14,106.4000015258789,106.5,103.38999938964844,104.25,81.75144958496094,2401000
2001-02-15,105.94999694824219,108.25,103.69999694824219,107.19999694824219,84.06480407714844,3020000
2001-02-16,104.5,105.30000305175781,101.30000305175781,101.5,79.59494018554688,2620200
2001-02-20,102.0999984741211,102.11000061035156,94.3499984741211,96.0,75.28189849853516,3273600
2001-02-21,96.0,98.5999984741211,93.61000061035156,94.4000015258789,74.0272445678711,4273900
2001-02-22,94.41000366210938,97.5,91.26000213623047,97.19999694824219,76.2229232788086,4517900
2001-02-23,96.19999694824219,97.0999984741211,90.25,96.04000091552734,75.31328582763672,4350600
2001-02-26,96.1500015258789,98.5,92.62999725341797,98.30000305175781,77.08552551269531,3882100
2001-02-27,97.75,100.5,96.51000213623047,98.33999633789062,77.11689758300781,4132200
2001-02-28,97.0999984741211,97.11000061035156,91.2699966430664,91.75,71.94913482666016,4745600
2001-03-01,89.4000015258789,91.80000305175781,87.19999694824219,91.61000061035156,71.83932495117188,5330800
2001-03-02,90.30000305175781,93.5999984741211,89.0999984741211,91.4000015258789,71.67466735839844,4105500
2001-03-05,91.4000015258789,93.0,88.72000122070312,92.1500015258789,72.26280212402344,2837300
2001-03-06,93.94999694824219,97.5,93.3499984741211,95.3499984741211,74.77220153808594,3156800
2001-03-07,95.11000061035156,95.6500015258789,92.6500015258789,94.94999694824219,74.45849609375,3780200
2001-03-08,94.8499984741211,95.69999694824219,90.6500015258789,91.75,71.94913482666016,3078300
2001-03-09,91.61000061035156,91.62000274658203,86.9000015258789,87.0,68.22425842285156,2968600
2001-03-12,86.05000305175781,86.5,81.56999969482422,82.48999786376953,64.68758392333984,4860800
2001-03-13,84.75,87.75,83.5,87.51000213623047,68.62416076660156,4596400
2001-03-14,84.9000015258789,87.88999938964844,83.11000061035156,83.91000366210938,65.8011245727539,6390800
2001-03-15,86.0,89.91000366210938,85.8499984741211,87.94999694824219,68.9692153930664,4706900
2001-03-16,90.5,91.0,87.05000305175781,87.55000305175781,68.65552520751953,4385300
2001-03-19,89.0,91.55000305175781,88.25,90.94000244140625,71.31390380859375,3205100
2001-03-20,92.0,92.5,87.05999755859375,87.05999755859375,68.27128601074219,7271300
2001-03-21,87.0999984741211,89.5,84.8499984741211,85.0,66.65584564208984,5204200
2001-03-22,84.75,88.5,81.0,85.91000366210938,67.36945343017578,5776900
2001-03-23,87.5,89.87999725341797,86.9000015258789,89.80999755859375,70.42780303955078,4026900
2001-03-26,89.80999755859375,92.5,88.56999969482422,89.23999786376953,69.98081970214844,3292600
2001-03-27,87.75,93.5,87.4000015258789,93.5,73.32144927978516,3700100
2001-03-28,92.0,92.0,86.5,87.25,68.42027282714844,4127400
2001-03-29,86.68000030517578,89.6500015258789,86.0,88.0999984741211,69.08685302734375,3472000
2001-03-30,87.9000015258789,89.47000122070312,85.0999984741211,85.0999984741211,66.73429107666016,2855900
2001-04-02,85.0999984741211,87.19999694824219,84.0,84.16000366210938,65.9971694946289,2939800
2001-04-03,84.0999984741211,84.9000015258789,80.9800033569336,81.30999755859375,63.76222610473633,3203600
2001-04-04,80.5999984741211,81.75,77.0,77.52999877929688,60.797969818115234,6130100
2001-04-05,80.0,86.0,79.9000015258789,86.0,67.44005584716797,5193500
2001-04-06,84.0,85.55999755859375,82.83999633789062,84.19999694824219,66.0285415649414,4452100
2001-04-09,85.75,87.25,82.61000061035156,84.0,65.8716812133789,2884500
2001-04-10,85.5999984741211,89.4800033569336,85.51000213623047,87.80999755859375,68.85941314697266,2955000
2001-04-11,91.5,91.94999694824219,89.5,91.30000305175781,71.59626770019531,3427000
2001-04-12,89.5999984741211,94.0,89.0999984741211,94.0,73.71354675292969,3024400
2001-04-16,94.0,94.25,91.77999877929688,91.77999877929688,71.97264099121094,2725300
2001-04-17,90.80000305175781,94.5,90.55000305175781,93.0999984741211,73.00778198242188,2838900
2001-04-18,95.25,102.5,95.0999984741211,99.6500015258789,78.14420318603516,5979300
2001-04-19,98.1500015258789,99.88999938964844,95.5,97.69000244140625,76.6072006225586,3918600
2001-04-20,95.5,96.44999694824219,94.5,95.66000366210938,75.10755920410156,2297300
2001-04-23,94.0,94.75,92.5,92.95999908447266,72.9876708984375,2063400
2001-04-24,92.69999694824219,93.73999786376953,91.1500015258789,91.4000015258789,71.7628173828125,2786500
2001-04-25,90.0,93.30000305175781,89.69999694824219,92.81999969482422,72.87773132324219,3109700
2001-04-26,92.81999969482422,96.0999984741211,91.5,92.48999786376953,72.61863708496094,4163200
2001-04-27,92.0,94.69000244140625,91.94999694824219,92.94000244140625,72.97196197509766,4054700
2001-04-30,95.08000183105469,95.08000183105469,91.0,91.0999984741211,71.52729034423828,2716800
2001-05-01,90.0,93.0999984741211,89.29000091552734,92.6500015258789,72.7442626953125,3781600
2001-05-02,94.4000015258789,98.5,93.94999694824219,98.0,76.94482421875,4391200
2001-05-03,96.1500015258789,96.75,95.13999938964844,96.0,75.37454223632812,3092900
2001-05-04,94.0,97.80000305175781,93.80000305175781,97.19999694824219,76.3166732788086,3000400
2001-05-07,96.19999694824219,98.19999694824219,95.69000244140625,96.01000213623047,75.38236236572266,2135600
2001-05-08,96.0999984741211,96.55000305175781,95.0199966430664,95.25,74.78567504882812,1935100
2001-05-09,94.94000244140625,96.1500015258789,94.44999694824219,94.66000366210938,74.32240295410156,1931800
2001-05-10,95.91000366210938,97.6500015258789,94.48999786376953,94.51000213623047,74.20462799072266,1935600
2001-05-11,94.4000015258789,97.0,92.5,92.8499984741211,72.9012680053711,2591600
2001-05-14,92.4000015258789,94.25,92.27999877929688,94.0999984741211,73.88268280029297,1616200
2001-05-15,94.11000061035156,95.69999694824219,93.19999694824219,94.8499984741211,74.47157287597656,2560400
2001-05-16,94.5999984741211,99.94999694824219,92.5,99.94999694824219,78.47586059570312,3089700
2001-05-17,99.25,100.5999984741211,97.8499984741211,97.94999694824219,76.90557861328125,2270500
2001-05-18,97.9000015258789,97.9000015258789,96.75,97.25,76.35596466064453,1977200
2001-05-21,97.75,101.98999786376953,97.0,101.9000015258789,80.00689697265625,2332600
2001-05-22,102.5999984741211,105.1500015258789,102.30999755859375,103.29000091552734,81.09823608398438,2288500
2001-05-23,102.29000091552734,102.30000305175781,99.19999694824219,99.30000305175781,77.96553802490234,3134600
2001-05-24,99.0,100.25,98.05000305175781,99.8499984741211,78.39730834960938,1817000
2001-05-25,99.9000015258789,99.9000015258789,97.5199966430664,97.95999908447266,76.91340637207031,1234800
2001-05-29,97.5,97.5999984741211,95.20999908447266,96.87999725341797,76.0654296875,2251400
2001-05-30,95.55000305175781,96.75,94.4000015258789,94.76000213623047,74.40091705322266,2355000
2001-05-31,94.55000305175781,95.8499984741211,94.48999786376953,95.0999984741211,74.6678466796875,1893200
2001-06-01,95.48999786376953,96.69999694824219,93.9000015258789,96.69999694824219,75.92411804199219,1920900
2001-06-04,96.19999694824219,96.9000015258789,95.25,96.51000213623047,75.7749252319336,1198400
2001-06-05,97.0999984741211,98.13999938964844,97.0,97.3499984741211,76.43445587158203,1376800
2001-06-06,96.30000305175781,96.30000305175781,94.69000244140625,95.54000091552734,75.01336669921875,1962000
2001-06-07,95.54000091552734,97.06999969482422,94.55999755859375,96.9000015258789,76.08113861083984,1536900
2001-06-08,96.9000015258789,96.9000015258789,95.25,95.36000061035156,74.87201690673828,924900
2001-06-11,95.19999694824219,95.6500015258789,91.9000015258789,92.01000213623047,72.24177551269531,2673700
2001-06-12,91.19999694824219,91.94999694824219,90.05999755859375,91.86000061035156,72.12397003173828,2592500
2001-06-13,91.55999755859375,92.9800033569336,89.06999969482422,89.16000366210938,70.00408935546875,2178300
2001-06-14,89.05000305175781,89.44999694824219,87.0,87.01000213623047,68.31600952148438,2714200
2001-06-15,86.75,90.0,86.05000305175781,89.29000091552734,70.10614776611328,3025300
2001-06-18,88.80000305175781,89.87999725341797,88.0,88.6500015258789,69.6036605834961,1799400
2001-06-19,90.5,91.5,87.75,88.18000030517578,69.23462677001953,4292900
2001-06-20,87.5999984741211,89.0,86.43000030517578,88.4000015258789,69.4073715209961,3849500
2001-06-21,87.75,93.51000213623047,87.75,93.0,73.01904296875,3880900
2001-06-22,92.4000015258789,92.8499984741211,91.08999633789062,92.0999984741211,72.31243133544922,2606300
2001-06-25,92.8499984741211,92.8499984741211,90.5999984741211,90.94999694824219,71.40945434570312,1260700
2001-06-26,89.0,90.30000305175781,87.5,90.30000305175781,70.89913940429688,3260600
2001-06-27,89.01000213623047,91.5,87.5,87.5,68.70069885253906,3496800
2001-06-28,88.0999984741211,89.8499984741211,86.23999786376953,86.5999984741211,67.9941177368164,3007200
2001-06-29,87.0,87.23999786376953,84.5,85.80000305175781,67.36595153808594,4347900
2001-07-02,85.94999694824219,85.94999694824219,84.44999694824219,84.5999984741211,66.42375946044922,2441400
2001-07-03,84.5999984741211,85.1500015258789,83.75,84.0,65.95268249511719,1789700
2001-07-05,83.75,85.38999938964844,83.5,84.0,65.95268249511719,2055300
2001-07-06,83.75,83.75,81.69999694824219,83.0999984741211,65.24603271484375,2206600
2001-07-09,82.5999984741211,82.9000015258789,81.25,81.91000366210938,64.31171417236328,2765400
2001-07-10,82.25,82.8499984741211,81.13999938964844,81.5999984741211,64.0683364868164,2444600
2001-07-11,81.25,81.94999694824219,80.0,81.5999984741211,64.0683364868164,2863700
2001-07-12,83.5,86.8499984741211,83.08000183105469,86.55000305175781,67.95482635498047,3151600
2001-07-13,86.0,88.0,85.62000274658203,86.1500015258789,67.6407470703125,1880300
2001-07-16,85.9000015258789,87.13999938964844,82.0,83.4000015258789,65.48160552978516,2713000
2001-07-17,82.9000015258789,86.47000122070312,81.6500015258789,85.8499984741211,67.40524291992188,2687400
2001-07-18,83.8499984741211,85.0999984741211,82.30000305175781,84.0,65.95268249511719,2376100
2001-07-19,85.0,85.5,81.6500015258789,83.0,65.16751861572266,2470600
2001-07-20,82.8499984741211,83.80000305175781,82.05000305175781,82.94999694824219,65.12828063964844,2190000
2001-07-23,83.75,84.97000122070312,81.58999633789062,81.73999786376953,64.17828369140625,3210700
2001-07-24,81.30000305175781,82.55999755859375,80.75,81.8499984741211,64.2646255493164,2487700
2001-07-25,81.94999694824219,83.19999694824219,81.1500015258789,83.19999694824219,65.32456970214844,1863500
2001-07-26,82.80000305175781,85.0,81.80000305175781,84.63999938964844,66.4551773071289,2567400
2001-07-27,84.5199966430664,86.08000183105469,83.5999984741211,84.81999969482422,66.6910629272461,1770100
2001-07-30,83.8499984741211,84.75,82.05999755859375,82.69000244140625,65.01631927490234,2174700
2001-07-31,82.44999694824219,84.9000015258789,82.06999969482422,83.16000366210938,65.3858642578125,2308100
2001-08-01,83.5,85.9000015258789,83.4000015258789,85.3499984741211,67.10779571533203,2082200
2001-08-02,85.94999694824219,87.5,85.94000244140625,86.30000305175781,67.85475158691406,2010800
2001-08-03,86.0999984741211,86.5,84.8499984741211,85.5,67.2257308959961,1420400
2001-08-06,84.8499984741211,85.05000305175781,83.69999694824219,83.94999694824219,66.0069808959961,1228500
2001-08-07,83.68000030517578,84.18000030517578,82.7699966430664,83.54000091552734,65.6846694946289,1744000
2001-08-08,82.9000015258789,83.94999694824219,81.80000305175781,81.80000305175781,64.31653594970703,1921200
2001-08-09,80.5999984741211,80.76000213623047,78.94999694824219,80.05000305175781,62.94057846069336,3954300
2001-08-10,79.80999755859375,80.80000305175781,78.55000305175781,80.80000305175781,63.5302848815918,2591000
2001-08-13,80.1500015258789,82.58999633789062,79.94999694824219,82.19999694824219,64.63106536865234,2396800
2001-08-14,82.19999694824219,83.4000015258789,81.30000305175781,81.30000305175781,63.92341613769531,2258600
2001-08-15,81.5,82.16999816894531,80.80999755859375,81.8499984741211,64.35588073730469,2309300
2001-08-16,81.30000305175781,81.8499984741211,79.95999908447266,81.0999984741211,63.766151428222656,2545200
2001-08-17,80.05000305175781,80.1500015258789,77.05000305175781,77.25,60.73899459838867,4275400
2001-08-20,77.26000213623047,78.05999755859375,77.26000213623047,77.83999633789062,61.20293045043945,2560400
2001-08-21,77.83000183105469,79.69000244140625,75.4000015258789,75.4000015258789,59.28444290161133,3768800
2001-08-22,75.41000366210938,77.5,75.05000305175781,77.5,60.93560028076172,4084400
2001-08-23,77.2699966430664,77.9800033569336,76.80000305175781,77.69999694824219,61.092857360839844,2108800
2001-08-24,78.0,81.5,77.9000015258789,81.30000305175781,63.92341613769531,2903600
2001-08-27,81.30000305175781,82.80000305175781,80.5,81.9000015258789,64.39521789550781,2368800
2001-08-28,81.9000015258789,82.02999877929688,80.51000213623047,81.05000305175781,63.726829528808594,3512900
2001-08-29,81.05000305175781,81.55000305175781,79.80000305175781,80.80000305175781,63.5302848815918,2578800
2001-08-30,80.05000305175781,80.30000305175781,78.5,79.61000061035156,62.594642639160156,3152600
2001-08-31,79.69999694824219,81.4000015258789,79.01000213623047,80.0999984741211,62.979881286621094,2008900
2001-09-04,79.94999694824219,81.44999694824219,79.25,79.62000274658203,62.602481842041016,2620700
2001-09-05,80.6500015258789,81.4000015258789,78.0999984741211,78.55000305175781,61.76118469238281,3372100
2001-09-06,78.0,78.80000305175781,76.6500015258789,77.0999984741211,60.621116638183594,2891400
2001-09-07,77.0999984741211,77.4000015258789,74.0,74.4800033569336,58.56107711791992,3726700
2001-09-10,74.4800033569336,76.76000213623047,73.5,76.19999694824219,59.9134407043457,2558900
2001-09-17,72.30000305175781,72.30999755859375,68.58000183105469,69.4000015258789,54.56685256958008,5765800
2001-09-18,69.9000015258789,70.0,66.27999877929688,67.5,53.072940826416016,3562500
2001-09-19,67.80000305175781,68.5,63.27000045776367,67.51000213623047,53.080810546875,5888500
2001-09-20,65.75,67.33999633789062,64.0999984741211,65.75,51.696990966796875,3923900
2001-09-21,65.76000213623047,68.25,63.290000915527344,67.69000244140625,53.22233200073242,5421300
2001-09-24,69.75,71.48999786376953,69.55999755859375,70.51000213623047,55.439613342285156,3071100
2001-09-25,70.5,72.2300033569336,69.5999984741211,70.02999877929688,55.06219482421875,3666700
2001-09-26,72.0,72.0,69.8499984741211,69.8499984741211,54.920658111572266,4862800
2001-09-27,69.8499984741211,69.8499984741211,66.93000030517578,68.9000015258789,54.1737174987793,4743900
2001-09-28,69.5999984741211,72.9000015258789,69.51000213623047,71.3499984741211,56.100040435791016,3247900
2001-10-01,71.36000061035156,74.5,71.0,73.5,57.7905387878418,3606900
2001-10-02,73.5999984741211,74.30000305175781,72.43000030517578,73.5999984741211,57.86917495727539,3034600
2001-10-03,73.3499984741211,76.94999694824219,72.87999725341797,76.69000244140625,60.298736572265625,3492500
2001-10-04,76.69999694824219,80.0,76.33000183105469,79.0,62.114994049072266,6241700
2001-10-05,79.01000213623047,79.01000213623047,75.87999725341797,76.25,59.95277404785156,5424500
2001-10-08,76.26000213623047,76.5999984741211,74.3499984741211,75.30000305175781,59.2058219909668,3023300
2001-10-09,75.4000015258789,78.1500015258789,75.0,77.93000030517578,61.273704528808594,2759300
2001-10-10,77.93000030517578,81.19999694824219,77.30000305175781,80.70999908447266,63.45952224731445,3811500
2001-10-11,82.0,85.3499984741211,82.0,83.8499984741211,65.92835235595703,6393700
2001-10-12,82.8499984741211,83.69999694824219,80.75,82.80000305175781,65.10279083251953,3623000
2001-10-15,82.55000305175781,85.08999633789062,81.5199966430664,84.4000015258789,66.36087036132812,3382300
2001-10-16,84.5999984741211,86.5,83.5999984741211,84.25,66.24288940429688,3315600
2001-10-17,85.5999984741211,86.06999969482422,82.05999755859375,82.06999969482422,64.5288314819336,3978900
2001-10-18,82.19999694824219,83.44999694824219,80.80999755859375,81.41000366210938,64.0099105834961,3086300
2001-10-19,81.05000305175781,81.05999755859375,79.1500015258789,79.75,62.7047004699707,3832200
2001-10-22,79.75,81.94000244140625,79.51000213623047,81.5999984741211,64.15931701660156,4297200
2001-10-23,81.61000061035156,83.0,81.4000015258789,81.5999984741211,64.15931701660156,2332100
2001-10-24,81.61000061035156,81.8499984741211,80.1500015258789,80.5,63.29438400268555,2523500
2001-10-25,79.69999694824219,81.5,78.6500015258789,81.4000015258789,64.09757232666016,3672800
2001-10-26,81.1500015258789,83.25,81.12000274658203,83.12000274658203,65.45196533203125,2734200
2001-10-29,83.12000274658203,83.12000274658203,80.8499984741211,80.8499984741211,63.66444778442383,2224900
2001-10-30,80.19999694824219,81.3499984741211,79.0999984741211,80.05000305175781,63.0345458984375,2467000
2001-10-31,81.1500015258789,81.5,78.0,78.16000366210938,61.54630661010742,3360800
2001-11-01,78.5,80.80000305175781,77.30999755859375,80.69999694824219,63.54636764526367,3166800
2001-11-02,80.5,82.44999694824219,80.30000305175781,82.25,64.76691436767578,2721800
2001-11-05,83.75,85.4000015258789,83.33000183105469,84.70999908447266,66.70398712158203,3141900
2001-11-06,84.4000015258789,86.5999984741211,84.0,86.5,68.11351776123047,3426500
2001-11-07,86.0,87.66000366210938,85.55000305175781,87.5,68.90095520019531,3268700
2001-11-08,87.69999694824219,88.80000305175781,86.58000183105469,86.69999694824219,68.2710189819336,2934000
2001-11-09,86.30000305175781,87.75,85.4000015258789,86.86000061035156,68.39701843261719,1373300
2001-11-12,86.86000061035156,88.0999984741211,85.5,88.0999984741211,69.37344360351562,2217300
2001-11-13,89.94999694824219,91.5,89.83999633789062,91.05000305175781,71.69641876220703,3791200
2001-11-14,92.75,92.75,90.5999984741211,91.5,72.05072784423828,3968800
2001-11-15,89.69000244140625,90.69999694824219,88.2300033569336,88.69999694824219,69.84590911865234,4265000
2001-11-16,88.5999984741211,88.8499984741211,87.5,87.75,69.09783935546875,2354900
2001-11-19,88.75,90.55000305175781,88.48999786376953,90.55000305175781,71.30267333984375,2483500
2001-11-20,90.05000305175781,91.23999786376953,89.19999694824219,89.75,70.6727294921875,1912900
2001-11-21,88.9000015258789,89.30000305175781,87.5,88.1500015258789,69.41280364990234,1806400
2001-11-23,88.80000305175781,90.4000015258789,88.63999938964844,90.1500015258789,70.98770904541016,837500
2001-11-26,90.05000305175781,91.94000244140625,80.80000305175781,91.44000244140625,72.00347137451172,1847400
2001-11-27,90.3499984741211,90.94999694824219,89.6500015258789,90.0,70.86956024169922,2477900
2001-11-28,89.5999984741211,89.79000091552734,86.5,86.80999755859375,68.3576431274414,3780000
2001-11-29,86.80999755859375,89.5999984741211,85.77999877929688,89.3499984741211,70.35771942138672,3860100
2001-11-30,88.75,89.3499984741211,87.55000305175781,89.0,70.08211517333984,2567900
2001-12-03,88.0,88.0,85.55000305175781,86.01000213623047,67.7276840209961,2880100
2001-12-04,87.0,87.66999816894531,85.7699966430664,87.16999816894531,68.64111328125,2795000
2001-12-05,89.1500015258789,92.4000015258789,88.75,92.4000015258789,72.7594223022461,4415900
2001-12-06,92.4000015258789,95.16999816894531,92.05000305175781,93.9000015258789,73.94059753417969,4878900
2001-12-07,93.69999694824219,93.70999908447266,91.19999694824219,91.61000061035156,72.13733673095703,3220700
2001-12-10,91.5,92.19999694824219,90.9000015258789,91.3499984741211,71.93262481689453,1429700
2001-12-11,91.36000061035156,93.5999984741211,90.86000061035156,91.81999969482422,72.30274200439453,2705000
2001-12-12,91.8499984741211,92.80000305175781,90.80000305175781,92.7300033569336,73.019287109375,2383700
2001-12-13,91.11000061035156,93.0199966430664,90.75,91.0,71.65705108642578,2442800
2001-12-14,91.0999984741211,91.75,88.5,89.66000366210938,70.60187530517578,3337900
2001-12-17,89.66000366210938,90.5,88.69999694824219,89.13999938964844,70.19235229492188,2026800
2001-12-18,89.13999938964844,90.8499984741211,88.69999694824219,90.80000305175781,71.49952697753906,2279700
2001-12-19,90.6500015258789,94.4800033569336,90.19999694824219,94.41000366210938,74.34219360351562,4382000
2001-12-20,94.0,94.73999786376953,92.01000213623047,92.30999755859375,72.68856048583984,3428700
2001-12-21,92.30999755859375,92.72000122070312,91.12000274658203,92.30999755859375,72.68856048583984,2180000
2001-12-24,92.30999755859375,92.76000213623047,92.01000213623047,92.47000122070312,72.8145523071289,758000
2001-12-26,92.41000366210938,93.69999694824219,92.0999984741211,92.80000305175781,73.07439422607422,1253200
2001-12-27,91.80000305175781,92.94999694824219,91.80000305175781,92.12000274658203,72.53897094726562,1705200
2001-12-28,92.69999694824219,93.79000091552734,92.33999633789062,93.2699966430664,73.44448852539062,1392600
2001-12-31,93.02999877929688,93.80000305175781,92.72000122070312,92.75,73.03500366210938,1228700
2002-01-02,92.80000305175781,92.80999755859375,89.2699966430664,91.06999969482422,71.71214294433594,3592600
2002-01-03,91.06999969482422,92.6500015258789,90.7699966430664,92.44999694824219,72.7988052368164,2645700
2002-01-04,94.3499984741211,96.77999877929688,94.3499984741211,96.75,76.18479919433594,5745900
2002-01-07,97.25,97.25,95.05000305175781,95.75,75.39733123779297,3136700
2002-01-08,93.25,93.55000305175781,92.19999694824219,92.5,72.83816528320312,5830800
2002-01-09,93.0,95.0199966430664,92.9000015258789,93.75,73.8224868774414,5142100
2002-01-10,93.75,94.19999694824219,92.5999984741211,93.0,73.23190307617188,3104600
2002-01-11,93.05000305175781,93.05000305175781,90.70999908447266,91.1500015258789,71.7751235961914,3635000
2002-01-14,91.0,91.01000213623047,89.20999908447266,89.97000122070312,70.84596252441406,3127400
2002-01-15,90.19999694824219,91.0,89.5,89.9000015258789,70.79084777832031,2779700
2002-01-16,89.0,89.75,88.02999877929688,88.62999725341797,69.790771484375,3356600
2002-01-17,89.44999694824219,91.0,89.0999984741211,89.86000061035156,70.85528564453125,3029000
2002-01-18,89.0,89.80000305175781,88.20999908447266,89.20999908447266,70.34272766113281,2703600
2002-01-22,89.25,89.63999938964844,86.76000213623047,86.9800033569336,68.58438873291016,3138900
2002-01-23,87.0999984741211,88.37999725341797,85.77999877929688,87.25,68.79725646972656,3026600
2002-01-24,87.98999786376953,89.48999786376953,85.05999755859375,85.5,67.41736602783203,4284200
2002-01-25,85.38999938964844,88.68000030517578,85.3499984741211,87.30000305175781,68.836669921875,4547500
2002-01-28,88.5,88.95999908447266,86.9000015258789,87.8499984741211,69.27037048339844,2791500
2002-01-29,88.80000305175781,88.80000305175781,83.6500015258789,84.4800033569336,66.61308288574219,5562400
2002-01-30,84.4800033569336,86.08999633789062,81.5999984741211,86.0,67.81163024902344,6734500
2002-01-31,86.5,87.19999694824219,84.66000366210938,86.9800033569336,68.58438873291016,4017700
2002-02-01,86.48999786376953,86.5,85.13999938964844,85.4000015258789,67.33853149414062,2869400
2002-02-04,84.19999694824219,84.5,81.5,82.5,65.0518798828125,4878400
2002-02-05,81.80000305175781,82.55999755859375,80.5199966430664,81.04000091552734,63.90066909790039,3495300
2002-02-06,81.0999984741211,82.30000305175781,80.11000061035156,81.9000015258789,64.57872772216797,4392100
2002-02-07,82.0,83.37000274658203,80.16999816894531,81.11000061035156,63.95581817626953,4107300
2002-02-08,81.9000015258789,84.5,81.63999938964844,83.80000305175781,66.07691955566406,3830700
2002-02-11,83.0999984741211,84.9800033569336,82.5999984741211,84.8499984741211,66.90483856201172,2537800
2002-02-12,84.69999694824219,84.70999908447266,83.4800033569336,83.5,65.84033966064453,2249600
2002-02-13,83.75,85.38999938964844,83.7300033569336,84.58000183105469,66.6919174194336,2525500
2002-02-14,85.44999694824219,86.5,84.5999984741211,85.11000061035156,67.10982513427734,3575400
2002-02-15,85.11000061035156,85.11000061035156,82.61000061035156,82.76000213623047,65.25686645507812,3673000
2002-02-19,82.76000213623047,82.7699966430664,78.1500015258789,78.5199966430664,61.91358184814453,6216300
2002-02-20,78.5,80.5999984741211,77.5199966430664,80.5999984741211,63.553672790527344,5059900
2002-02-21,80.0999984741211,82.80000305175781,79.0999984741211,79.47000122070312,62.662654876708984,3944600
2002-02-22,79.4800033569336,79.5,77.75,79.0,62.292076110839844,4342500
2002-02-25,79.69999694824219,82.0,78.77999877929688,81.95999908447266,64.62603759765625,3690900
2002-02-26,81.95999908447266,82.75,80.75,81.4000015258789,64.18448638916016,2792900
2002-02-27,82.05000305175781,83.19999694824219,80.25,80.88999938964844,63.78232955932617,3410600
2002-02-28,81.19999694824219,82.5,80.6500015258789,80.94000244140625,63.821773529052734,2704600
2002-03-01,81.5,83.66000366210938,80.8499984741211,83.47000122070312,65.81671905517578,3703200
2002-03-04,84.44999694824219,89.5,84.30000305175781,89.0999984741211,70.2560043334961,4760300
2002-03-05,89.0,90.5199966430664,88.0999984741211,89.5199966430664,70.5871810913086,4597900
2002-03-06,90.0999984741211,91.5,88.80000305175781,90.87000274658203,71.65167236328125,5212700
2002-03-07,91.4000015258789,92.25,89.30000305175781,89.95999908447266,70.9341049194336,3274000
2002-03-08,90.19999694824219,91.5999984741211,89.12000274658203,90.29000091552734,71.19432067871094,3537500
2002-03-11,90.29000091552734,91.5,89.63999938964844,90.69999694824219,71.51760864257812,2281900
2002-03-12,89.30000305175781,90.61000061035156,88.98999786376953,89.80000305175781,70.80796813964844,2705200
2002-03-13,89.80000305175781,89.80000305175781,87.62999725341797,88.0,69.38861846923828,2817500
2002-03-14,88.01000213623047,88.5999984741211,87.19999694824219,88.4000015258789,69.70406341552734,1857100
2002-03-15,88.94999694824219,90.02999877929688,88.25,90.0,70.96562957763672,1905900
2002-03-18,90.0,91.0,89.0,89.19999694824219,70.33484649658203,2595300
2002-03-19,90.94999694824219,91.4000015258789,90.30000305175781,91.05000305175781,71.79359436035156,3836000
2002-03-20,90.44999694824219,91.1500015258789,89.5,89.8499984741211,70.8473892211914,2511600
2002-03-21,89.5,91.0,88.69999694824219,90.3499984741211,71.24164581298828,2097700
2002-03-22,90.05000305175781,90.8499984741211,89.25,89.7300033569336,70.75273895263672,2064000
2002-03-25,89.8499984741211,90.19000244140625,87.94999694824219,88.02999877929688,69.41228485107422,2448400
2002-03-26,88.05000305175781,89.80000305175781,87.9800033569336,88.8499984741211,70.05891418457031,2990200
2002-03-27,89.7300033569336,89.87999725341797,88.69000244140625,89.30000305175781,70.4137191772461,2372600
2002-03-28,89.0999984741211,90.94999694824219,88.95999908447266,90.25,71.16278839111328,2696000
2002-04-01,89.4000015258789,89.44999694824219,88.0,88.47000122070312,69.75922393798828,2711500
2002-04-02,87.69999694824219,88.25,87.23999786376953,87.52999877929688,69.01808166503906,2226100
2002-04-03,87.75,87.9000015258789,86.08999633789062,86.45999908447266,68.1743392944336,2619200
2002-04-04,86.0999984741211,87.5,85.80000305175781,86.55000305175781,68.24533081054688,2075300
2002-04-05,87.25,87.87000274658203,86.0,86.1500015258789,67.9299087524414,2209900
2002-04-08,85.05000305175781,86.30000305175781,84.94999694824219,86.05999755859375,67.85894012451172,2538600
2002-04-09,85.8499984741211,86.8499984741211,84.51000213623047,84.5999984741211,66.70770263671875,2844800
2002-04-10,84.80000305175781,85.58999633789062,83.22000122070312,84.48999786376953,66.62097930908203,3825200
2002-04-11,83.9000015258789,84.0999984741211,80.3499984741211,81.23999786376953,64.05828857421875,5272100
2002-04-12,81.75,83.01000213623047,81.6500015258789,83.0,65.44609832763672,5215500
2002-04-15,82.52999877929688,83.44000244140625,81.44999694824219,81.5999984741211,64.34219360351562,2664100
2002-04-16,82.3499984741211,85.2300033569336,82.3499984741211,84.58999633789062,66.6998291015625,3260500
2002-04-17,84.62999725341797,86.47000122070312,83.94999694824219,85.05000305175781,67.06254577636719,2970700
2002-04-18,85.05999755859375,85.5,83.26000213623047,84.5199966430664,66.64458465576172,2494900
2002-04-19,85.0,87.0,84.63999938964844,86.30999755859375,68.05607604980469,3567900
2002-04-22,85.5,86.05000305175781,84.0999984741211,84.0999984741211,66.31348419189453,2826500
2002-04-23,84.19999694824219,84.3499984741211,81.5999984741211,81.5999984741211,64.34219360351562,3413800
2002-04-24,82.19999694824219,82.37999725341797,79.48999786376953,79.48999786376953,62.67841720581055,4664200
2002-04-25,79.0,79.5999984741211,75.80000305175781,77.20999908447266,60.88063049316406,5830000
2002-04-26,79.0,79.94999694824219,78.69999694824219,79.1500015258789,62.507469177246094,5930300
2002-04-29,79.16000366210938,80.69999694824219,77.47000122070312,78.5,61.994205474853516,4251500
2002-04-30,78.25,79.94999694824219,78.0,78.75,62.191619873046875,3802700
2002-05-01,78.55000305175781,79.75,77.0,79.20999908447266,62.55488204956055,4153900
2002-05-02,80.0,81.0,79.80000305175781,80.70999908447266,63.7394905090332,4576800
2002-05-03,80.30999755859375,80.31999969482422,78.44999694824219,78.55000305175781,62.03367233276367,3450400
2002-05-06,78.80000305175781,79.08999633789062,75.1500015258789,75.16000366210938,59.35646057128906,3258900
2002-05-07,76.0,76.0999984741211,74.0,74.8499984741211,59.11162567138672,4740400
2002-05-08,76.56999969482422,80.0999984741211,76.56999969482422,79.5,62.7839241027832,4604100
2002-05-09,78.9000015258789,79.5999984741211,78.30000305175781,78.63999938964844,62.10470962524414,3616700
2002-05-10,78.63999938964844,78.63999938964844,76.25,76.75,60.612144470214844,2895700
2002-05-13,76.6500015258789,78.48999786376953,75.97000122070312,78.11000061035156,61.68617630004883,2864100
2002-05-14,79.8499984741211,80.0999984741211,78.19999694824219,79.30000305175781,62.6259651184082,3574300
2002-05-15,79.19999694824219,80.5,78.62000274658203,79.45999908447266,62.7523307800293,3011500
2002-05-16,79.62999725341797,80.5,79.4000015258789,80.05000305175781,63.21826171875,2797900
2002-05-17,80.69999694824219,80.8499984741211,79.7300033569336,80.5,63.5736198425293,3149600
2002-05-20,80.4000015258789,80.4800033569336,79.5999984741211,80.23999786376953,63.3682975769043,1968800
2002-05-21,80.58000183105469,82.0999984741211,78.76000213623047,79.19999694824219,62.54698944091797,3338600
2002-05-22,78.94999694824219,79.12000274658203,77.66000366210938,78.19999694824219,61.75727844238281,3699500
2002-05-23,78.75,79.44999694824219,77.8499984741211,79.16999816894531,62.52329635620117,3379600
2002-05-24,78.80000305175781,79.05999755859375,77.76000213623047,78.19000244140625,61.7493782043457,1150000
2002-05-28,78.30000305175781,78.38999938964844,75.80999755859375,76.9000015258789,60.73056411743164,2628600
2002-05-29,76.69999694824219,76.80000305175781,75.81999969482422,76.1500015258789,60.13828659057617,2049300
2002-05-30,76.1500015258789,76.30000305175781,74.25,75.08000183105469,59.29325866699219,3467600
2002-05-31,75.25,76.94000244140625,75.19999694824219,75.44999694824219,59.585453033447266,2759000
2002-06-03,75.44999694824219,75.80000305175781,73.38999938964844,73.79000091552734,58.27452087402344,3018900
2002-06-04,73.80000305175781,74.5999984741211,73.13999938964844,73.80000305175781,58.28243637084961,4054500
2002-06-05,74.80000305175781,75.75,74.36000061035156,75.75,59.82239532470703,3781800
2002-06-06,75.55000305175781,76.0,73.33000183105469,73.94999694824219,58.40086364746094,2711600
2002-06-07,72.75,74.95999908447266,72.5,73.94999694824219,58.40086364746094,3165700
2002-06-10,74.25,75.5999984741211,73.19999694824219,74.73999786376953,59.02476501464844,2265700
2002-06-11,75.0,75.33000183105469,72.0999984741211,72.0999984741211,56.939849853515625,2176300
2002-06-12,72.0999984741211,72.75,70.0999984741211,72.5,57.25576400756836,4614700
2002-06-13,72.37999725341797,72.91000366210938,71.1500015258789,71.30000305175781,56.30806350708008,2234200
2002-06-14,70.11000061035156,73.19999694824219,70.0,72.8499984741211,57.53217315673828,3239700
2002-06-17,73.19999694824219,75.5,73.19999694824219,75.33999633789062,59.49860763549805,3078200
2002-06-18,75.0,77.0199966430664,73.88999938964844,75.77999877929688,59.846099853515625,2993400
2002-06-19,74.9000015258789,75.69000244140625,74.02999877929688,74.44999694824219,58.795745849609375,2671000
2002-06-20,73.8499984741211,74.1500015258789,72.25,72.69999694824219,57.4137077331543,3556400
2002-06-21,72.70999908447266,72.9000015258789,70.1500015258789,70.55000305175781,55.71577835083008,4400100
2002-06-24,70.5999984741211,72.06999969482422,69.37999725341797,71.44999694824219,56.4265251159668,5527100
2002-06-25,72.44999694824219,73.70999908447266,71.3499984741211,71.3499984741211,56.347537994384766,5773000
2002-06-26,69.3499984741211,71.25,69.02999877929688,70.80000305175781,55.913211822509766,5441300
2002-06-27,72.0,73.0,70.66999816894531,73.0,57.65061950683594,4063800
2002-06-28,72.5,74.4000015258789,72.5,73.3499984741211,57.927032470703125,3451600
2002-07-01,73.75,74.2699966430664,71.0,71.13999938964844,56.18170166015625,3114800
2002-07-02,70.5199966430664,71.4000015258789,69.91000366210938,70.69999694824219,55.834251403808594,3978400
2002-07-03,69.91000366210938,70.94999694824219,69.0999984741211,70.19999694824219,55.43938446044922,3413900
2002-07-05,71.75,74.19999694824219,71.47000122070312,73.94999694824219,58.40086364746094,2084900
2002-07-08,73.75,74.98999786376953,73.05000305175781,73.5999984741211,58.124481201171875,3157000
2002-07-09,73.0999984741211,74.25,70.83000183105469,70.91000366210938,56.00008773803711,4185300
2002-07-10,73.3499984741211,74.4000015258789,70.98999786376953,71.55000305175781,56.505531311035156,11826900
2002-07-11,71.51000213623047,73.25,69.93000030517578,73.25,57.848045349121094,8892300
2002-07-12,72.75,73.7699966430664,72.12000274658203,73.1500015258789,57.76907730102539,4583400
2002-07-15,73.06999969482422,73.0999984741211,70.41999816894531,72.94999694824219,57.61113739013672,5979800
2002-07-16,71.52999877929688,73.1500015258789,71.4000015258789,72.6500015258789,57.374210357666016,6129200
2002-07-17,76.62999725341797,76.62999725341797,71.7300033569336,74.4800033569336,58.819454193115234,7505700
2002-07-18,74.48999786376953,76.01000213623047,74.19999694824219,75.5999984741211,59.703941345214844,8952500
2002-07-19,74.30000305175781,77.0,70.95999908447266,77.0,60.809574127197266,55185900
2002-07-22,74.5,74.69999694824219,71.8499984741211,72.0,56.86088943481445,18432400
2002-07-23,71.55000305175781,71.70999908447266,67.22000122070312,67.7300033569336,53.488739013671875,14447700
2002-07-24,67.7300033569336,71.29000091552734,65.55000305175781,70.8499984741211,55.95270538330078,12852000
2002-07-25,69.9000015258789,71.8499984741211,67.30000305175781,69.30999755859375,54.73652267456055,8214700
2002-07-26,69.5,69.9000015258789,68.19999694824219,69.58000183105469,55.045040130615234,5700700
2002-07-29,71.55000305175781,72.69999694824219,71.0999984741211,72.69999694824219,57.5132942199707,5980700
2002-07-30,72.19999694824219,75.1500015258789,72.05000305175781,73.9000015258789,58.462589263916016,5524200
2002-07-31,73.91000366210938,74.48999786376953,72.0999984741211,73.1500015258789,57.8692741394043,5047700
2002-08-01,73.1500015258789,74.18000030517578,71.7300033569336,71.98999786376953,56.95160675048828,3826900
2002-08-02,71.5,72.0,69.75,70.48999786376953,55.764930725097656,3932600
2002-08-05,70.48999786376953,70.48999786376953,67.75,68.05000305175781,53.83464813232422,4555300
2002-08-06,69.3499984741211,71.4800033569336,68.75,69.9000015258789,55.298213958740234,5498900
2002-08-07,70.8499984741211,71.44000244140625,68.9000015258789,70.94999694824219,56.128875732421875,5223800
2002-08-08,71.0999984741211,74.9000015258789,70.94999694824219,74.30000305175781,58.77906036376953,5175000
2002-08-09,73.69999694824219,75.87999725341797,73.12999725341797,75.44999694824219,59.6888313293457,4399600
2002-08-12,74.75,75.80000305175781,73.79000091552734,75.3499984741211,59.60971450805664,4323900
2002-08-13,75.2300033569336,77.9000015258789,74.20999908447266,74.79000091552734,59.16667938232422,7971500
2002-08-14,74.79000091552734,78.75,74.41999816894531,78.5,62.1016960144043,7010600
2002-08-15,79.0,79.9000015258789,77.80999755859375,79.55000305175781,62.93235397338867,7417400
2002-08-16,79.1500015258789,80.13999938964844,78.0999984741211,79.52999877929688,62.916534423828125,5253900
2002-08-19,79.52999877929688,81.97000122070312,79.2300033569336,81.5,64.4749755859375,4848700
2002-08-20,81.25,81.3499984741211,79.83000183105469,80.51000213623047,63.691810607910156,4701400
2002-08-21,79.94999694824219,80.0,78.4000015258789,79.87999725341797,63.19340896606445,5257300
2002-08-22,79.6500015258789,79.98999786376953,78.69999694824219,79.91000366210938,63.217140197753906,3525000
2002-08-23,79.0999984741211,79.0999984741211,77.51000213623047,78.30000305175781,61.94348907470703,2529800
2002-08-26,78.8499984741211,79.94999694824219,77.55000305175781,79.75,63.0905647277832,2462400
2002-08-27,80.02999877929688,80.73999786376953,78.68000030517578,79.0999984741211,62.57636642456055,3730600
2002-08-28,78.30000305175781,78.36000061035156,76.30000305175781,77.08000183105469,60.97833251953125,4212500
2002-08-29,75.75,77.8499984741211,75.5,77.37999725341797,61.215675354003906,3967100
2002-08-30,77.37999725341797,79.0999984741211,76.69999694824219,77.30000305175781,61.152400970458984,2988400
2002-09-03,76.05999755859375,76.0999984741211,73.5,73.75,58.343963623046875,5698000
2002-09-04,73.75,75.73999786376953,73.26000213623047,75.5,59.72840881347656,5099900
2002-09-05,73.30000305175781,73.98999786376953,72.04000091552734,72.88999938964844,57.66361999511719,7152200
2002-09-06,74.0,74.5,72.18000030517578,72.33999633789062,57.22846603393555,4495800
2002-09-09,71.69999694824219,74.9000015258789,71.29000091552734,74.30000305175781,58.77906036376953,4644100
2002-09-10,74.25,74.25,73.11000061035156,73.41000366210938,58.07495880126953,2995400
2002-09-11,74.75,75.25,73.44999694824219,73.69000244140625,58.29647445678711,2877900
2002-09-12,73.1500015258789,73.4800033569336,72.05999755859375,72.19999694824219,57.117733001708984,3514100
2002-09-13,72.05000305175781,73.30000305175781,71.8499984741211,73.0,57.75060272216797,3015400
2002-09-16,72.80000305175781,72.80999755859375,71.81999969482422,72.5999984741211,57.43416976928711,2142200
2002-09-17,73.44999694824219,73.69000244140625,70.69000244140625,70.87000274658203,56.06557846069336,4528400
2002-09-18,69.5,70.98999786376953,69.0999984741211,70.41000366210938,55.70164108276367,5394800
2002-09-19,69.37999725341797,69.38999938964844,67.0999984741211,67.1500015258789,53.12263870239258,6025500
2002-09-20,67.3499984741211,68.19999694824219,66.30000305175781,67.36000061035156,53.288787841796875,5547300
2002-09-23,66.0999984741211,66.19999694824219,64.5,65.66999816894531,51.95183181762695,6611700
2002-09-24,65.66999816894531,68.5,65.66999816894531,66.30999755859375,52.458099365234375,7503500
2002-09-25,67.25,67.44999694824219,64.5,67.44999694824219,53.359962463378906,6753300
2002-09-26,67.44999694824219,68.48999786376953,66.5199966430664,68.04000091552734,53.82674789428711,4668600
2002-09-27,67.55000305175781,68.88999938964844,66.0,66.12999725341797,52.31573486328125,4589500
2002-09-30,65.94999694824219,66.73999786376953,64.48999786376953,66.02999877929688,52.23661422729492,6261500
2002-10-01,66.5,68.80000305175781,65.08000183105469,68.44999694824219,54.15109634399414,5385500
2002-10-02,68.45999908447266,68.45999908447266,65.4000015258789,65.55000305175781,51.856895446777344,6330000
2002-10-03,65.4000015258789,65.41000366210938,62.75,62.900001525878906,49.760459899902344,7632400
2002-10-04,63.25,63.900001525878906,61.16999816894531,62.04999923706055,49.088008880615234,6589200
2002-10-07,61.54999923706055,62.349998474121094,59.400001525878906,59.529998779296875,47.09443664550781,6671000
2002-10-08,60.45000076293945,62.5,58.79999923706055,61.599998474121094,48.73202896118164,6731400
2002-10-09,60.29999923706055,61.20000076293945,58.849998474121094,59.279998779296875,46.89666748046875,6286300
2002-10-10,59.27000045776367,61.63999938964844,58.56999969482422,61.08000183105469,48.3206672668457,6496500
2002-10-11,62.70000076293945,65.13999938964844,62.70000076293945,64.19999694824219,50.78889083862305,6291000
2002-10-14,63.599998474121094,65.81999969482422,63.40999984741211,65.30000305175781,51.65913009643555,4544900
2002-10-15,68.0,70.11000061035156,67.25,70.0,55.3773193359375,8429200
2002-10-16,69.0,69.3499984741211,67.5,68.0,53.795074462890625,6362800
2002-10-17,70.69000244140625,72.4800033569336,70.25,72.4800033569336,57.339229583740234,7545300
2002-10-18,70.8499984741211,72.4000015258789,70.0199966430664,70.55000305175781,55.81241226196289,6406100
2002-10-21,70.0,74.83999633789062,69.4000015258789,74.69999694824219,59.09550094604492,8094700
2002-10-22,72.7300033569336,73.87000274658203,72.1500015258789,72.5,57.355072021484375,4943700
2002-10-23,71.8499984741211,74.30999755859375,71.27999877929688,74.2699966430664,58.755306243896484,4837100
2002-10-24,74.2699966430664,74.9000015258789,71.94000244140625,72.5,57.44789505004883,4184700
2002-10-25,72.5,74.25,72.0,73.98999786376953,58.62853240966797,3831800
2002-10-28,74.9000015258789,75.3499984741211,73.22000122070312,73.58000183105469,58.30366134643555,3720600
2002-10-29,73.48999786376953,73.69000244140625,71.19999694824219,72.37000274658203,57.344886779785156,6480400
2002-10-30,72.36000061035156,72.94000244140625,71.5,72.36000061035156,57.336952209472656,4184800
2002-10-31,72.36000061035156,72.75,71.51000213623047,71.5999984741211,56.73473358154297,2815700
2002-11-01,71.5999984741211,74.23999786376953,71.0,73.44999694824219,58.200626373291016,3859700
2002-11-04,74.9800033569336,78.0,73.44999694824219,75.95999908447266,60.189517974853516,6394800
2002-11-05,75.95999908447266,76.9800033569336,75.4000015258789,76.73999786376953,60.8076057434082,3444500
2002-11-06,76.73999786376953,77.0999984741211,74.79000091552734,76.55000305175781,60.657039642333984,5795400
2002-11-07,76.55999755859375,78.5,73.5999984741211,74.05000305175781,58.676055908203125,4406900
2002-11-08,74.0999984741211,74.94999694824219,72.83000183105469,73.08000183105469,57.907466888427734,2810500
2002-11-11,73.08999633789062,73.0999984741211,71.30999755859375,71.77999877929688,56.877357482910156,3222000
2002-11-12,71.77999877929688,73.08000183105469,71.27999877929688,72.06999969482422,57.10714340209961,3742600
2002-11-13,72.06999969482422,73.05000305175781,71.1500015258789,72.48999786376953,57.4399299621582,4128900
2002-11-14,73.4000015258789,75.1500015258789,73.4000015258789,74.98999786376953,59.4209098815918,3404000
2002-11-15,74.98999786376953,75.63999938964844,73.36000061035156,75.25,59.62694549560547,4074800
2002-11-18,75.69999694824219,76.58999633789062,74.94999694824219,75.41999816894531,59.76161575317383,4271100
2002-11-19,75.43000030517578,76.4000015258789,74.5199966430664,75.08000183105469,59.492225646972656,2429300
2002-11-20,75.08999633789062,77.9000015258789,74.52999877929688,77.41000366210938,61.338497161865234,3704200
2002-11-21,77.75,81.0,77.75,79.94999694824219,63.35114669799805,6904100
2002-11-22,79.01000213623047,80.27999877929688,79.0,79.11000061035156,62.68553161621094,3367500
2002-11-25,79.12000274658203,79.9000015258789,77.77999877929688,79.0,62.59836959838867,3859400
2002-11-26,79.01000213623047,79.01000213623047,76.61000061035156,76.83000183105469,60.878936767578125,3379000
2002-11-27,77.4000015258789,80.3499984741211,77.4000015258789,79.63999938964844,63.10551452636719,3681900
2002-11-29,79.6500015258789,80.0,78.80999755859375,78.87000274658203,62.4953498840332,1176800
2002-12-02,78.87999725341797,80.9000015258789,78.16000366210938,78.77999877929688,62.424076080322266,3595200
2002-12-03,78.79000091552734,78.88999938964844,77.6500015258789,78.5,62.20221710205078,3521300
2002-12-04,78.51000213623047,78.51000213623047,75.5,76.3499984741211,60.498558044433594,5014400
2002-12-05,75.8499984741211,76.31999969482422,74.05000305175781,74.44999694824219,58.99302291870117,3153700
2002-12-06,73.0999984741211,75.19999694824219,73.01000213623047,74.5,59.032657623291016,4222000
2002-12-09,74.51000213623047,74.51000213623047,72.52999877929688,73.44999694824219,58.200626373291016,3096700
2002-12-10,73.51000213623047,74.86000061035156,72.56999969482422,74.0,58.63645553588867,3444100
2002-12-11,74.01000213623047,74.47000122070312,72.83999633789062,73.47000122070312,58.21650314331055,2576100
2002-12-12,73.63999938964844,74.69000244140625,73.1500015258789,74.2300033569336,58.818695068359375,2533100
2002-12-13,74.23999786376953,74.23999786376953,72.66999816894531,73.0999984741211,57.92332077026367,2396900
2002-12-16,73.0999984741211,74.77999877929688,73.04000091552734,74.52999877929688,59.05638122558594,3449100
2002-12-17,74.30000305175781,75.75,74.1500015258789,74.69000244140625,59.183204650878906,2768200
2002-12-18,74.0999984741211,74.8499984741211,72.69999694824219,73.69999694824219,58.398719787597656,3051500
2002-12-19,73.69999694824219,74.23999786376953,70.0199966430664,70.30000305175781,55.704627990722656,7784500
2002-12-20,70.5,72.4000015258789,70.5,71.86000061035156,56.94075393676758,6796800
2002-12-23,71.02999877929688,71.55999755859375,70.36000061035156,70.6500015258789,55.981971740722656,2713800
2002-12-24,70.66000366210938,70.66000366210938,69.05999755859375,69.37000274658203,54.96769714355469,2116300
2002-12-26,69.80000305175781,70.63999938964844,69.33000183105469,69.55000305175781,55.20581817626953,2056700
2002-12-27,69.55999755859375,69.9000015258789,67.5199966430664,67.91999816894531,53.91201400756836,2594400
2002-12-30,68.25,68.55999755859375,67.0,68.13999938964844,54.08664321899414,3156200
2002-12-31,68.19999694824219,68.44999694824219,67.2300033569336,68.0999984741211,54.054893493652344,2286100
2003-01-02,68.0999984741211,70.80000305175781,68.0,69.6500015258789,55.28520965576172,4025400
2003-01-03,69.66000366210938,70.5999984741211,69.62000274658203,70.37999725341797,55.86465835571289,2342800
2003-01-06,70.0199966430664,73.44000244140625,70.0,73.0,57.94430160522461,4337600
2003-01-07,72.0999984741211,73.5,71.5,72.69999694824219,57.706207275390625,4606900
2003-01-08,72.70999908447266,72.7699966430664,70.68000030517578,70.91999816894531,56.29328918457031,3265200
2003-01-09,72.5,73.80000305175781,71.69999694824219,73.72000122070312,58.51581573486328,3924000
2003-01-10,72.98999786376953,75.75,72.80000305175781,74.91999816894531,59.46833419799805,5156300
2003-01-13,75.19999694824219,75.73999786376953,74.19999694824219,74.41999816894531,59.07144546508789,3096400
2003-01-14,73.9000015258789,75.5999984741211,73.5199966430664,74.69999694824219,59.293697357177734,2850200
2003-01-15,74.33000183105469,74.55000305175781,73.12999725341797,73.51000213623047,58.349124908447266,3401000
2003-01-16,73.44999694824219,74.4000015258789,73.1500015258789,73.62000274658203,58.436424255371094,3552900
2003-01-17,73.62999725341797,73.62999725341797,71.95999908447266,72.58000183105469,57.610923767089844,4294400
2003-01-21,73.0,73.3499984741211,71.0,71.0,56.356781005859375,3094300
2003-01-22,71.01000213623047,71.55999755859375,70.01000213623047,70.25,55.761478424072266,3137900
2003-01-23,71.0,72.19999694824219,70.30999755859375,71.91999816894531,57.087066650390625,3456400
2003-01-24,71.4000015258789,71.91999816894531,68.58999633789062,69.1500015258789,54.98008346557617,4135700
2003-01-27,68.75,69.6500015258789,67.69000244140625,68.4000015258789,54.38376998901367,3978400
2003-01-28,68.41000366210938,69.54000091552734,67.7699966430664,69.05000305175781,54.90056610107422,3276600
2003-01-29,69.05999755859375,70.01000213623047,67.5,69.51000213623047,55.26630401611328,3779200
2003-01-30,69.5199966430664,69.7699966430664,67.26000213623047,67.4000015258789,53.58868408203125,3152200
2003-01-31,67.13999938964844,68.8499984741211,66.94999694824219,68.0999984741211,54.1452522277832,4561800
2003-02-03,68.0999984741211,69.75,68.0999984741211,69.25,55.0595817565918,3164500
2003-02-04,69.26000213623047,69.26000213623047,67.04000091552734,67.5199966430664,53.68408203125,3723200
2003-02-05,67.52999877929688,68.9800033569336,67.41000366210938,67.41000366210938,53.59665298461914,3566500
2003-02-06,67.41999816894531,67.9000015258789,66.5199966430664,66.6500015258789,52.99236297607422,3651600
2003-02-07,66.66000366210938,67.75,65.48999786376953,65.69999694824219,52.237030029296875,3519900
2003-02-10,65.69999694824219,66.25,64.68000030517578,65.73999786376953,52.268836975097656,3764900
2003-02-11,66.30000305175781,66.95999908447266,64.83000183105469,65.05000305175781,51.7202262878418,3837700
2003-02-12,65.05999755859375,66.05000305175781,64.04000091552734,64.30000305175781,51.123931884765625,3376400
2003-02-13,64.4000015258789,65.30000305175781,63.75,64.91999816894531,51.61686325073242,3704700
2003-02-14,65.0,66.69999694824219,64.30000305175781,66.69999694824219,53.032127380371094,4641100
2003-02-18,67.23999786376953,68.88999938964844,67.19999694824219,68.0,54.065711975097656,3094400
2003-02-19,68.01000213623047,68.4000015258789,67.37000274658203,68.2300033569336,54.24859619140625,3237300
2003-02-20,68.4000015258789,68.7699966430664,67.61000061035156,67.73999786376953,53.85900115966797,2627300
2003-02-21,67.73999786376953,68.80000305175781,66.91999816894531,68.5,54.463287353515625,3929700
2003-02-24,68.51000213623047,68.51000213623047,66.0,66.19999694824219,52.634559631347656,3699700
2003-02-25,66.19999694824219,66.83000183105469,64.8499984741211,66.58999633789062,52.944664001464844,4219700
2003-02-26,66.58999633789062,66.95999908447266,65.73999786376953,66.4800033569336,52.85721969604492,3781300
2003-02-27,66.69999694824219,68.0,66.30999755859375,67.69000244140625,53.81926345825195,3784900
2003-02-28,67.9000015258789,69.44999694824219,67.80000305175781,69.44999694824219,55.218605041503906,4339200
2003-03-03,69.44999694824219,70.55000305175781,67.73999786376953,68.0199966430664,54.0816535949707,4351200
2003-03-04,68.0199966430664,68.0199966430664,65.69000244140625,65.69000244140625,52.22907257080078,5546500
2003-03-05,65.80000305175781,67.0999984741211,65.56999969482422,66.30000305175781,52.714080810546875,5803600
2003-03-06,65.77999877929688,66.01000213623047,65.08000183105469,65.5999984741211,52.15753936767578,4216700
2003-03-07,64.16000366210938,66.9800033569336,64.16000366210938,66.68000030517578,53.01622009277344,4778400
2003-03-10,66.69000244140625,66.69000244140625,63.90999984741211,64.33999633789062,51.15571212768555,4335200
2003-03-11,64.33999633789062,65.19000244140625,62.91999816894531,62.95000076293945,50.05054473876953,4190400
2003-03-12,62.959999084472656,62.97999954223633,61.02000045776367,62.849998474121094,49.971038818359375,8550000
2003-03-13,63.29999923706055,66.88999938964844,63.29999923706055,66.77999877929688,53.09571075439453,7046700
2003-03-14,66.77999877929688,67.56999969482422,66.0,66.62000274658203,52.96852111816406,4670000
2003-03-17,66.62000274658203,69.33999633789062,65.91000366210938,68.9000015258789,54.78130340576172,6144200
2003-03-18,68.9000015258789,69.72000122070312,68.20999908447266,69.58000183105469,55.32197952270508,5054000
2003-03-19,69.80000305175781,70.9800033569336,68.79000091552734,70.2699966430664,55.87057113647461,6370000
2003-03-20,69.9800033569336,70.47000122070312,68.16999816894531,70.08000183105469,55.71952819824219,6615800
2003-03-21,70.36000061035156,72.0999984741211,69.81999969482422,72.0999984741211,57.3255500793457,6861800
2003-03-24,72.0999984741211,72.0999984741211,69.61000061035156,69.91999816894531,55.59226989746094,5603800
2003-03-25,70.0999984741211,71.29000091552734,69.80000305175781,70.69000244140625,56.20450973510742,4289600
2003-03-26,70.69000244140625,71.48999786376953,70.52999877929688,71.05000305175781,56.490753173828125,3662500
2003-03-27,70.75,71.02999877929688,69.87000274658203,70.58000183105469,56.11705017089844,4050900
2003-03-28,70.58000183105469,70.94000244140625,69.87000274658203,70.11000061035156,55.74334716796875,2553300
2003-03-31,68.01000213623047,69.5,68.0,68.08000183105469,54.12934875488281,4591300
2003-04-01,68.4800033569336,70.02999877929688,68.05999755859375,69.62000274658203,55.353782653808594,4231600
2003-04-02,71.5,72.87000274658203,71.05000305175781,72.4000015258789,57.56410217285156,7036500
2003-04-03,72.25,73.30000305175781,71.69999694824219,72.3499984741211,57.52433776855469,4748300
2003-04-04,72.3499984741211,72.93000030517578,71.8499984741211,72.05999755859375,57.29378128051758,3704800
2003-04-07,73.5,74.1500015258789,72.12000274658203,72.30999755859375,57.49252700805664,4627000
2003-04-08,72.30999755859375,73.0,71.38999938964844,72.69999694824219,57.802635192871094,3343200
2003-04-09,72.69999694824219,73.75,71.86000061035156,71.91000366210938,57.17449188232422,4197600
2003-04-10,71.91999816894531,72.58999633789062,71.5999984741211,72.3499984741211,57.52433776855469,3458700
2003-04-11,72.61000061035156,73.44000244140625,71.80999755859375,72.41999816894531,57.58000183105469,2858600
2003-04-14,72.41999816894531,74.5,72.31999969482422,74.48999786376953,59.22584915161133,3678500
2003-04-15,74.48999786376953,76.5999984741211,73.70999908447266,76.54000091552734,60.8557243347168,6723400
2003-04-16,76.55000305175781,77.19999694824219,74.86000061035156,75.19999694824219,59.79032516479492,6181600
2003-04-17,75.19999694824219,76.48999786376953,74.83000183105469,76.0999984741211,60.50592803955078,4484200
2003-04-21,76.0999984741211,76.81999969482422,75.9000015258789,76.3499984741211,60.70468521118164,3176100
2003-04-22,76.3499984741211,78.38999938964844,74.91999816894531,78.33000183105469,62.2789306640625,5508800
2003-04-23,78.33000183105469,78.9000015258789,77.44000244140625,78.43000030517578,62.35844802856445,4008300
2003-04-24,78.43000030517578,78.43000030517578,76.5999984741211,77.3499984741211,61.49974822998047,3307100
2003-04-25,77.2300033569336,77.37000274658203,75.5,75.87000274658203,60.416786193847656,2820700
2003-04-28,76.37000274658203,77.19999694824219,75.51000213623047,76.51000213623047,60.926422119140625,3606000
2003-04-29,76.51000213623047,78.0,75.26000213623047,76.44999694824219,60.878662109375,5327400
2003-04-30,76.23999786376953,76.87000274658203,75.62999725341797,75.9000015258789,60.44065475463867,3968900
2003-05-01,75.9000015258789,75.9000015258789,74.5,75.33000183105469,59.98675537109375,4106200
2003-05-02,75.33000183105469,76.9800033569336,74.0199966430664,76.5999984741211,60.99807357788086,4131500
2003-05-05,76.5999984741211,77.18000030517578,75.94999694824219,76.48999786376953,60.91047668457031,3548700
2003-05-06,76.48999786376953,77.91999816894531,76.01000213623047,77.19999694824219,61.47587585449219,3850100
2003-05-07,76.41999816894531,77.87999725341797,76.25,77.19999694824219,61.47587585449219,3728100
2003-05-08,77.20999908447266,77.20999908447266,74.0,74.05999755859375,58.975425720214844,7119900
2003-05-09,74.05999755859375,75.02999877929688,74.0199966430664,75.0,59.723968505859375,3849200
2003-05-12,75.0,76.0,74.23999786376953,75.48999786376953,60.11416244506836,3895100
2003-05-13,74.55000305175781,75.91000366210938,74.55000305175781,74.94999694824219,59.68412780761719,4053300
2003-05-14,75.0,75.3499984741211,74.3499984741211,74.94999694824219,59.68412780761719,3434300
2003-05-15,74.6500015258789,76.19999694824219,74.6500015258789,76.0999984741211,60.599952697753906,4318500
2003-05-16,75.19999694824219,76.9000015258789,75.19999694824219,76.69999694824219,61.07770919799805,4444000
2003-05-19,76.69999694824219,76.69999694824219,74.3499984741211,74.3499984741211,59.206356048583984,3981600
2003-05-20,74.4000015258789,74.80999755859375,73.22000122070312,74.44999694824219,59.28598403930664,4447500
2003-05-21,74.4000015258789,75.23999786376953,73.69999694824219,75.0999984741211,59.8035888671875,3241500
2003-05-22,75.3499984741211,76.37000274658203,75.27999877929688,76.02999877929688,60.544185638427734,3193500
2003-05-23,76.02999877929688,76.5199966430664,75.8499984741211,76.1500015258789,60.639739990234375,2052500
2003-05-27,76.1500015258789,78.73999786376953,75.22000122070312,78.4800033569336,62.495174407958984,4096000
2003-05-28,78.4800033569336,79.9000015258789,78.44999694824219,79.9000015258789,63.62592315673828,4746800
2003-05-29,79.91000366210938,81.08000183105469,79.31999969482422,79.58999633789062,63.37908935546875,5041500
2003-05-30,79.8499984741211,81.66999816894531,79.83000183105469,81.5,64.90000915527344,3850100
2003-06-02,81.5,84.4800033569336,81.5,83.54000091552734,66.52457427978516,7151600
2003-06-03,83.5,83.91000366210938,82.70999908447266,83.0,66.09453582763672,4236300
2003-06-04,82.55999755859375,85.58999633789062,82.55000305175781,85.25,67.88626098632812,4663300
2003-06-05,85.25,87.48999786376953,84.55000305175781,87.30000305175781,69.51872253417969,5971400
2003-06-06,88.25,89.5,87.5,88.69999694824219,70.63355255126953,9050400
2003-06-09,88.30000305175781,88.69999694824219,87.0999984741211,87.54000091552734,69.7098159790039,4954800
2003-06-10,87.9000015258789,88.9000015258789,87.23999786376953,88.69999694824219,70.63355255126953,4662700
2003-06-11,88.69999694824219,89.88999938964844,88.2699966430664,89.73999786376953,71.46173095703125,5230300
2003-06-12,89.73999786376953,90.5,89.16999816894531,90.3499984741211,71.94750213623047,4612900
2003-06-13,90.3499984741211,90.69999694824219,88.80999755859375,89.16999816894531,71.00782012939453,4594100
2003-06-16,90.0,91.5,89.55999755859375,91.5,72.86323547363281,4889800
2003-06-17,91.5,91.9800033569336,90.69999694824219,91.5,72.86323547363281,3906200
2003-06-18,90.0999984741211,90.41000366210938,88.4000015258789,88.9000015258789,70.79280090332031,5603300
2003-06-19,88.9000015258789,89.25,85.44999694824219,85.91999816894531,68.4197998046875,5506700
2003-06-20,86.75,87.4000015258789,86.01000213623047,86.25,68.68256378173828,3792200
2003-06-23,86.25,86.25,84.5999984741211,85.27999877929688,67.9101791381836,3513300
2003-06-24,85.80000305175781,87.05999755859375,85.66000366210938,86.5999984741211,68.96127319335938,3866900
2003-06-25,85.87000274658203,86.4000015258789,84.62000274658203,84.77999877929688,67.51197814941406,7199400
2003-06-26,85.0,85.5999984741211,83.30999755859375,84.1500015258789,67.01032257080078,6423200
2003-06-27,84.16000366210938,84.5999984741211,82.05000305175781,82.37999725341797,65.60082244873047,5158400
2003-06-30,83.0999984741211,83.75,82.19999694824219,83.75,66.6917953491211,5715700
2003-07-01,83.75,85.8499984741211,82.36000061035156,85.8499984741211,68.36405944824219,6162300
2003-07-02,85.30999755859375,86.19999694824219,84.58999633789062,85.4000015258789,68.00569915771484,5484800
2003-07-03,83.2699966430664,85.22000122070312,83.2699966430664,84.69999694824219,67.4482650756836,2837600
2003-07-07,85.69999694824219,88.20999908447266,85.5999984741211,87.73999786376953,69.86907958984375,4436600
2003-07-08,87.75,88.4000015258789,87.0999984741211,88.05999755859375,70.12390899658203,3994900
2003-07-09,88.06999969482422,88.6500015258789,87.56999969482422,88.2300033569336,70.25931549072266,4381900
2003-07-10,88.2300033569336,88.2300033569336,86.0,86.55000305175781,68.92145538330078,3643900
2003-07-11,86.98999786376953,87.94999694824219,86.61000061035156,87.31999969482422,69.53463745117188,3028300
2003-07-14,87.33000183105469,90.3499984741211,87.33000183105469,89.44000244140625,71.22284698486328,5519000
2003-07-15,89.94999694824219,90.26000213623047,87.8499984741211,88.0199966430664,70.09205627441406,5177400
2003-07-16,88.75,88.75,86.7699966430664,87.26000213623047,69.48687744140625,3544200
2003-07-17,86.94999694824219,87.0,85.86000061035156,86.44000244140625,68.83385467529297,3178300
2003-07-18,86.44000244140625,87.69999694824219,85.7699966430664,87.69000244140625,69.82923889160156,2949400
2003-07-21,87.58999633789062,87.69000244140625,85.19999694824219,85.69999694824219,68.24459838867188,2958400
2003-07-22,85.94999694824219,86.80999755859375,85.20999908447266,86.16000366210938,68.61087799072266,3244700
2003-07-23,86.30000305175781,86.41999816894531,85.27999877929688,86.0999984741211,68.5631332397461,2417900
2003-07-24,86.87000274658203,87.0999984741211,85.4000015258789,85.4000015258789,68.00569915771484,2893700
2003-07-25,85.37000274658203,86.77999877929688,84.75,86.41999816894531,69.01997375488281,3025400
2003-07-28,86.45999908447266,87.30000305175781,86.27999877929688,86.5,69.0838851928711,2211400
2003-07-29,86.5,87.83999633789062,85.9800033569336,86.83000183105469,69.34746551513672,3983000
2003-07-30,87.05000305175781,87.3499984741211,86.11000061035156,86.94999694824219,69.44327545166016,3306300
2003-07-31,87.94999694824219,89.0999984741211,87.04000091552734,87.13999938964844,69.59503173828125,4138500
2003-08-01,86.94999694824219,87.05000305175781,84.94000244140625,85.0999984741211,67.96575164794922,3897500
2003-08-04,85.0999984741211,85.55000305175781,83.43000030517578,84.6500015258789,67.60637664794922,4024700
2003-08-05,84.8499984741211,85.4800033569336,82.9000015258789,82.9000015258789,66.20870971679688,3488600
2003-08-06,83.0,85.12999725341797,82.95999908447266,84.05000305175781,67.12718963623047,4479100
2003-08-07,84.05999755859375,84.77999877929688,83.55000305175781,84.75,67.68624114990234,2808700
2003-08-08,85.20999908447266,86.0999984741211,85.19999694824219,85.81999969482422,68.5407943725586,2859900
2003-08-11,85.80999755859375,85.98999786376953,84.68000030517578,85.76000213623047,68.4928970336914,2574600
2003-08-12,85.7699966430664,87.68000030517578,85.7699966430664,87.68000030517578,70.02629852294922,3216100
2003-08-13,87.9000015258789,88.0,86.87999725341797,87.4000015258789,69.80267333984375,3118200
2003-08-14,87.16000366210938,88.05000305175781,86.44999694824219,87.94999694824219,70.24192810058594,2885400
2003-08-15,87.95999908447266,88.23999786376953,87.06999969482422,87.76000213623047,70.09022521972656,991200
2003-08-18,87.76000213623047,88.7300033569336,86.87000274658203,88.2699966430664,70.49751281738281,2899000
2003-08-19,88.31999969482422,89.0999984741211,87.9000015258789,89.02999877929688,71.1044921875,2410300
2003-08-20,88.4000015258789,88.68000030517578,87.5999984741211,87.69999694824219,70.04228973388672,2535400
2003-08-21,88.25,88.58000183105469,87.38999938964844,88.0999984741211,70.36172485351562,2170400
2003-08-22,89.0999984741211,89.0999984741211,86.88999938964844,86.98999786376953,69.47525787353516,2836200
2003-08-25,87.0,87.0,86.0199966430664,86.7300033569336,69.267578125,2005800
2003-08-26,86.7300033569336,86.88999938964844,85.5,86.51000213623047,69.09185791015625,2586700
2003-08-27,86.51000213623047,86.51000213623047,85.75,85.97000122070312,68.66059112548828,1458500
2003-08-28,86.44999694824219,86.95999908447266,85.23999786376953,86.86000061035156,69.37140655517578,1741700
2003-08-29,86.9000015258789,88.5999984741211,86.75,88.48999786376953,70.67321014404297,2374700
2003-09-02,88.54000091552734,90.62999725341797,88.54000091552734,90.44999694824219,72.23857116699219,3802000
2003-09-03,90.69999694824219,91.48999786376953,90.04000091552734,90.81999969482422,72.53411102294922,3810600
2003-09-04,90.9000015258789,91.48999786376953,90.5999984741211,91.26000213623047,72.88552856445312,3691500
2003-09-05,91.26000213623047,92.22000122070312,90.33999633789062,90.95999908447266,72.6458969116211,2693200
2003-09-08,91.4800033569336,91.9800033569336,90.06999969482422,91.3499984741211,72.95738220214844,4167700
2003-09-09,91.19999694824219,92.11000061035156,90.8499984741211,91.79000091552734,73.30876922607422,3078700
2003-09-10,91.19999694824219,91.20999908447266,89.31999969482422,89.44000244140625,71.43195343017578,4240700
2003-09-11,89.44000244140625,90.45999908447266,88.80999755859375,89.83999633789062,71.75138092041016,3226500
2003-09-12,89.80000305175781,90.91999816894531,89.19999694824219,90.7300033569336,72.46220397949219,2838900
2003-09-15,89.93000030517578,90.73999786376953,89.19999694824219,89.19999694824219,71.24029541015625,2756500
2003-09-16,89.4800033569336,91.0999984741211,89.44999694824219,90.93000030517578,72.62195587158203,3992000
2003-09-17,90.69999694824219,91.98999786376953,90.4000015258789,91.0,72.67784881591797,3188300
2003-09-18,91.69999694824219,93.48999786376953,91.05999755859375,93.25,74.4748306274414,5804300
2003-09-19,93.25,93.73999786376953,92.80000305175781,93.7300033569336,74.85818481445312,3771500
2003-09-22,92.9000015258789,93.0999984741211,92.05999755859375,92.66000366210938,74.00363159179688,3700400
2003-09-23,90.80000305175781,91.3499984741211,88.98999786376953,89.05999755859375,71.1284408569336,10655700
2003-09-24,89.06999969482422,89.06999969482422,85.70999908447266,85.81999969482422,68.5407943725586,9448500
2003-09-25,85.81999969482422,86.45999908447266,85.2300033569336,85.5199966430664,68.3011703491211,5768300
2003-09-26,86.0199966430664,86.20999908447266,84.19999694824219,84.69999694824219,67.64629364013672,4020600
2003-09-29,85.1500015258789,85.98999786376953,84.56999969482422,85.0,67.88592529296875,4695800
2003-09-30,84.75,84.86000061035156,83.63999938964844,83.9000015258789,67.00740051269531,5257900
2003-10-01,83.9000015258789,86.12999725341797,83.9000015258789,86.0,68.6845474243164,4332500
2003-10-02,86.0,86.41000366210938,85.4000015258789,85.95999908447266,68.65261840820312,2957500
2003-10-03,86.23999786376953,88.11000061035156,86.23999786376953,86.66000366210938,69.21168518066406,4120100
2003-10-06,86.66000366210938,88.0,86.44999694824219,86.72000122070312,69.25959777832031,3215900
2003-10-07,86.72000122070312,87.31999969482422,85.83999633789062,86.83999633789062,69.35540771484375,3785600
2003-10-08,86.8499984741211,87.12000274658203,85.55000305175781,86.26000213623047,68.8922119140625,2808000
2003-10-09,87.68000030517578,88.44999694824219,86.80999755859375,87.0,69.48319244384766,4164200
2003-10-10,87.01000213623047,87.33000183105469,86.43000030517578,86.94000244140625,69.43531036376953,2729900
2003-10-13,87.69999694824219,88.68000030517578,87.62000274658203,88.16999816894531,70.41767120361328,1987100
2003-10-14,88.16999816894531,88.7699966430664,87.08000183105469,88.63999938964844,70.79302978515625,3297900
2003-10-15,89.44999694824219,89.62999725341797,88.55000305175781,88.75,70.88087463378906,4037000
2003-10-16,88.25,88.61000061035156,87.6500015258789,87.98999786376953,70.27391052246094,4122900
2003-10-17,88.02999877929688,88.55000305175781,86.7300033569336,87.16999816894531,69.61900329589844,3340500
2003-10-20,87.0,87.2300033569336,85.94000244140625,87.01000213623047,69.49122619628906,3232600
2003-10-21,87.0199966430664,88.91000366210938,87.0199966430664,87.62000274658203,69.97837829589844,3029500
2003-10-22,86.5,86.8499984741211,86.04000091552734,86.47000122070312,69.05992889404297,3431700
2003-10-23,86.22000122070312,87.91999816894531,86.0199966430664,87.0,69.6846923828125,3889600
2003-10-24,87.0,87.0,85.01000213623047,85.81999969482422,68.73954010009766,3396700
2003-10-27,87.5,88.5199966430664,86.80000305175781,88.19000244140625,70.63784790039062,4347800
2003-10-28,88.94999694824219,92.25,88.69000244140625,92.25,73.88980102539062,7022300
2003-10-29,92.6500015258789,93.16000366210938,92.0,92.6500015258789,74.210205078125,5216600
2003-10-30,93.44999694824219,94.0,93.16999816894531,93.43000030517578,74.8349380493164,4359700
2003-10-31,93.43000030517578,94.88999938964844,93.43000030517578,93.9000015258789,75.2114028930664,3561200
2003-11-03,94.6500015258789,96.80000305175781,94.55000305175781,96.19000244140625,77.04564666748047,5128000
2003-11-04,96.19999694824219,96.19999694824219,94.70999908447266,95.94999694824219,76.85340118408203,3024200
2003-11-05,95.94999694824219,96.25,94.26000213623047,95.47000122070312,76.46893310546875,4089800
2003-11-06,95.47000122070312,96.69000244140625,94.6500015258789,96.52999877929688,77.3179702758789,3294500
2003-11-07,96.52999877929688,97.38999938964844,96.19999694824219,96.9800033569336,77.67843627929688,3537700
2003-11-10,96.9800033569336,96.9800033569336,95.58000183105469,96.08000183105469,76.9575424194336,3144100
2003-11-11,96.08999633789062,96.3499984741211,95.44999694824219,96.0999984741211,76.97354888916016,1801200
2003-11-12,95.94999694824219,96.8499984741211,95.68000030517578,96.69999694824219,77.4541244506836,2237700
2003-11-13,96.70999908447266,96.70999908447266,94.5199966430664,96.0199966430664,76.9094467163086,1991600
2003-11-14,96.08999633789062,96.69000244140625,93.44999694824219,93.80000305175781,75.13131713867188,3642800
2003-11-17,93.80999755859375,94.69999694824219,93.13999938964844,94.25,75.49173736572266,3130100
2003-11-18,95.0,95.05000305175781,93.3499984741211,93.7300033569336,75.0752182006836,2454400
2003-11-19,93.30000305175781,94.0199966430664,93.19999694824219,93.93000030517578,75.23542022705078,2768900
2003-11-20,93.75,93.93000030517578,91.69999694824219,91.76000213623047,73.49732208251953,3723700
2003-11-21,92.3499984741211,93.30000305175781,92.08999633789062,92.97000122070312,74.46649932861328,3075500
2003-11-24,93.94999694824219,95.08999633789062,93.5,94.91999816894531,76.02838134765625,2544200
2003-11-25,95.94999694824219,96.63999938964844,95.58999633789062,96.25,77.09368896484375,3013900
2003-11-26,96.48999786376953,96.69999694824219,95.37000274658203,96.66999816894531,77.43006134033203,2038900
2003-11-28,96.66999816894531,97.0999984741211,95.76000213623047,96.08000183105469,76.9575424194336,1040000
2003-12-01,96.2300033569336,97.7699966430664,96.2300033569336,97.4800033569336,78.07891082763672,3381800
2003-12-02,97.80000305175781,98.75,97.26000213623047,97.4000015258789,78.01480102539062,3055100
2003-12-03,98.25,100.0,97.9000015258789,99.29000091552734,79.52864837646484,4459800
2003-12-04,99.37999725341797,99.5,98.31999969482422,98.7300033569336,79.08009338378906,2085400
2003-12-05,98.7300033569336,99.30999755859375,97.5999984741211,98.02999877929688,78.5194320678711,2558100
2003-12-08,97.80000305175781,98.80000305175781,97.44999694824219,98.80000305175781,79.13617706298828,1822500
2003-12-09,98.80000305175781,98.9000015258789,97.5999984741211,98.19999694824219,78.65560913085938,2408100
2003-12-10,98.19999694824219,99.5,97.23999786376953,97.5999984741211,78.17499542236328,2995400
2003-12-11,97.97000122070312,99.11000061035156,97.44999694824219,98.33999633789062,78.7677230834961,2323600
2003-12-12,98.5,99.36000061035156,97.97000122070312,99.1500015258789,79.41653442382812,1720300
2003-12-15,99.93000030517578,100.77999877929688,97.75,97.75,78.29512786865234,3164600
2003-12-16,97.76000213623047,98.4000015258789,96.91000366210938,97.5199966430664,78.11095428466797,3629200
2003-12-17,97.02999877929688,98.5,96.7699966430664,98.3499984741211,78.77571868896484,4086700
2003-12-18,97.0,97.7300033569336,95.7300033569336,97.3499984741211,77.97479248046875,5603100
2003-12-19,97.0999984741211,97.38999938964844,95.83999633789062,96.37999725341797,77.19782257080078,5135600
2003-12-22,96.37999725341797,98.43000030517578,96.3499984741211,98.1500015258789,78.6155776977539,3618000
2003-12-23,98.33999633789062,98.80000305175781,98.1500015258789,98.22000122070312,78.6716079711914,2257200
2003-12-24,97.81999969482422,97.94999694824219,97.44999694824219,97.55000305175781,78.13496398925781,985900
2003-12-26,97.55000305175781,98.43000030517578,97.55000305175781,97.94000244140625,78.44731140136719,887100
2003-12-29,98.4800033569336,99.75,98.19999694824219,99.58000183105469,79.76092529296875,2480400
2003-12-30,99.9000015258789,99.9000015258789,98.7699966430664,99.16000366210938,79.4245376586914,1768300
2003-12-31,99.56999969482422,99.58000183105469,98.0,98.7300033569336,79.08009338378906,2877800
2004-01-02,98.80000305175781,99.08999633789062,96.58000183105469,97.12999725341797,77.79854583740234,3042300
2004-01-05,97.30000305175781,97.94000244140625,96.1500015258789,97.18000030517578,77.83858489990234,4817700
2004-01-06,97.36000061035156,97.66999816894531,96.37999725341797,96.5999984741211,77.3740234375,4077800
2004-01-07,96.76000213623047,98.86000061035156,96.44999694824219,98.62999725341797,79.0000228881836,4457800
2004-01-08,98.7300033569336,98.9800033569336,97.69999694824219,98.75,79.09613800048828,3687800
2004-01-09,98.73999786376953,98.75,97.29000091552734,97.5,78.09493255615234,3297300
2004-01-12,97.5999984741211,97.8499984741211,96.44999694824219,97.77999877929688,78.3191909790039,2844700
2004-01-13,97.8499984741211,97.94999694824219,97.04000091552734,97.66999816894531,78.2310791015625,3257500
2004-01-14,97.5,99.5,97.45999908447266,99.37999725341797,79.60075378417969,4243200
2004-01-15,100.4000015258789,102.0,99.94999694824219,101.13999938964844,81.0104751586914,8331000
2004-01-16,101.1500015258789,101.58999633789062,100.02999877929688,100.4800033569336,80.48179626464844,6035000
2004-01-20,101.16999816894531,101.55000305175781,99.5999984741211,100.4000015258789,80.4177474975586,3095900
2004-01-21,100.30000305175781,101.5,99.37000274658203,101.5,81.29879760742188,3296000
2004-01-22,101.06999969482422,101.87000274658203,100.4000015258789,100.68000030517578,80.64201354980469,3893900
2004-01-23,101.08000183105469,101.08000183105469,98.79000091552734,99.5,79.89527130126953,3742700
2004-01-26,99.41999816894531,102.48999786376953,99.3499984741211,102.27999877929688,82.12753295898438,4096200
2004-01-27,102.19000244140625,102.75,100.80000305175781,101.05000305175781,81.13983917236328,3231600
2004-01-28,101.30000305175781,101.5,97.69999694824219,98.30000305175781,78.93167877197266,4070300
2004-01-29,99.25,99.69000244140625,97.80999755859375,99.4000015258789,79.81494140625,3872500
2004-01-30,99.41000366210938,100.43000030517578,98.81999969482422,99.55000305175781,79.93543243408203,2982100
2004-02-02,99.2300033569336,100.45999908447266,98.47000122070312,99.80999755859375,80.14415740966797,3416300
2004-02-03,99.7699966430664,101.36000061035156,99.19999694824219,101.1500015258789,81.22016906738281,3663000
2004-02-04,101.1500015258789,101.19999694824219,99.69999694824219,99.75,80.09598541259766,3228600
2004-02-05,99.7699966430664,100.16999816894531,98.43000030517578,98.83999633789062,79.36531066894531,2803100
2004-02-06,99.29000091552734,101.55999755859375,99.13999938964844,101.33999633789062,81.37269592285156,3196000
2004-02-09,101.33999633789062,102.47000122070312,100.87000274658203,101.87000274658203,81.79825592041016,2518600
2004-02-10,101.6500015258789,102.44000244140625,101.43000030517578,102.18000030517578,82.0472183227539,2557900
2004-02-11,103.5999984741211,107.26000213623047,103.4800033569336,107.08999633789062,85.98977661132812,7277700
2004-02-12,107.33000183105469,107.80000305175781,106.5,107.4000015258789,86.23867797851562,4058900
2004-02-13,107.3499984741211,107.9000015258789,105.02999877929688,105.8499984741211,84.99411010742188,4110200
2004-02-17,106.6500015258789,107.81999969482422,106.56999969482422,106.91999816894531,85.85330963134766,2640300
2004-02-18,107.16000366210938,108.0,106.27999877929688,106.9000015258789,85.83719635009766,2413600
2004-02-19,107.0999984741211,107.4800033569336,105.55999755859375,105.7699966430664,84.92987060546875,2114600
2004-02-20,106.3499984741211,107.0,105.4000015258789,106.5199966430664,85.53207397460938,2800500
2004-02-23,106.56999969482422,107.44000244140625,105.91999816894531,106.66999816894531,85.65250396728516,2724600
2004-02-24,105.6500015258789,106.19999694824219,104.0,104.31999969482422,83.76555633544922,3547500
2004-02-25,104.56999969482422,106.0,104.44000244140625,105.81999969482422,84.9699935913086,2810400
2004-02-26,105.83000183105469,106.48999786376953,104.48999786376953,106.29000091552734,85.3473892211914,2160000
2004-02-27,106.79000091552734,107.80000305175781,105.61000061035156,105.87000274658203,85.0101547241211,3598000
2004-03-01,107.30000305175781,108.0,106.70999908447266,107.3499984741211,86.19853210449219,2849600
2004-03-02,106.9000015258789,107.87999725341797,106.4000015258789,106.4000015258789,85.43572998046875,2993100
2004-03-03,106.4000015258789,106.76000213623047,105.54000091552734,106.51000213623047,85.52403259277344,3033000
2004-03-04,107.02999877929688,108.8499984741211,106.83000183105469,108.5199966430664,87.13797760009766,3631900
2004-03-05,107.31999969482422,109.27999877929688,107.08000183105469,109.05000305175781,87.56358337402344,3893200
2004-03-08,109.05999755859375,109.29000091552734,107.16999816894531,107.3499984741211,86.19853210449219,2860100
2004-03-09,107.3499984741211,107.3499984741211,105.05000305175781,105.76000213623047,84.92179870605469,3070800
2004-03-10,105.76000213623047,105.9000015258789,103.30000305175781,103.55000305175781,83.14728546142578,3450200
2004-03-11,103.55999755859375,105.19000244140625,102.87000274658203,102.98999786376953,82.69760131835938,3427600
2004-03-12,104.1500015258789,105.12000274658203,103.41999816894531,104.93000030517578,84.2553482055664,3167300
2004-03-15,104.80000305175781,104.80999755859375,102.3499984741211,102.81999969482422,82.56107330322266,3343000
2004-03-16,103.5,104.73999786376953,102.26000213623047,103.05999755859375,82.7538070678711,4360800
2004-03-17,103.56999969482422,104.54000091552734,102.44000244140625,104.01000213623047,83.5166244506836,3272900
2004-03-18,103.8499984741211,104.08000183105469,102.4000015258789,103.69999694824219,83.26770782470703,3203800
2004-03-19,103.11000061035156,104.31999969482422,102.66000366210938,102.66000366210938,82.43260955810547,3018900
2004-03-22,102.16000366210938,102.16000366210938,99.83999633789062,101.30000305175781,81.3405990600586,4648000
2004-03-23,103.25,103.2699966430664,101.38999938964844,101.38999938964844,81.41285705566406,6971100
2004-03-24,101.5,101.5999984741211,98.37999725341797,99.23999786376953,79.68646240234375,6796300
2004-03-25,100.0,101.9800033569336,99.5999984741211,101.8499984741211,81.78218078613281,4840900
2004-03-26,101.8499984741211,104.22000122070312,101.51000213623047,103.75,83.3078842163086,4545500
2004-03-29,104.19000244140625,105.0999984741211,103.5,104.22000122070312,83.68525695800781,3612300
2004-03-30,103.69999694824219,104.6500015258789,103.31999969482422,104.26000213623047,83.71736907958984,3067700
2004-03-31,104.2699966430664,104.66000366210938,103.69000244140625,104.3499984741211,83.78963470458984,2480200
2004-04-01,104.23999786376953,106.04000091552734,104.23999786376953,106.0,85.11455535888672,3358700
2004-04-02,107.0,107.5,104.83999633789062,105.94999694824219,85.07437896728516,3951700
2004-04-05,105.94999694824219,106.30000305175781,105.13999938964844,105.69999694824219,84.8736343383789,2880900
2004-04-06,105.69999694824219,105.98999786376953,104.66999816894531,105.58000183105469,84.77730560302734,2920000
2004-04-07,105.37000274658203,105.7699966430664,104.77999877929688,105.25,84.51231384277344,2307100
2004-04-08,106.4000015258789,106.4800033569336,105.25,105.69999694824219,84.8736343383789,3014400
2004-04-12,105.80000305175781,106.13999938964844,105.69999694824219,105.81999969482422,84.9699935913086,1771200
2004-04-13,105.81999969482422,106.19000244140625,102.75,103.12000274658203,82.8020248413086,3977600
2004-04-14,102.0,102.55000305175781,100.48999786376953,101.41000366210938,81.42890167236328,5584300
2004-04-15,101.6500015258789,102.7300033569336,100.2300033569336,101.7300033569336,81.68586730957031,3763400
2004-04-16,102.25,103.69999694824219,101.81999969482422,103.36000061035156,82.99472045898438,3314300
2004-04-19,103.25,103.30000305175781,101.75,102.4800033569336,82.28807067871094,2497200
2004-04-20,102.6500015258789,103.06999969482422,99.91000366210938,99.91000366210938,80.22444915771484,2761100
2004-04-21,100.25,100.6500015258789,99.1500015258789,100.0,80.2967758178711,4035800
2004-04-22,100.01000213623047,102.3499984741211,100.0,101.80000305175781,81.74209594726562,3700200
2004-04-23,101.05000305175781,101.06999969482422,99.80999755859375,100.41000366210938,80.82443237304688,3034500
2004-04-26,101.0,102.2699966430664,100.95999908447266,101.1500015258789,81.42011260986328,2243900
2004-04-27,100.55000305175781,102.06999969482422,100.55000305175781,100.91000366210938,81.22688293457031,1888400
2004-04-28,100.25,100.25,98.4000015258789,98.4000015258789,79.20650482177734,3360600
2004-04-29,98.91999816894531,99.83999633789062,97.5999984741211,98.26000213623047,79.09381103515625,3899400
2004-04-30,98.51000213623047,99.0,96.30999755859375,96.75,77.87833404541016,3462600
2004-05-03,96.94999694824219,97.55999755859375,96.20999908447266,96.91999816894531,78.01517486572266,3267000
2004-05-04,97.75,98.5,96.77999877929688,97.37000274658203,78.37739562988281,3875200
2004-05-05,97.5,98.25,95.73999786376953,96.1500015258789,77.39537048339844,4822000
2004-05-06,95.1500015258789,95.54000091552734,93.83000183105469,95.1500015258789,76.59040832519531,5482900
2004-05-07,94.5,95.5,92.87999725341797,93.04000091552734,74.89197540283203,5480900
2004-05-10,90.75,92.12999725341797,90.08000183105469,92.0999984741211,74.13533020019531,6861800
2004-05-11,92.25,93.11000061035156,91.62999725341797,93.11000061035156,74.94834899902344,5288200
2004-05-12,91.8499984741211,93.06999969482422,90.2300033569336,92.91999816894531,74.79539489746094,6639300
2004-05-13,93.12000274658203,94.69000244140625,92.6500015258789,93.44999694824219,75.2220230102539,4692400
2004-05-14,94.12000274658203,94.62000274658203,92.5999984741211,94.01000213623047,75.67278289794922,4569700
2004-05-17,92.80000305175781,93.19000244140625,91.44999694824219,92.68000030517578,74.60222625732422,4520600
2004-05-18,93.0999984741211,94.01000213623047,92.5199966430664,93.30999755859375,75.10929870605469,3325600
2004-05-19,94.75,94.81999969482422,92.5999984741211,92.68000030517578,74.60222625732422,4751400
2004-05-20,93.05000305175781,93.73999786376953,92.12000274658203,92.4000015258789,74.37681579589844,3904600
2004-05-21,92.62000274658203,93.25,91.44999694824219,91.73999786376953,73.8455810546875,4060800
2004-05-24,92.44999694824219,93.12000274658203,91.3499984741211,91.7300033569336,73.83751678466797,3687700
2004-05-25,91.7300033569336,93.26000213623047,90.80000305175781,93.11000061035156,74.94834899902344,3927500
2004-05-26,93.02999877929688,93.75,92.5,93.38999938964844,75.17371368408203,2978600
2004-05-27,94.19999694824219,94.30000305175781,92.16000366210938,93.29000091552734,75.09322357177734,4652200
2004-05-28,93.29000091552734,93.94999694824219,92.98999786376953,93.91000366210938,75.59232330322266,2425800
2004-06-01,93.80000305175781,93.9000015258789,91.75,93.0,74.85980224609375,4142600
2004-06-02,93.0,93.01000213623047,91.6500015258789,91.7699966430664,73.86970520019531,4320100
2004-06-03,91.77999877929688,91.80000305175781,90.2699966430664,90.55000305175781,72.88766479492188,4224700
2004-06-04,91.5,91.98999786376953,91.2300033569336,91.5199966430664,73.66849517822266,3165000
2004-06-07,92.3499984741211,93.69999694824219,92.05999755859375,93.58000183105469,75.32667541503906,3493300
2004-06-08,93.58000183105469,94.0999984741211,92.63999938964844,94.0,75.66474151611328,2949300
2004-06-09,94.01000213623047,94.06999969482422,92.37000274658203,93.0,74.85980224609375,1996500
2004-06-10,93.01000213623047,93.01000213623047,92.13999938964844,93.01000213623047,74.86783599853516,1702500
2004-06-14,92.1500015258789,92.1500015258789,90.63999938964844,91.52999877929688,73.67652893066406,3043300
2004-06-15,92.18000030517578,92.41000366210938,89.9800033569336,90.20999908447266,72.61399841308594,5510300
2004-06-16,90.48999786376953,90.9800033569336,89.38999938964844,89.9800033569336,72.42886352539062,4149900
2004-06-17,89.25,89.6500015258789,88.52999877929688,89.33999633789062,71.91368865966797,3500700
2004-06-18,89.0,90.25,88.69999694824219,89.18000030517578,71.7848892211914,3823000
2004-06-21,89.88999938964844,90.0,88.5999984741211,88.79000091552734,71.47100830078125,3217900
2004-06-22,88.3499984741211,91.16000366210938,87.68000030517578,90.5999984741211,72.92790985107422,8249500
2004-06-23,91.0,91.98999786376953,90.52999877929688,91.72000122070312,73.8294677734375,6149000
2004-06-24,92.25,94.16999816894531,91.75,93.19000244140625,75.0127182006836,5519100
2004-06-25,93.19999694824219,94.8499984741211,92.94000244140625,94.55000305175781,76.10746002197266,8047400
2004-06-28,95.1500015258789,95.1500015258789,92.80999755859375,93.26000213623047,75.06907653808594,4380100
2004-06-29,93.0,94.19999694824219,92.77999877929688,94.0,75.66474151611328,3359300
2004-06-30,94.0,94.8499984741211,93.55999755859375,94.16000366210938,75.79352569580078,4135600
2004-07-01,94.16999816894531,94.3499984741211,92.68000030517578,93.6500015258789,75.38304901123047,4569500
2004-07-02,93.8499984741211,93.97000122070312,92.5,93.61000061035156,75.35079956054688,3330600
2004-07-06,92.61000061035156,92.95999908447266,91.88999938964844,92.19999694824219,74.21582794189453,2603700
2004-07-07,91.5999984741211,91.80000305175781,90.41999816894531,90.56999969482422,72.90377807617188,4501900
2004-07-08,89.9000015258789,91.2300033569336,89.83000183105469,90.0,72.4449462890625,3493200
2004-07-09,90.69999694824219,90.9800033569336,90.01000213623047,90.05000305175781,72.48524475097656,2518900
2004-07-12,90.05000305175781,90.80000305175781,88.80000305175781,90.66000366210938,72.97624969482422,3509600
2004-07-13,90.0,90.8499984741211,89.19000244140625,90.36000061035156,72.73474884033203,3744000
2004-07-14,89.55999755859375,91.4800033569336,89.54000091552734,89.88999938964844,72.35640716552734,3447500
2004-07-15,90.19999694824219,90.20999908447266,88.11000061035156,88.33000183105469,71.10069274902344,3899700
2004-07-16,89.52999877929688,89.58000183105469,87.1500015258789,87.25,70.23136138916016,3562400
2004-07-19,87.5,88.12999725341797,86.66999816894531,87.5,70.4325942993164,3308600
2004-07-20,87.25,89.8499984741211,87.20999908447266,89.69999694824219,72.2034683227539,4131100
2004-07-21,89.69999694824219,90.69999694824219,87.4000015258789,87.41999816894531,70.36820220947266,4535400
2004-07-22,87.0199966430664,88.5,85.72000122070312,87.76000213623047,70.64189910888672,4883400
2004-07-23,86.80999755859375,88.19999694824219,86.80999755859375,87.55000305175781,70.67418670654297,3096600
2004-07-26,87.72000122070312,88.19000244140625,86.62999725341797,87.02999877929688,70.2544174194336,3805400
2004-07-27,87.02999877929688,88.9800033569336,87.0199966430664,88.79000091552734,71.67516326904297,4131900
2004-07-28,88.2699966430664,89.30000305175781,87.33000183105469,88.70999908447266,71.6105728149414,4273500
2004-07-29,89.6500015258789,90.05000305175781,89.08000183105469,89.69000244140625,72.4017105102539,3588700
2004-07-30,89.05000305175781,89.36000061035156,87.70999908447266,88.19000244140625,71.19084167480469,3706400
2004-08-02,87.77999877929688,88.63999938964844,87.33000183105469,88.44000244140625,71.39262390136719,3020400
2004-08-03,88.4000015258789,89.05999755859375,87.4800033569336,87.68000030517578,70.77912139892578,2726800
2004-08-04,87.3499984741211,88.44999694824219,86.75,87.6500015258789,70.7549057006836,3460200
2004-08-05,88.0999984741211,88.0999984741211,85.69000244140625,85.80000305175781,69.2614974975586,3203000
2004-08-06,85.0,86.1500015258789,84.19999694824219,84.55000305175781,68.2524642944336,5065600
2004-08-09,84.55000305175781,85.19999694824219,84.02999877929688,84.55000305175781,68.2524642944336,2916200
2004-08-10,84.69999694824219,85.52999877929688,84.2699966430664,85.30999755859375,68.8659439086914,5453300
2004-08-11,84.80000305175781,85.5999984741211,84.18000030517578,84.6500015258789,68.33316040039062,3995400
2004-08-12,84.6500015258789,85.19999694824219,83.4000015258789,83.86000061035156,67.69544982910156,4773500
2004-08-13,83.86000061035156,84.25,83.29000091552734,84.25,68.01025390625,2533900
2004-08-16,84.25,86.29000091552734,84.25,85.81999969482422,69.27764129638672,2990100
2004-08-17,87.16000366210938,87.25,86.23999786376953,86.38999938964844,69.73777770996094,3122600
2004-08-18,86.30000305175781,87.5,86.05999755859375,87.44000244140625,70.58539581298828,2979700
2004-08-19,87.30999755859375,87.69000244140625,85.94999694824219,86.5999984741211,69.90727996826172,2669200
2004-08-20,86.5999984741211,88.06999969482422,86.37999725341797,87.80999755859375,70.88407897949219,2651200
2004-08-23,87.80999755859375,88.33999633789062,87.27999877929688,87.5,70.6338119506836,4164200
2004-08-24,88.1500015258789,88.37000274658203,87.45999908447266,87.52999877929688,70.65802001953125,2371300
2004-08-25,87.77999877929688,90.25,87.55999755859375,90.02999877929688,72.6761474609375,4104300
2004-08-26,89.93000030517578,91.56999969482422,89.76000213623047,91.12000274658203,73.5560531616211,3366000
2004-08-27,91.12000274658203,91.19999694824219,90.16999816894531,90.4800033569336,73.03939056396484,1642400
2004-08-30,90.2300033569336,90.3499984741211,89.01000213623047,89.1500015258789,71.96575164794922,1824400
2004-08-31,89.55999755859375,89.80999755859375,88.45999908447266,89.6500015258789,72.36942291259766,2403900
2004-09-01,89.8499984741211,90.5,88.94999694824219,89.19000244140625,71.99806213378906,1913900
2004-09-02,89.19999694824219,91.30000305175781,88.88999938964844,91.05999755859375,73.50759887695312,2361400
2004-09-03,91.05999755859375,91.72000122070312,90.0,90.19999694824219,72.8133773803711,1667700
2004-09-07,91.19999694824219,92.77999877929688,91.05999755859375,92.2300033569336,74.45206451416016,3903300
2004-09-08,92.29000091552734,92.55000305175781,91.36000061035156,91.44000244140625,73.8143539428711,2901400
2004-09-09,92.0999984741211,92.16000366210938,90.61000061035156,91.87000274658203,74.16146087646484,3081200
2004-09-10,91.87000274658203,93.2300033569336,91.69999694824219,93.12999725341797,75.1786117553711,2846100
2004-09-13,93.4000015258789,93.5999984741211,92.7699966430664,93.5999984741211,75.5580062866211,2957800
2004-09-14,93.27999877929688,94.25,92.9000015258789,94.0999984741211,75.96163940429688,2900100
2004-09-15,94.0,94.01000213623047,92.41000366210938,92.41000366210938,74.5973892211914,2768000
2004-09-16,92.6500015258789,93.62000274658203,92.4000015258789,93.16000366210938,75.20285034179688,2530000
2004-09-17,93.29000091552734,93.45999908447266,91.80999755859375,92.05000305175781,74.30680847167969,2890900
2004-09-20,91.0,92.12000274658203,90.97000122070312,91.68000030517578,74.00806427001953,3017600
2004-09-21,93.0,94.95999908447266,92.75,94.9000015258789,76.6074447631836,6120400
2004-09-22,93.08000183105469,94.18000030517578,92.5,93.38999938964844,75.38847351074219,6459600
2004-09-23,92.5,93.63999938964844,92.5,93.06999969482422,75.13016510009766,4313900
2004-09-24,93.66999816894531,93.7699966430664,92.83999633789062,93.4800033569336,75.46110534667969,2614100
2004-09-27,93.4800033569336,93.48999786376953,92.12000274658203,92.75,74.8718490600586,3414700
2004-09-28,92.75,93.23999786376953,91.7699966430664,93.05999755859375,75.12208557128906,2806600
2004-09-29,93.05999755859375,93.47000122070312,92.4000015258789,93.27999877929688,75.2996597290039,3005900
2004-09-30,93.3499984741211,93.56999969482422,92.44999694824219,93.23999786376953,75.26738739013672,2721700
2004-10-01,93.45999908447266,94.69000244140625,93.33999633789062,93.91999816894531,75.8163070678711,3184800
2004-10-04,94.80000305175781,95.44999694824219,94.44000244140625,94.87000274658203,76.58321380615234,3640600
2004-10-05,94.94999694824219,95.0999984741211,93.79000091552734,94.06999969482422,75.93743133544922,3938300
2004-10-06,94.06999969482422,95.66000366210938,93.75,95.52999877929688,77.11598205566406,3445200
2004-10-07,95.0,95.41999816894531,94.36000061035156,94.8499984741211,76.56707763671875,2758300
2004-10-08,94.8499984741211,95.5,93.91000366210938,94.23999786376953,76.07462310791016,3029400
2004-10-11,94.80000305175781,94.91000366210938,94.04000091552734,94.13999938964844,75.993896484375,1624700
2004-10-12,93.25,94.80000305175781,93.23999786376953,94.58999633789062,76.35719299316406,2613100
2004-10-13,95.0,95.25,94.19000244140625,94.72000122070312,76.46212005615234,2924600
2004-10-14,94.0,94.16000366210938,92.4000015258789,92.93000030517578,75.01712799072266,3915000
2004-10-15,93.69999694824219,94.31999969482422,93.08999633789062,94.16000366210938,76.01008605957031,3188100
2004-10-18,94.16000366210938,94.44999694824219,93.08999633789062,94.25,76.08272552490234,2572100
2004-10-19,94.25,95.0,92.5999984741211,93.05999755859375,75.12208557128906,4144600
2004-10-20,92.11000061035156,92.69000244140625,90.73999786376953,92.33999633789062,74.54087829589844,3934700
2004-10-21,92.0,93.8499984741211,91.9800033569336,93.47000122070312,75.65789031982422,4023000
2004-10-22,93.0199966430664,93.73999786376953,92.01000213623047,92.69999694824219,75.03466033935547,3515900
2004-10-25,91.75,92.70999908447266,91.11000061035156,92.41999816894531,74.8079605102539,3019600
2004-10-26,92.80000305175781,94.77999877929688,92.80000305175781,93.76000213623047,75.89261627197266,3445400
2004-10-27,93.27999877929688,96.30000305175781,93.0,96.0999984741211,77.78672790527344,4620900
2004-10-28,96.0999984741211,98.13999938964844,95.80000305175781,97.43000030517578,78.86328125,5321900
2004-10-29,97.43000030517578,98.44999694824219,97.43000030517578,98.37999725341797,79.63221740722656,3862600
2004-11-01,98.19999694824219,98.91000366210938,97.80000305175781,98.31999969482422,79.58366394042969,2519900
2004-11-02,98.8499984741211,99.7300033569336,98.5,98.55000305175781,79.76983642578125,4270100
2004-11-03,100.01000213623047,100.5,98.68000030517578,99.37000274658203,80.43360900878906,4333900
2004-11-04,99.37000274658203,100.55000305175781,98.44999694824219,100.0,80.94351196289062,4381500
2004-11-05,100.5,101.73999786376953,99.3499984741211,100.8499984741211,81.63153076171875,5101400
2004-11-08,100.4000015258789,100.80000305175781,99.77999877929688,100.20999908447266,81.11348724365234,2819200
2004-11-09,100.22000122070312,101.27999877929688,99.88999938964844,100.87000274658203,81.64774322509766,2826500
2004-11-10,100.91000366210938,101.33000183105469,100.37999725341797,100.75,81.55059051513672,2612000
2004-11-11,101.25,103.30000305175781,101.20999908447266,103.0,83.3718032836914,3966100
2004-11-12,103.44999694824219,104.9000015258789,103.2699966430664,104.66000366210938,84.71546173095703,4435100
2004-11-15,104.8499984741211,105.0999984741211,103.6500015258789,104.62000274658203,84.68310546875,3208200
2004-11-16,104.62999725341797,104.62999725341797,103.41999816894531,103.72000122070312,83.95459747314453,3694200
2004-11-17,104.05000305175781,105.4000015258789,103.94000244140625,104.70999908447266,84.75595092773438,3666000
2004-11-18,104.9000015258789,104.9800033569336,104.12000274658203,104.83000183105469,84.85309600830078,2086700
2004-11-19,104.7699966430664,104.7699966430664,101.91000366210938,103.04000091552734,83.40419006347656,3579400
2004-11-22,102.75,103.9000015258789,102.13999938964844,103.41999816894531,83.7117691040039,2344000
2004-11-23,103.75,104.06999969482422,103.08000183105469,103.80999755859375,84.02745056152344,2628300
2004-11-24,104.0999984741211,105.22000122070312,104.0999984741211,105.0,84.99066925048828,2427600
2004-11-26,104.94999694824219,105.4000015258789,104.83000183105469,104.83999633789062,84.86119079589844,796200
2004-11-29,105.43000030517578,105.58999633789062,104.51000213623047,105.08000183105469,85.05545043945312,2881900
2004-11-30,104.55000305175781,105.30999755859375,104.54000091552734,104.76000213623047,84.79641723632812,2966500
2004-12-01,105.25,106.1500015258789,104.95999908447266,106.0,85.80013275146484,3123200
2004-12-02,106.0199966430664,107.45999908447266,105.87000274658203,106.5999984741211,86.2857666015625,3503400
2004-12-03,106.5999984741211,107.08000183105469,105.51000213623047,106.47000122070312,86.18058013916016,2728700
2004-12-06,107.05000305175781,107.7300033569336,106.3499984741211,107.16999816894531,86.74713897705078,2334600
2004-12-07,107.72000122070312,107.79000091552734,106.08999633789062,106.08999633789062,85.87297058105469,2280000
2004-12-08,106.52999877929688,107.68000030517578,105.98999786376953,106.68000030517578,86.35054016113281,3038900
2004-12-09,106.69000244140625,107.81999969482422,106.19000244140625,107.48999786376953,87.00616455078125,2581600
2004-12-10,108.5,109.93000030517578,107.23999786376953,109.4000015258789,88.55217742919922,3898700
2004-12-13,109.94999694824219,110.87999725341797,109.44000244140625,110.44999694824219,89.40206909179688,4202500
2004-12-14,110.44999694824219,110.44999694824219,109.6500015258789,109.87999725341797,88.94074249267578,4179100
2004-12-15,109.6500015258789,110.41000366210938,108.66000366210938,109.25,88.43077087402344,4820700
2004-12-16,106.19999694824219,107.0,104.69999694824219,105.4000015258789,85.3144760131836,8113500
2004-12-17,104.0,105.58999633789062,103.0,103.75,83.97888946533203,7853300
2004-12-20,103.76000213623047,105.02999877929688,103.06999969482422,103.79000091552734,84.01129150390625,4836200
2004-12-21,104.0,105.19000244140625,103.68000030517578,105.01000213623047,84.99877166748047,5247400
2004-12-22,104.44999694824219,105.5,104.2300033569336,104.4000015258789,84.50503540039062,3505200
2004-12-23,104.6500015258789,105.41000366210938,104.3499984741211,104.3499984741211,84.46453094482422,2011800
2004-12-27,104.94999694824219,105.04000091552734,103.80000305175781,104.19999694824219,84.34313201904297,1716700
2004-12-28,104.19999694824219,105.20999908447266,104.19999694824219,105.1500015258789,85.11212158203125,1806500
2004-12-29,104.9000015258789,105.16000366210938,104.33000183105469,104.6500015258789,84.70736694335938,1588100
2004-12-30,104.9000015258789,105.58999633789062,104.77999877929688,104.91999816894531,84.9259033203125,1629000
2004-12-31,104.91999816894531,105.0,104.04000091552734,104.04000091552734,84.21361541748047,1487400
2005-01-03,104.9000015258789,105.25,104.33999633789062,104.94999694824219,84.95020294189453,4225300
2005-01-04,104.80000305175781,105.19999694824219,103.91000366210938,104.2699966430664,84.39981079101562,5154200
2005-01-05,103.75,104.9800033569336,103.58000183105469,103.80000305175781,84.01937866210938,3649300
2005-01-06,103.95999908447266,105.25,103.91000366210938,105.2300033569336,85.17684936523438,3590100
2005-01-07,105.2300033569336,105.45999908447266,104.4000015258789,104.77999877929688,84.8126220703125,3075000
2005-01-10,104.27999877929688,105.43000030517578,104.2699966430664,104.9800033569336,84.9745101928711,2686200
2005-01-11,104.05000305175781,104.68000030517578,103.4000015258789,104.16999816894531,84.31884765625,3132600
2005-01-12,104.0999984741211,104.26000213623047,102.41000366210938,103.2699966430664,83.59038543701172,3975800
2005-01-13,102.80000305175781,103.95999908447266,102.77999877929688,102.94000244140625,83.32322692871094,3256300
2005-01-14,103.0999984741211,104.3499984741211,102.94000244140625,104.22000122070312,84.35931396484375,2794400
2005-01-18,103.5999984741211,105.18000030517578,103.55999755859375,105.0,84.99066925048828,3224800
2005-01-19,104.33000183105469,104.72000122070312,103.80999755859375,104.05999755859375,84.22984313964844,3550400
2005-01-20,103.5,103.7699966430664,102.87999725341797,103.4000015258789,83.69558715820312,3252100
2005-01-21,103.19999694824219,104.54000091552734,102.79000091552734,103.33000183105469,83.84165954589844,4581000
2005-01-24,103.33000183105469,104.54000091552734,103.04000091552734,103.23999786376953,83.76860046386719,3895400
2005-01-25,104.0999984741211,104.69999694824219,102.61000061035156,102.86000061035156,83.46027374267578,3365000
2005-01-26,103.18000030517578,103.5199966430664,101.79000091552734,103.26000213623047,83.78483581542969,3979900
2005-01-27,103.37000274658203,104.33999633789062,103.01000213623047,104.0,84.38528442382812,3479100
2005-01-28,104.6500015258789,106.70999908447266,104.0,106.12000274658203,86.10543060302734,5854200
2005-01-31,107.37999725341797,107.97000122070312,107.1500015258789,107.8499984741211,87.50917053222656,3826500
2005-02-01,107.6500015258789,108.94000244140625,107.30000305175781,108.4000015258789,87.95541381835938,3369200
2005-02-02,108.1500015258789,108.97000122070312,107.98999786376953,108.58999633789062,88.10958099365234,2858400
2005-02-03,108.4000015258789,108.94000244140625,108.19999694824219,108.73999786376953,88.23129272460938,2933200
2005-02-04,108.73999786376953,110.33000183105469,108.70999908447266,110.0199966430664,89.26988983154297,3726700
2005-02-07,110.0199966430664,110.20999908447266,109.33000183105469,109.58999633789062,88.92098999023438,2684800
2005-02-08,109.97000122070312,111.93000030517578,109.91000366210938,111.55000305175781,90.5113296508789,4222400
2005-02-09,112.0,113.3499984741211,111.3499984741211,111.44999694824219,90.43016815185547,4589600
2005-02-10,111.80000305175781,112.9800033569336,111.75,112.7699966430664,91.501220703125,3585900
2005-02-11,112.77999877929688,113.93000030517578,112.06999969482422,112.7699966430664,91.501220703125,3942900
2005-02-14,112.77999877929688,113.37999725341797,111.69000244140625,111.97000122070312,90.85208129882812,2267900
2005-02-15,112.5,113.19000244140625,112.25,112.70999908447266,91.45255279541016,2459000
2005-02-16,112.3499984741211,112.62000274658203,111.61000061035156,112.2699966430664,91.09553527832031,2228800
2005-02-17,112.5999984741211,112.80999755859375,110.54000091552734,110.5999984741211,89.740478515625,2349400
2005-02-18,110.6500015258789,110.80000305175781,108.5999984741211,109.0,88.44225311279297,3331900
2005-02-22,108.05000305175781,109.26000213623047,107.5199966430664,107.86000061035156,87.51725769042969,2515000
2005-02-23,108.62000274658203,109.41000366210938,108.16999816894531,109.11000061035156,88.53152465820312,2764100
2005-02-24,108.6500015258789,109.20999908447266,108.12999725341797,108.5,88.03655242919922,1995900
2005-02-25,108.7300033569336,110.25,108.52999877929688,110.0999984741211,89.33477783203125,2222200
2005-02-28,110.0,110.11000061035156,108.3499984741211,108.80000305175781,88.27999877929688,2650000
2005-03-01,108.38999938964844,110.76000213623047,108.38999938964844,110.0199966430664,89.26988983154297,2504400
2005-03-02,109.25,111.31999969482422,109.22000122070312,109.7300033569336,89.03458404541016,2217100
2005-03-03,110.4000015258789,110.86000061035156,109.0,109.41000366210938,88.77493286132812,2061300
2005-03-04,110.19999694824219,112.83000183105469,110.02999877929688,111.52999877929688,90.49513244628906,3103600
2005-03-07,111.94999694824219,113.12000274658203,111.52999877929688,112.80000305175781,91.52558898925781,2543300
2005-03-08,112.80000305175781,113.16999816894531,112.0999984741211,112.62999725341797,91.38760375976562,2702600
2005-03-09,112.5,112.5,110.81999969482422,110.87000274658203,89.95956420898438,2718500
2005-03-10,111.44999694824219,112.0,110.81999969482422,111.33000183105469,90.33283233642578,2430800
2005-03-11,111.33999633789062,111.55000305175781,108.91000366210938,109.55000305175781,88.88855743408203,2983800
2005-03-14,109.80999755859375,110.75,109.05999755859375,110.0,89.2536392211914,2701400
2005-03-15,111.69999694824219,111.9000015258789,110.43000030517578,110.54000091552734,89.69181823730469,3080300
2005-03-16,110.54000091552734,110.58000183105469,108.5999984741211,109.97000122070312,89.22933959960938,3160100
2005-03-17,109.97000122070312,111.23999786376953,108.44999694824219,110.04000091552734,89.28614044189453,5540200
2005-03-18,109.69999694824219,110.69999694824219,109.55999755859375,109.9800033569336,89.23743438720703,7553500
2005-03-21,110.0999984741211,110.83999633789062,109.5999984741211,109.5999984741211,88.92909240722656,3944600
2005-03-22,109.75,110.98999786376953,107.66999816894531,107.98999786376953,87.62272644042969,5687400
2005-03-23,107.5999984741211,108.91999816894531,107.5,108.05999755859375,87.67952728271484,4449100
2005-03-24,108.77999877929688,109.5,108.37000274658203,108.4000015258789,87.95541381835938,2915600
2005-03-28,108.94999694824219,109.98999786376953,108.55000305175781,109.68000030517578,88.99400329589844,2543200
2005-03-29,109.68000030517578,110.62999725341797,108.37000274658203,108.44999694824219,87.99598693847656,3836100
2005-03-30,108.19000244140625,109.9000015258789,108.19000244140625,109.80000305175781,89.09136962890625,4057300
2005-03-31,110.0,110.26000213623047,109.05999755859375,109.98999786376953,89.24553680419922,3790100
2005-04-01,110.73999786376953,111.05999755859375,108.30999755859375,109.30000305175781,88.6856689453125,5625700
2005-04-04,109.1500015258789,111.33000183105469,108.58000183105469,111.0,90.06502532958984,6114600
2005-04-05,110.94999694824219,111.9000015258789,110.44999694824219,110.58999633789062,89.73235321044922,4656300
2005-04-06,110.94999694824219,112.63999938964844,110.79000091552734,112.5,91.28215789794922,5276800
2005-04-07,112.5,113.93000030517578,112.19999694824219,113.52999877929688,92.11791229248047,4735900
2005-04-08,113.25,114.25,112.77999877929688,112.93000030517578,91.63105010986328,3801400
2005-04-11,113.44999694824219,113.80999755859375,111.91999816894531,112.08999633789062,90.949462890625,3599100
2005-04-12,111.55000305175781,112.47000122070312,110.13999938964844,111.76000213623047,90.68173217773438,5921800
2005-04-13,111.7699966430664,112.0,109.7300033569336,110.01000213623047,89.26177215576172,4684700
2005-04-14,110.1500015258789,110.4000015258789,108.43000030517578,108.48999786376953,88.02845001220703,4350600
2005-04-15,108.3499984741211,109.06999969482422,106.48999786376953,106.48999786376953,86.40567016601562,5600500
2005-04-18,106.69000244140625,107.98999786376953,106.30000305175781,107.3499984741211,87.10344696044922,4059600
2005-04-19,107.5,107.91999816894531,106.66000366210938,106.69000244140625,86.56791687011719,4613900
2005-04-20,106.69999694824219,106.88999938964844,104.06999969482422,104.33000183105469,84.65304565429688,5484400
2005-04-21,105.5,106.91999816894531,103.44999694824219,105.11000061035156,85.28592681884766,7066500
2005-04-22,105.0,105.75,103.20999908447266,104.19000244140625,84.74099731445312,7265000
2005-04-25,105.5,106.41000366210938,104.55000305175781,105.73999786376953,86.00163269042969,3600400
2005-04-26,105.73999786376953,107.19000244140625,105.12000274658203,105.72000122070312,85.98540496826172,3703400
2005-04-27,105.66999816894531,108.16000366210938,105.20999908447266,107.76000213623047,87.64462280273438,3631200
2005-04-28,106.94999694824219,107.88999938964844,105.94000244140625,106.2300033569336,86.40020751953125,3574100
2005-04-29,107.12999725341797,107.27999877929688,104.5,106.79000091552734,86.85564422607422,4585000
2005-05-02,105.8499984741211,105.8499984741211,103.0,104.45999908447266,84.9605712890625,6286100
2005-05-03,103.55000305175781,104.9000015258789,103.05000305175781,104.37000274658203,84.88742065429688,5618200
2005-05-04,105.19999694824219,107.1500015258789,104.6500015258789,106.2699966430664,86.43274688720703,5198800
2005-05-05,106.80000305175781,107.29000091552734,104.55999755859375,105.30000305175781,85.6437759399414,4722400
2005-05-06,105.75,106.18000030517578,104.5,104.68000030517578,85.13953399658203,3804000
2005-05-09,104.4800033569336,105.54000091552734,104.22000122070312,105.5,85.80645751953125,3631100
2005-05-10,104.22000122070312,104.2699966430664,101.80999755859375,102.11000061035156,83.04926300048828,6365100
2005-05-11,102.55000305175781,104.04000091552734,101.97000122070312,103.75,84.38313293457031,5132100
2005-05-12,103.5,103.7300033569336,99.33999633789062,100.22000122070312,81.51206970214844,7465400
2005-05-13,99.5,100.19999694824219,96.41999816894531,97.81999969482422,79.56008911132812,9189000
2005-05-16,98.0,99.29000091552734,97.80000305175781,98.41999816894531,80.048095703125,4893300
2005-05-17,97.5,98.62000274658203,97.25,98.3499984741211,79.99114227294922,5396100
2005-05-18,99.0,99.97000122070312,98.5,99.58000183105469,80.99153900146484,5248400
2005-05-19,100.0,100.5,99.2300033569336,100.12000274658203,81.43074798583984,3734500
2005-05-20,99.94999694824219,101.19999694824219,99.55000305175781,101.08000183105469,82.21150970458984,3495500
2005-05-23,101.6500015258789,101.6500015258789,100.30000305175781,100.69000244140625,81.89434814453125,3706200
2005-05-24,100.5,100.5,98.69999694824219,99.58000183105469,80.99153900146484,4118500
2005-05-25,99.69999694824219,99.69999694824219,97.2300033569336,97.25,79.09646606445312,6690600
2005-05-26,98.05000305175781,98.16000366210938,96.04000091552734,96.5999984741211,78.56780242919922,7984100
2005-05-27,96.94999694824219,96.97000122070312,95.16000366210938,95.5,77.6731185913086,6726800
2005-05-31,94.9000015258789,97.56999969482422,94.75,97.5,79.29981231689453,7687500
2005-06-01,97.4000015258789,99.77999877929688,96.70999908447266,98.63999938964844,80.22700500488281,6487000
2005-06-02,98.0,98.4800033569336,97.2300033569336,97.66999816894531,79.43806457519531,3975200
2005-06-03,97.55000305175781,98.12999725341797,96.66000366210938,97.30000305175781,79.13716125488281,3299100
2005-06-06,96.75,98.77999877929688,96.43000030517578,98.41999816894531,80.048095703125,3379800
2005-06-07,99.19999694824219,99.47000122070312,98.27999877929688,98.4000015258789,80.03178405761719,3734200
2005-06-08,99.0999984741211,99.2300033569336,98.3499984741211,98.3499984741211,79.99114227294922,3018700
2005-06-09,99.19999694824219,100.36000061035156,98.61000061035156,99.94999694824219,81.29246520996094,4091100
2005-06-10,100.12999725341797,100.12999725341797,98.68000030517578,99.05000305175781,80.56047058105469,1879100
2005-06-13,98.77999877929688,99.7699966430664,98.41000366210938,99.26000213623047,80.73126220703125,4434400
2005-06-14,99.6500015258789,100.16999816894531,98.25,98.30000305175781,79.95046997070312,4687900
2005-06-15,98.5999984741211,99.62999725341797,97.80999755859375,99.19000244140625,80.6743392944336,6113000
2005-06-16,100.0,103.30000305175781,98.69999694824219,102.6500015258789,83.48844146728516,10327600
2005-06-17,102.75,104.23999786376953,102.30000305175781,103.80000305175781,84.42382049560547,6254200
2005-06-20,103.25,103.8499984741211,102.66000366210938,103.25,83.97644805908203,3718500
2005-06-21,103.0,103.80000305175781,102.55999755859375,102.63999938964844,83.48033142089844,3704600
2005-06-22,102.66999816894531,103.4000015258789,102.33999633789062,102.47000122070312,83.3420639038086,3564400
2005-06-23,102.30000305175781,103.12999725341797,101.9000015258789,102.0199966430664,82.97607421875,3857400
2005-06-24,102.16000366210938,103.69999694824219,101.93000030517578,103.66999816894531,84.31807708740234,5214000
2005-06-27,103.0,103.69000244140625,102.0,103.19999694824219,83.93578338623047,3099900
2005-06-28,103.5,104.95999908447266,103.30000305175781,103.95999908447266,84.5539321899414,3477400
2005-06-29,104.20999908447266,104.44999694824219,102.61000061035156,102.79000091552734,83.60231018066406,3225900
2005-06-30,103.27999877929688,103.45999908447266,101.7699966430664,102.0199966430664,82.97607421875,3062500
2005-07-01,102.16999816894531,103.63999938964844,102.16999816894531,102.70999908447266,83.5372543334961,2433500
2005-07-05,102.25,103.69999694824219,102.16000366210938,103.18000030517578,83.91950988769531,2487800
2005-07-06,103.02999877929688,104.06999969482422,103.02999877929688,103.55000305175781,84.220458984375,4302800
2005-07-07,102.3499984741211,104.20999908447266,102.0199966430664,104.0999984741211,84.6678237915039,4250300
2005-07-08,104.0999984741211,105.83999633789062,103.68000030517578,105.6500015258789,85.9284439086914,3191900
2005-07-11,105.66000366210938,107.45999908447266,105.62000274658203,107.30999755859375,87.2785873413086,4440500
2005-07-12,107.0,108.68000030517578,107.0,107.23999786376953,87.22166442871094,4383200
2005-07-13,107.31999969482422,108.45999908447266,107.23999786376953,108.0,87.83978271484375,3890400
2005-07-14,108.94999694824219,109.19999694824219,108.22000122070312,108.55000305175781,88.28712463378906,3750300
2005-07-15,108.25,108.79000091552734,107.7699966430664,108.5,88.24647521972656,2968100
2005-07-18,107.94999694824219,108.68000030517578,107.48999786376953,108.23999786376953,88.03498077392578,2687900
2005-07-19,108.6500015258789,109.87999725341797,108.62000274658203,109.72000122070312,89.23869323730469,3630700
2005-07-20,107.75,109.9800033569336,107.7300033569336,109.61000061035156,89.14923858642578,4081500
2005-07-21,109.25,109.63999938964844,107.87999725341797,108.25,88.04312133789062,3921800
2005-07-22,107.94000244140625,109.23999786376953,107.68000030517578,109.12999725341797,88.96430206298828,2310700
2005-07-25,109.06999969482422,109.7300033569336,108.30999755859375,108.31999969482422,88.3039779663086,1873000
2005-07-26,108.52999877929688,108.72000122070312,107.56999969482422,107.72000122070312,87.81483459472656,2000700
2005-07-27,107.94999694824219,109.18000030517578,107.27999877929688,109.1500015258789,88.98060607910156,2389200
2005-07-28,109.19999694824219,109.9000015258789,108.0999984741211,109.66999816894531,89.40450286865234,2342500
2005-07-29,109.41999816894531,109.5,107.44000244140625,107.4800033569336,87.61917114257812,2087800
2005-08-01,107.5999984741211,108.2699966430664,106.69000244140625,107.12000274658203,87.32572174072266,2459600
2005-08-02,107.25,109.68000030517578,107.25,109.5199966430664,89.2822265625,2682200
2005-08-03,109.08000183105469,111.0999984741211,108.7699966430664,110.87000274658203,90.38277435302734,3367900
2005-08-04,110.0,110.06999969482422,108.75,109.25,89.06214141845703,2082300
2005-08-05,108.75,109.80000305175781,108.25,109.69999694824219,89.42897033691406,3261500
2005-08-08,110.02999877929688,110.95999908447266,109.6500015258789,109.91000366210938,89.60018157958984,2777500
2005-08-09,110.02999877929688,111.62000274658203,110.0199966430664,111.4800033569336,90.88006591796875,3613500
2005-08-10,111.9800033569336,113.81999969482422,111.81999969482422,112.02999877929688,91.3284683227539,4273100
2005-08-11,112.08000183105469,114.27999877929688,111.94000244140625,114.13999938964844,93.04850769042969,4167700
2005-08-12,113.18000030517578,114.3499984741211,112.9000015258789,113.6500015258789,92.64908599853516,3031100
2005-08-15,113.25,114.81999969482422,112.9800033569336,114.66999816894531,93.48057556152344,2315000
2005-08-16,114.55000305175781,114.87000274658203,112.0,112.08000183105469,91.36920166015625,2684000
2005-08-17,111.8499984741211,112.06999969482422,110.20999908447266,111.12999725341797,90.59475708007812,4218100
2005-08-18,110.88999938964844,111.33000183105469,110.22000122070312,110.8499984741211,90.3664779663086,2042200
2005-08-19,111.12000274658203,111.83999633789062,110.94999694824219,111.2699966430664,90.70885467529297,1450300
2005-08-22,111.80000305175781,112.41000366210938,111.08000183105469,111.69999694824219,91.05939483642578,1682400
2005-08-23,111.5,112.0,111.06999969482422,111.80000305175781,91.14092254638672,1927000
2005-08-24,111.79000091552734,112.70999908447266,109.98999786376953,109.98999786376953,89.66539001464844,2245400
2005-08-25,110.23999786376953,110.75,109.0,110.5,90.08116149902344,1968300
2005-08-26,110.5,110.69999694824219,109.02999877929688,109.75,89.4697494506836,1660700
2005-08-29,109.5,110.41000366210938,109.27999877929688,110.1500015258789,89.79583740234375,1613800
2005-08-30,109.9000015258789,110.0,108.86000061035156,109.83999633789062,89.54310607910156,1804400
2005-08-31,109.83999633789062,111.5,109.83999633789062,111.18000030517578,90.6354751586914,2130100
2005-09-01,111.69999694824219,114.44000244140625,111.5999984741211,113.12000274658203,92.2170181274414,3080700
2005-09-02,113.30000305175781,113.79000091552734,112.7300033569336,113.20999908447266,92.2903823852539,1472900
2005-09-06,113.79000091552734,114.91999816894531,113.62999725341797,114.58999633789062,93.41535949707031,2199100
2005-09-07,114.58999633789062,115.05000305175781,114.33000183105469,114.91000366210938,93.67626190185547,2098200
2005-09-08,114.7300033569336,115.69999694824219,114.41000366210938,115.16000366210938,93.88004302978516,2281000
2005-09-09,115.5,116.27999877929688,115.4000015258789,116.16999816894531,94.70345306396484,2357100
2005-09-12,116.70999908447266,118.4800033569336,116.56999969482422,118.0,96.19527435302734,3124300
2005-09-13,117.75,117.88999938964844,116.73999786376953,117.19999694824219,95.54308319091797,2378500
2005-09-14,117.75,118.5,115.5199966430664,115.9000015258789,94.4832992553711,3492100
2005-09-15,115.0,116.1500015258789,114.86000061035156,115.94999694824219,94.52405548095703,2979300
2005-09-16,116.5,118.5,116.30000305175781,118.4000015258789,96.52137756347656,6335500
2005-09-19,118.0999984741211,118.62000274658203,117.0199966430664,118.27999877929688,96.42353057861328,3313100
2005-09-20,120.38999938964844,120.4000015258789,118.05000305175781,118.05000305175781,96.23601531982422,6741600
2005-09-21,116.12999725341797,117.61000061035156,115.45999908447266,115.68000030517578,94.303955078125,5870100
2005-09-22,115.68000030517578,119.04000091552734,114.94999694824219,118.5,96.60285949707031,4830800
2005-09-23,118.79000091552734,119.91000366210938,117.81999969482422,119.47000122070312,97.39362335205078,3835100
2005-09-26,119.94999694824219,120.13999938964844,119.30000305175781,120.0,97.8257064819336,3848700
2005-09-27,119.69999694824219,120.97000122070312,119.55000305175781,119.66999816894531,97.5566635131836,4065000
2005-09-28,120.1500015258789,120.87000274658203,119.77999877929688,120.0999984741211,97.90721893310547,3630400
2005-09-29,119.0999984741211,121.47000122070312,119.02999877929688,121.22000122070312,98.82022857666016,4431100
2005-09-30,120.88999938964844,121.69999694824219,120.80000305175781,121.58000183105469,99.11373138427734,2643800
2005-10-03,121.29000091552734,122.36000061035156,121.27999877929688,121.6500015258789,99.17078399658203,3418100
2005-10-04,120.9000015258789,121.6500015258789,118.69999694824219,118.91999816894531,96.94526672363281,3963800
2005-10-05,118.91999816894531,119.19000244140625,116.5999984741211,117.75,95.991455078125,4382500
2005-10-06,117.69999694824219,118.55999755859375,116.2300033569336,116.93000030517578,95.32295989990234,4138300
2005-10-07,117.25,118.05000305175781,117.19999694824219,117.56999969482422,95.84473419189453,3089500
2005-10-10,118.0,119.37000274658203,117.55000305175781,118.51000213623047,96.61102294921875,3388000
2005-10-11,119.19999694824219,119.79000091552734,117.0,117.55000305175781,95.82843017578125,5395400
2005-10-12,117.55000305175781,118.66999816894531,113.52999877929688,115.6500015258789,94.27949523925781,6656200
2005-10-13,115.19999694824219,116.2300033569336,110.2300033569336,113.18000030517578,92.26591491699219,9109200
2005-10-14,114.0999984741211,114.87000274658203,112.52999877929688,114.55000305175781,93.38275909423828,5705300
2005-10-17,115.98999786376953,117.69999694824219,115.93000030517578,117.05000305175781,95.42081451416016,4296800
2005-10-18,116.55000305175781,118.38999938964844,116.52999877929688,117.08999633789062,95.45343017578125,4139600
2005-10-19,116.25,121.33000183105469,116.0199966430664,121.19999694824219,98.80394744873047,6704500
2005-10-20,119.9800033569336,122.08000183105469,118.70999908447266,118.75,97.00675201416016,9035700
2005-10-21,119.80000305175781,119.9800033569336,118.0199966430664,118.7699966430664,97.02310180664062,5417800
2005-10-24,119.69999694824219,123.47000122070312,119.19999694824219,123.30000305175781,100.72367095947266,5516500
2005-10-25,122.5199966430664,124.83999633789062,122.31999969482422,123.55000305175781,100.92790222167969,5102600
2005-10-26,123.25,124.98999786376953,122.6500015258789,124.25,101.49972534179688,4170000
2005-10-27,123.80000305175781,124.9000015258789,122.0199966430664,122.43000030517578,100.01296997070312,4132200
2005-10-28,123.69999694824219,124.75,122.58999633789062,124.55999755859375,101.7529296875,3520700
2005-10-31,125.0,127.37999725341797,124.94999694824219,126.37000274658203,103.23155212402344,3816000
2005-11-01,126.69999694824219,126.88999938964844,124.80000305175781,126.5999984741211,103.41941833496094,3914900
2005-11-02,126.0,129.44000244140625,126.0,129.1300048828125,105.48617553710938,4266100
2005-11-03,130.0,130.0,128.08999633789062,129.1999969482422,105.5433578491211,5002600
2005-11-04,129.75,131.17999267578125,128.89999389648438,130.9600067138672,106.98109436035156,4093400
2005-11-07,130.5,131.69000244140625,128.6699981689453,129.14999389648438,105.50249481201172,3561400
2005-11-08,128.35000610351562,128.36000061035156,127.22000122070312,127.5199966430664,104.17098236083984,2944500
2005-11-09,127.83999633789062,129.72999572753906,127.5,128.6999969482422,105.13491821289062,2655400
2005-11-10,128.14999389648438,130.3300018310547,127.77999877929688,130.08999633789062,106.27039337158203,3174500
2005-11-11,129.4499969482422,130.6300048828125,129.27000427246094,130.0,106.19688415527344,2134000
2005-11-14,130.32000732421875,130.32000732421875,128.60000610351562,129.24000549316406,105.57604217529297,1799300
2005-11-15,129.6999969482422,129.75999450683594,127.05999755859375,127.97000122070312,104.53856658935547,2356400
2005-11-16,128.35000610351562,128.47000122070312,126.55999755859375,128.17999267578125,104.71009063720703,2538900
2005-11-17,128.0,130.41000366210938,127.86000061035156,130.41000366210938,106.53182983398438,2595400
2005-11-18,131.89999389648438,131.89999389648438,129.80999755859375,131.5800018310547,107.48756408691406,2616000
2005-11-21,131.25,132.47999572753906,130.49000549316406,132.41000366210938,108.16561889648438,2084400
2005-11-22,131.8000030517578,132.99000549316406,130.80999755859375,132.60000610351562,108.32081604003906,2392300
2005-11-23,132.61000061035156,134.99000549316406,132.61000061035156,134.0800018310547,109.52983856201172,3139800
2005-11-25,134.1999969482422,134.88999938964844,134.02999877929688,134.1199951171875,109.56248474121094,808200
2005-11-28,134.3000030517578,134.3000030517578,130.83999633789062,131.10000610351562,107.0954818725586,2759900
2005-11-29,132.0,132.42999267578125,129.0500030517578,130.4499969482422,106.56448364257812,3095500
2005-11-30,130.4499969482422,131.27000427246094,128.44000244140625,128.9600067138672,105.3473129272461,3016000
2005-12-01,130.5,131.66000366210938,129.61000061035156,130.27999877929688,106.42562103271484,2497400
2005-12-02,130.14999389648438,131.75999450683594,130.00999450683594,131.0800018310547,107.07913970947266,1891400
2005-12-05,130.75,133.6699981689453,129.4199981689453,133.0500030517578,108.68841552734375,2709600
2005-12-06,133.9499969482422,134.16000366210938,130.85000610351562,131.30999755859375,107.26700592041016,3019000
2005-12-07,130.67999267578125,131.10000610351562,128.85000610351562,129.88999938964844,106.10700225830078,2646300
2005-12-08,129.0500030517578,130.02000427246094,127.76000213623047,128.63999938964844,105.08588409423828,3191000
2005-12-09,129.14999389648438,130.0500030517578,128.44000244140625,129.66000366210938,105.91912841796875,1878800
2005-12-12,130.39999389648438,131.02000427246094,128.50999450683594,130.00999450683594,106.20500183105469,2006300
2005-12-13,128.8000030517578,131.88999938964844,128.50999450683594,131.63999938964844,107.53656768798828,3430800
2005-12-14,131.0800018310547,131.89999389648438,129.35000610351562,129.6300048828125,105.89463806152344,3471600
2005-12-15,128.25,129.60000610351562,127.5999984741211,128.3000030517578,104.8081283569336,5480900
2005-12-16,127.66000366210938,127.86000061035156,126.11000061035156,126.5,103.3377456665039,5437100
2005-12-19,127.30000305175781,127.4000015258789,124.44999694824219,125.12999725341797,102.21855926513672,4217400
2005-12-20,124.69999694824219,126.2300033569336,124.33999633789062,125.86000061035156,102.81491088867188,4094300
2005-12-21,126.3499984741211,128.3000030517578,126.11000061035156,127.30999755859375,103.99943542480469,3694400
2005-12-22,127.55000305175781,128.25,126.69000244140625,127.98999786376953,104.55489349365234,2437100
2005-12-23,127.94999694824219,128.47000122070312,127.4000015258789,128.11000061035156,104.65293884277344,1670200
2005-12-27,128.6999969482422,129.39999389648438,127.83000183105469,128.25999450683594,104.77547454833984,2826500
2005-12-28,128.3000030517578,128.80999755859375,127.63999938964844,127.9800033569336,104.54674530029297,1809100
2005-12-29,127.44999694824219,128.74000549316406,127.44999694824219,128.02000427246094,104.57942962646484,1684500
2005-12-30,127.1500015258789,128.07000732421875,126.69999694824219,127.70999908447266,104.3261947631836,1962500
2006-01-03,126.69999694824219,129.44000244140625,124.2300033569336,128.8699951171875,105.27378845214844,6188700
2006-01-04,127.3499984741211,128.91000366210938,126.37999725341797,127.08999633789062,103.8197021484375,4861600
2006-01-05,126.0,127.31999969482422,125.61000061035156,127.04000091552734,103.77883911132812,3717400
2006-01-06,127.29000091552734,129.25,127.29000091552734,128.83999633789062,105.2492446899414,4319600
2006-01-09,128.5,130.6199951171875,128.0,130.38999938964844,106.51549530029297,4723500
2006-01-10,130.0500030517578,132.9499969482422,130.02000427246094,132.02999877929688,107.85517883300781,5536800
2006-01-11,131.4499969482422,133.8000030517578,131.4199981689453,131.97000122070312,107.80616760253906,4671400
2006-01-12,131.39999389648438,133.2100067138672,131.3800048828125,132.25,108.03490447998047,3725500
2006-01-13,132.02000427246094,133.66000366210938,131.89999389648438,133.25999450683594,108.8599624633789,2894900
2006-01-17,131.0,133.1300048828125,130.58999633789062,132.58999633789062,108.31262969970703,3621600
2006-01-18,131.05999755859375,132.67999267578125,131.00999450683594,132.3699951171875,108.13292694091797,4302700
2006-01-19,132.72000122070312,134.82000732421875,132.7100067138672,133.82000732421875,109.31742858886719,5010700
2006-01-20,132.85000610351562,134.05999755859375,131.25,131.44000244140625,107.57416534423828,5679900
2006-01-23,131.63999938964844,134.17999267578125,131.63999938964844,132.8699951171875,108.74454498291016,3847900
2006-01-24,132.6300048828125,134.08999633789062,132.33999633789062,133.0,108.85092163085938,3758000
2006-01-25,133.64999389648438,134.0399932861328,132.4600067138672,133.55999755859375,109.30928039550781,3740500
2006-01-26,133.00999450683594,138.36000061035156,133.00999450683594,137.39999389648438,112.45198059082031,4808200
2006-01-27,137.92999267578125,139.75,137.10000610351562,138.94000244140625,113.71237182617188,3687900
2006-01-30,139.5500030517578,140.63999938964844,138.7100067138672,139.8699951171875,114.47350311279297,3168600
2006-01-31,139.72999572753906,141.86000061035156,138.4499969482422,141.25,115.60298919677734,4906200
2006-02-01,141.39999389648438,142.9499969482422,140.42999267578125,141.7100067138672,115.97943115234375,3635900
2006-02-02,142.27000427246094,143.77000427246094,141.39999389648438,142.52000427246094,116.64237976074219,3711000
2006-02-03,141.5500030517578,143.1199951171875,140.6999969482422,142.74000549316406,116.8224105834961,4178900
2006-02-06,142.61000061035156,144.10000610351562,141.60000610351562,142.82000732421875,116.88790893554688,3849300
2006-02-07,142.35000610351562,143.30999755859375,139.47999572753906,139.47999572753906,114.15433502197266,5207700
2006-02-08,140.10000610351562,141.92999267578125,139.32000732421875,141.13999938964844,115.51290893554688,4481400
2006-02-09,141.13999938964844,142.85000610351562,140.49000549316406,140.85000610351562,115.27561950683594,3059500
2006-02-10,140.6699981689453,141.85000610351562,137.8000030517578,140.80999755859375,115.24286651611328,4433100
2006-02-13,139.64999389648438,141.8000030517578,139.14999389648438,139.64999389648438,114.29348754882812,2155200
2006-02-14,141.1999969482422,142.32000732421875,138.77000427246094,141.77999877929688,116.03671264648438,3003100
2006-02-15,142.0,145.5,141.39999389648438,145.13999938964844,118.78662109375,4330700
2006-02-16,146.10000610351562,146.35000610351562,144.2100067138672,145.89999389648438,119.40864562988281,2847300
2006-02-17,146.19000244140625,146.22000122070312,144.05999755859375,145.5399932861328,119.11402893066406,2407200
2006-02-21,145.55999755859375,145.75,143.00999450683594,143.4499969482422,117.40348052978516,2539800
2006-02-22,143.4499969482422,145.52999877929688,143.22999572753906,145.52999877929688,119.10586547851562,2664200
2006-02-23,145.61000061035156,145.61000061035156,143.7899932861328,143.9600067138672,117.82087707519531,2457400
2006-02-24,143.0500030517578,145.39999389648438,143.0500030517578,144.16000366210938,117.98455810546875,2314700
2006-02-27,144.80999755859375,145.25,143.33999633789062,143.82000732421875,117.7063217163086,2282200
2006-02-28,143.60000610351562,144.16000366210938,141.11000061035156,141.2899932861328,115.63571166992188,3911700
2006-03-01,141.97999572753906,143.74000549316406,141.55999755859375,143.14999389648438,117.15792083740234,2989900
2006-03-02,143.07000732421875,144.86000061035156,142.24000549316406,144.0,117.85363006591797,2902300
2006-03-03,143.5,147.47999572753906,143.10000610351562,146.0,119.49048614501953,4042700
2006-03-06,146.5399932861328,147.0800018310547,144.30999755859375,145.02000427246094,118.68846130371094,2900600
2006-03-07,144.3699951171875,144.4600067138672,143.1699981689453,144.27999877929688,118.08280181884766,2775400
2006-03-08,143.5500030517578,144.6699981689453,141.25999450683594,142.49000549316406,116.61781311035156,3633100
2006-03-09,142.66000366210938,143.39999389648438,141.1999969482422,141.6999969482422,115.97122192382812,2262100
2006-03-10,141.6300048828125,142.4499969482422,140.14999389648438,141.52999877929688,115.8321304321289,3247000
2006-03-13,141.5500030517578,142.9499969482422,139.17999267578125,140.72000122070312,115.1691665649414,4945700
2006-03-14,145.9199981689453,149.5,145.6199951171875,149.4199981689453,122.28950500488281,11360100
2006-03-15,148.3000030517578,149.63999938964844,147.58999633789062,149.0,121.94576263427734,7557100
2006-03-16,149.10000610351562,149.69000244140625,147.4499969482422,147.69000244140625,120.87364959716797,6025800
2006-03-17,148.25,151.5399932861328,148.02999877929688,150.36000061035156,123.058837890625,6670000
2006-03-20,150.0500030517578,152.66000366210938,149.8000030517578,152.17999267578125,124.5483627319336,4896800
2006-03-21,151.61000061035156,152.0,149.00999450683594,149.39999389648438,122.27311706542969,4460600
2006-03-22,148.3000030517578,152.36000061035156,148.3000030517578,151.82000732421875,124.25374603271484,3770800
2006-03-23,151.1699981689453,151.9600067138672,150.4499969482422,151.6699981689453,124.1310043334961,3852700
2006-03-24,151.67999267578125,152.57000732421875,150.8800048828125,152.1699981689453,124.5401840209961,2651700
2006-03-27,152.1300048828125,155.36000061035156,152.1300048828125,155.0,126.85633087158203,4314600
2006-03-28,155.00999450683594,157.82000732421875,154.16000366210938,154.16000366210938,126.16889953613281,6481600
2006-03-29,154.89999389648438,157.57000732421875,154.83999633789062,156.89999389648438,128.41136169433594,4458100
2006-03-30,157.72999572753906,159.6300048828125,155.7100067138672,156.80999755859375,128.33767700195312,4771000
2006-03-31,157.0,158.3800048828125,156.25,156.9600067138672,128.46047973632812,3298400
2006-04-03,157.99000549316406,159.8800048828125,156.9199981689453,158.1199951171875,129.40988159179688,3979800
2006-04-04,158.1199951171875,161.36000061035156,158.1199951171875,161.0,131.7669219970703,5088800
2006-04-05,160.5,161.9199981689453,160.0,160.75,131.56228637695312,4191500
2006-04-06,160.07000732421875,162.07000732421875,160.07000732421875,162.0399932861328,132.61810302734375,4180900
2006-04-07,162.0399932861328,163.16000366210938,159.88999938964844,161.02000427246094,131.78329467773438,4964100
2006-04-10,162.5,164.0500030517578,161.4499969482422,162.4600067138672,132.9618377685547,4470700
2006-04-11,163.0,163.3000030517578,158.50999450683594,159.14999389648438,130.2528533935547,4962800
2006-04-12,159.6300048828125,160.3000030517578,158.39999389648438,159.52000427246094,130.55560302734375,3404000
2006-04-13,158.4499969482422,159.69000244140625,158.1999969482422,159.42999267578125,130.4820098876953,2217100
2006-04-17,160.25,163.2100067138672,160.0,161.94000244140625,132.53623962402344,3381700
2006-04-18,162.75,166.17999267578125,161.32000732421875,165.5500030517578,135.4907684326172,4828300
2006-04-19,164.5500030517578,167.57000732421875,163.60000610351562,167.0500030517578,136.71835327148438,4670400
2006-04-20,166.05999755859375,169.30999755859375,166.05999755859375,168.5500030517578,137.94602966308594,4893900
2006-04-21,168.6199951171875,168.66000366210938,165.32000732421875,165.88999938964844,136.051513671875,3591500
2006-04-24,165.5,166.27000427246094,163.5,165.35000610351562,135.60865783691406,3431400
2006-04-25,165.35000610351562,165.60000610351562,161.75999450683594,162.8000030517578,133.517333984375,3361400
2006-04-26,163.5,164.64999389648438,162.1999969482422,163.39999389648438,134.0093994140625,3032600
2006-04-27,163.35000610351562,165.7899932861328,162.10000610351562,163.97000122070312,134.4768524169922,4063900
2006-04-28,163.80999755859375,164.88999938964844,158.64999389648438,160.2899932861328,131.45877075195312,5349000
2006-05-01,160.3000030517578,161.6699981689453,156.0800018310547,156.4499969482422,128.3095245361328,5652300
2006-05-02,157.60000610351562,160.0,157.1199951171875,158.8300018310547,130.2613983154297,3710700
2006-05-03,159.5,159.85000610351562,157.75,159.14999389648438,130.52389526367188,2521000
2006-05-04,159.16000366210938,160.3300018310547,158.0,158.0399932861328,129.61346435546875,2554600
2006-05-05,159.75,164.60000610351562,159.69000244140625,164.38999938964844,134.8213348388672,3737500
2006-05-08,164.38999938964844,166.5500030517578,162.1999969482422,163.52999877929688,134.1160888671875,2395700
2006-05-09,163.75,166.25999450683594,163.6999969482422,165.75,135.93670654296875,2615300
2006-05-10,164.85000610351562,165.41000366210938,162.0500030517578,164.08999633789062,134.57528686523438,3215800
2006-05-11,164.3800048828125,164.49000549316406,158.60000610351562,159.27999877929688,130.6305389404297,3639600
2006-05-12,158.75,159.6999969482422,156.07000732421875,156.11000061035156,128.0306854248047,4579300
2006-05-15,154.60000610351562,157.0,151.11000061035156,153.13999938964844,125.59486389160156,6119200
2006-05-16,153.60000610351562,155.11000061035156,150.6199951171875,152.6999969482422,125.23399353027344,4016000
2006-05-17,150.85000610351562,151.14999389648438,147.0,148.2100067138672,121.55164337158203,7477600
2006-05-18,149.36000061035156,150.25,146.25,147.02999877929688,120.5838623046875,6076200
2006-05-19,148.3000030517578,150.4499969482422,146.75,149.41000366210938,122.5357894897461,6502500
2006-05-22,148.50999450683594,148.50999450683594,143.33999633789062,146.14999389648438,119.86215209960938,8472600
2006-05-23,148.0500030517578,148.8800048828125,143.6999969482422,143.6999969482422,117.85281372070312,5606600
2006-05-24,143.64999389648438,145.58999633789062,140.4199981689453,143.9199981689453,118.03326416015625,8759600
2006-05-25,145.1999969482422,147.32000732421875,144.67999267578125,147.32000732421875,120.82170104980469,5611300
2006-05-26,150.0,152.94000244140625,149.47000122070312,152.94000244140625,125.43085479736328,5749700
2006-05-30,151.0,151.9499969482422,149.25,149.8300018310547,122.88021087646484,5217200
2006-05-31,151.3000030517578,152.38999938964844,149.14999389648438,150.9499969482422,123.79875946044922,5262200
2006-06-01,150.9199981689453,153.58999633789062,150.19000244140625,153.5500030517578,125.93107604980469,4206200
2006-06-02,155.5,157.0,153.60000610351562,154.08999633789062,126.37395477294922,4253400
2006-06-05,154.9499969482422,156.2899932861328,149.85000610351562,150.39999389648438,123.34766387939453,5400000
2006-06-06,151.38999938964844,152.05999755859375,147.5,149.24000549316406,122.3963851928711,6562400
2006-06-07,149.25,152.52999877929688,148.3000030517578,149.9499969482422,122.97863006591797,4319900
2006-06-08,148.8000030517578,150.6699981689453,144.5,149.75999450683594,122.82276916503906,7885500
2006-06-09,151.0,152.10000610351562,148.99000549316406,149.88999938964844,122.92945098876953,4407300
2006-06-12,150.3000030517578,150.72000122070312,145.0,145.0,118.91899108886719,5860300
2006-06-13,144.5,145.5,138.00999450683594,139.25,114.2032470703125,15679700
2006-06-14,139.75,141.75999450683594,136.7899932861328,138.5,113.58818054199219,10541300
2006-06-15,140.39999389648438,145.19000244140625,140.07000732421875,144.1199951171875,118.19730377197266,10870200
2006-06-16,143.3000030517578,144.58999633789062,142.61000061035156,144.0,118.09886169433594,6368000
2006-06-19,144.97999572753906,145.75,142.9499969482422,143.75,117.89383697509766,6517300
2006-06-20,144.64999389648438,145.99000549316406,143.58999633789062,145.25999450683594,119.13224029541016,5808700
2006-06-21,145.77000427246094,150.32000732421875,145.5,149.8300018310547,122.88021087646484,7645900
2006-06-22,149.7100067138672,150.5,146.9499969482422,148.30999755859375,121.6336441040039,4402000
2006-06-23,147.85000610351562,149.39999389648438,147.2100067138672,147.9199981689453,121.31375885009766,3488000
2006-06-26,148.9199981689453,149.9499969482422,148.10000610351562,149.89999389648438,122.93766784667969,3799600
2006-06-27,149.0500030517578,150.88999938964844,147.16000366210938,147.16000366210938,120.69049072265625,3666400
2006-06-28,147.41000366210938,148.5,145.07000732421875,146.49000549316406,120.14099884033203,4907100
2006-06-29,148.10000610351562,152.1999969482422,146.35000610351562,152.1999969482422,124.82395935058594,6656800
2006-06-30,152.1999969482422,152.72000122070312,149.5,150.42999267578125,123.372314453125,5973300
2006-07-03,151.92999267578125,152.7899932861328,151.33999633789062,152.4499969482422,125.02900695800781,3250500
2006-07-05,151.6999969482422,151.6999969482422,150.0,150.9499969482422,123.79875946044922,4478600
2006-07-06,152.2899932861328,152.3000030517578,150.1999969482422,150.5800018310547,123.49536895751953,3441000
2006-07-07,150.00999450683594,150.5,148.44000244140625,148.50999450683594,121.79764556884766,3618700
2006-07-10,149.25,150.41000366210938,148.16000366210938,148.85000610351562,122.07655334472656,2946100
2006-07-11,148.39999389648438,149.0,146.5500030517578,148.6699981689453,121.92889404296875,3817200
2006-07-12,148.6999969482422,149.22999572753906,145.07000732421875,145.27000427246094,119.14045715332031,4300100
2006-07-13,144.02999877929688,145.1999969482422,142.10000610351562,142.5500030517578,116.90968322753906,6116700
2006-07-14,143.10000610351562,143.5,138.97000122070312,140.10000610351562,114.90037536621094,5659400
2006-07-17,140.10000610351562,142.27000427246094,139.1999969482422,140.8699951171875,115.5318603515625,4528700
2006-07-18,140.6199951171875,142.47999572753906,139.89999389648438,142.33999633789062,116.73743438720703,5874300
2006-07-19,142.6999969482422,147.85000610351562,142.6999969482422,146.97000122070312,120.53466033935547,6079400
2006-07-20,146.6999969482422,147.8000030517578,145.0,145.17999267578125,119.06660461425781,4264500
2006-07-21,145.0500030517578,145.05999755859375,141.8000030517578,142.0399932861328,116.77295684814453,4682400
2006-07-24,143.3000030517578,147.5,143.05999755859375,146.89999389648438,120.76840209960938,4610700
2006-07-25,146.89999389648438,149.6699981689453,145.33999633789062,148.49000549316406,122.07554626464844,4984000
2006-07-26,147.5,148.82000732421875,146.69000244140625,147.3800048828125,121.16300964355469,3326000
2006-07-27,148.6999969482422,149.6300048828125,147.58999633789062,148.25999450683594,121.88646697998047,4085900
2006-07-28,149.64999389648438,152.35000610351562,149.3300018310547,151.72000122070312,124.73096466064453,4752200
2006-07-31,151.60000610351562,153.72999572753906,150.66000366210938,152.75,125.57778930664062,4370000
2006-08-01,151.6300048828125,151.74000549316406,149.58999633789062,151.25999450683594,124.3528060913086,3468500
2006-08-02,150.25999450683594,150.5,147.5399932861328,149.89999389648438,123.2347640991211,6139300
2006-08-03,148.75,153.14999389648438,148.47000122070312,152.10000610351562,125.04341125488281,3854000
2006-08-04,154.0,156.2899932861328,152.1699981689453,152.99000549316406,125.7750473022461,4892300
2006-08-07,152.1199951171875,154.85000610351562,151.75999450683594,152.64999389648438,125.49555969238281,3029800
2006-08-08,152.64999389648438,155.39999389648438,150.49000549316406,151.4499969482422,124.50904083251953,6199900
2006-08-09,153.5,153.75,149.60000610351562,150.00999450683594,123.32518005371094,4234300
2006-08-10,149.5,152.1199951171875,148.5,151.6300048828125,124.65702056884766,3782100
2006-08-11,152.35000610351562,152.8699951171875,149.99000549316406,151.11000061035156,124.22945404052734,2576500
2006-08-14,152.47999572753906,153.00999450683594,149.42999267578125,150.3699951171875,123.62114715576172,3110900
2006-08-15,152.3800048828125,153.99000549316406,151.2100067138672,152.64999389648438,125.49555969238281,4907000
2006-08-16,153.9499969482422,155.0500030517578,152.72000122070312,154.99000549316406,127.4193115234375,3563900
2006-08-17,153.89999389648438,156.8699951171875,153.85000610351562,154.4499969482422,126.97534942626953,3365700
2006-08-18,154.4499969482422,154.75,153.0,154.67999267578125,127.16444396972656,2742100
2006-08-21,153.16000366210938,154.25,151.63999938964844,153.8300018310547,126.46568298339844,3731200
2006-08-22,154.36000061035156,155.00999450683594,153.0500030517578,154.14999389648438,126.72872161865234,3696600
2006-08-23,153.41000366210938,154.75,152.14999389648438,152.6999969482422,125.53663635253906,2811300
2006-08-24,153.5500030517578,153.60000610351562,150.75,151.39999389648438,124.46795654296875,3100000
2006-08-25,150.69000244140625,151.4199981689453,149.75,150.07000732421875,123.37448120117188,2476200
2006-08-28,148.25,150.5399932861328,147.8800048828125,149.52999877929688,122.93054962158203,4151000
2006-08-29,149.60000610351562,149.7899932861328,145.66000366210938,147.08999633789062,120.92459869384766,4939600
2006-08-30,147.1999969482422,147.75999450683594,146.4199981689453,147.05999755859375,120.89993286132812,2938000
2006-08-31,147.07000732421875,148.75,147.07000732421875,148.64999389648438,122.20708465576172,2834300
2006-09-01,148.6999969482422,149.42999267578125,147.1300048828125,149.13999938964844,122.60990905761719,3453100
2006-09-05,149.75,151.50999450683594,149.0500030517578,151.27999877929688,124.36925506591797,3576000
2006-09-06,150.64999389648438,151.44000244140625,149.9199981689453,150.6699981689453,123.8677978515625,2962200
2006-09-07,150.10000610351562,150.67999267578125,148.35000610351562,148.57000732421875,122.14134979248047,3577600
2006-09-08,151.0,151.0,147.52000427246094,149.8000030517578,123.15249633789062,3277400
2006-09-11,149.25,151.22999572753906,149.14999389648438,151.0,124.13905334472656,3134200
2006-09-12,154.75,159.75,154.7100067138672,158.2899932861328,130.13223266601562,10644400
2006-09-13,157.6999969482422,162.25999450683594,156.80999755859375,160.86000061035156,132.24508666992188,7605900
2006-09-14,159.75,163.17999267578125,159.52000427246094,162.52000427246094,133.6097869873047,5496800
2006-09-15,162.5,163.75,161.52000427246094,162.7100067138672,133.76597595214844,6845100
2006-09-18,162.02000427246094,164.8000030517578,162.0,163.22000122070312,134.18531799316406,5733300
2006-09-19,163.0800018310547,164.22000122070312,162.30999755859375,163.38999938964844,134.3250274658203,4851400
2006-09-20,164.6300048828125,167.16000366210938,164.22999572753906,166.60000610351562,136.96405029296875,6403800
2006-09-21,167.5,169.69000244140625,165.86000061035156,167.14999389648438,137.41619873046875,8052600
2006-09-22,166.9499969482422,168.3300018310547,165.75999450683594,167.52000427246094,137.72036743164062,5103900
2006-09-25,167.89999389648438,169.4199981689453,167.0,168.69000244140625,138.68218994140625,4780000
2006-09-26,167.94000244140625,169.9199981689453,167.02000427246094,168.67999267578125,138.67404174804688,6095300
2006-09-27,168.92999267578125,169.89999389648438,167.25,169.0,138.93707275390625,5185300
2006-09-28,168.9499969482422,170.0,167.8000030517578,170.0,139.75921630859375,4413800
2006-09-29,170.0500030517578,171.14999389648438,169.10000610351562,169.1699981689453,139.07684326171875,4394400
2006-10-02,168.50999450683594,171.4499969482422,168.50999450683594,170.69000244140625,140.32644653320312,4143700
2006-10-03,170.44000244140625,174.39999389648438,170.10000610351562,174.1999969482422,143.2121124267578,5823500
2006-10-04,173.30999755859375,176.66000366210938,173.30999755859375,176.55999755859375,145.1522216796875,8069400
2006-10-05,176.52000427246094,176.52000427246094,174.69000244140625,175.5,144.28089904785156,5749400
2006-10-06,174.32000732421875,176.0,173.8000030517578,175.64999389648438,144.40415954589844,4898200
2006-10-09,175.39999389648438,177.49000549316406,175.32000732421875,177.4499969482422,145.88392639160156,3985500
2006-10-10,177.0500030517578,179.85000610351562,176.7899932861328,178.86000061035156,147.04315185546875,6559900
2006-10-11,177.3000030517578,178.97000122070312,176.75,178.97000122070312,147.1336212158203,5615300
2006-10-12,179.27000427246094,181.9199981689453,178.61000061035156,181.50999450683594,149.2217254638672,5754200
2006-10-13,181.2100067138672,183.9600067138672,180.64999389648438,183.85000610351562,151.14549255371094,5163300
2006-10-16,183.82000732421875,185.47999572753906,183.08999633789062,185.22000122070312,152.2718505859375,4699100
2006-10-17,184.22000122070312,184.7100067138672,182.13999938964844,183.07000732421875,150.50421142578125,5867200
2006-10-18,184.07000732421875,184.64999389648438,181.85000610351562,182.97000122070312,150.42201232910156,6127000
2006-10-19,181.25,182.6300048828125,179.89999389648438,180.0500030517578,148.3050994873047,5560400
2006-10-20,179.72000122070312,180.69000244140625,178.85000610351562,180.39999389648438,148.59339904785156,4206600
2006-10-23,180.22999572753906,184.8699951171875,180.2100067138672,184.6999969482422,152.13525390625,4695800
2006-10-24,184.52000427246094,188.25,184.39999389648438,187.83999633789062,154.72166442871094,5516100
2006-10-25,188.63999938964844,189.69000244140625,187.16000366210938,188.61000061035156,155.3559112548828,5224400
2006-10-26,189.17999267578125,193.60000610351562,188.2899932861328,193.3800048828125,159.2848358154297,5732100
2006-10-27,192.00999450683594,193.22999572753906,188.38999938964844,188.6699981689453,155.40536499023438,5703200
2006-10-30,188.0,190.5500030517578,186.6999969482422,189.75,156.29493713378906,5354900
2006-10-31,190.0,191.02000427246094,188.8800048828125,189.7899932861328,156.32786560058594,4548300
2006-11-01,191.0,192.2100067138672,184.75,185.0,152.38241577148438,7731800
2006-11-02,184.50999450683594,187.7899932861328,182.6999969482422,187.38999938964844,154.3510284423828,6191000
2006-11-03,188.89999389648438,188.9499969482422,185.3000030517578,187.1300048828125,154.1367950439453,4153100
2006-11-06,187.67999267578125,191.6999969482422,187.67999267578125,190.0,156.50083923339844,4639000
2006-11-07,190.1999969482422,191.4199981689453,188.55999755859375,188.67999267578125,155.41354370117188,3697900
2006-11-08,187.64999389648438,189.9199981689453,186.5,188.77000427246094,155.48773193359375,3989800
2006-11-09,188.39999389648438,189.0,184.77999877929688,184.77999877929688,152.201171875,4488400
2006-11-10,185.4600067138672,187.07000732421875,184.60000610351562,187.05999755859375,154.07919311523438,3319800
2006-11-13,187.64999389648438,189.8000030517578,187.22999572753906,187.72999572753906,154.63104248046875,3382300
2006-11-14,188.39999389648438,190.94000244140625,185.39999389648438,190.36000061035156,156.7972869873047,4702800
2006-11-15,190.3699951171875,194.32000732421875,189.83999633789062,193.11000061035156,159.0625,5090900
2006-11-16,194.0,196.8000030517578,194.0,196.72000122070312,162.0360870361328,4784000
2006-11-17,195.97999572753906,197.0,194.8800048828125,195.0399932861328,160.65223693847656,3397300
2006-11-20,195.35000610351562,198.11000061035156,195.02999877929688,197.4499969482422,162.63726806640625,3344800
2006-11-21,199.0,199.88999938964844,198.2899932861328,199.75999450683594,164.5399932861328,3447600
2006-11-22,200.0,202.47000122070312,199.99000549316406,202.2899932861328,166.62396240234375,3057200
2006-11-24,200.22999572753906,203.35000610351562,199.14999389648438,201.60000610351562,166.05563354492188,1978600
2006-11-27,201.35000610351562,202.10000610351562,193.11000061035156,193.11000061035156,159.0625,6328200
2006-11-28,193.0,197.49000549316406,191.5,197.1199951171875,162.36546325683594,5864900
2006-11-29,197.99000549316406,199.4499969482422,193.05999755859375,196.22000122070312,161.62423706054688,5915000
2006-11-30,195.97999572753906,196.4499969482422,193.17999267578125,194.8000030517578,160.4545440673828,4082500
2006-12-01,195.6999969482422,196.42999267578125,191.52000427246094,194.5,160.20745849609375,4820900
2006-12-04,195.64999389648438,200.0800018310547,195.38999938964844,200.0500030517578,164.77891540527344,4259100
2006-12-05,199.6999969482422,202.25,198.2100067138672,201.61000061035156,166.06385803222656,3733000
2006-12-06,202.0,205.0500030517578,201.0,205.0,168.8561553955078,4133200
2006-12-07,206.6999969482422,206.6999969482422,200.0,200.1999969482422,164.9024658203125,5237500
2006-12-08,200.24000549316406,205.25999450683594,200.0,205.10000610351562,168.93853759765625,4968600
2006-12-11,205.5,205.5,201.83999633789062,202.52000427246094,166.8134307861328,5905800
2006-12-12,200.2100067138672,203.85000610351562,198.44000244140625,200.0,164.7377471923828,8926200
2006-12-13,200.72000122070312,201.77999877929688,198.0,198.30999755859375,163.34567260742188,5823000
2006-12-14,199.1999969482422,200.8000030517578,197.6300048828125,200.1300048828125,164.8448486328125,5081500
2006-12-15,200.61000061035156,201.9499969482422,199.8000030517578,199.83999633789062,164.60594177246094,5451400
2006-12-18,200.5,203.58999633789062,199.63999938964844,203.24000549316406,167.40647888183594,6018800
2006-12-19,201.97999572753906,202.6699981689453,200.42999267578125,201.24000549316406,165.7591094970703,4865700
2006-12-20,201.7899932861328,204.30999755859375,201.24000549316406,201.3699951171875,165.86614990234375,4336800
2006-12-21,202.36000061035156,202.69000244140625,197.6999969482422,198.10000610351562,163.1726837158203,4661800
2006-12-22,199.10000610351562,199.14999389648438,195.66000366210938,198.08999633789062,163.16445922851562,3500600
2006-12-26,198.89999389648438,200.60000610351562,198.2899932861328,199.86000061035156,164.62240600585938,2575600
2006-12-27,199.86000061035156,202.2899932861328,199.72000122070312,201.9499969482422,166.34393310546875,2887200
2006-12-28,202.3300018310547,202.47999572753906,199.75999450683594,200.8000030517578,165.39663696289062,2395600
2006-12-29,200.92999267578125,202.39999389648438,199.32000732421875,199.35000610351562,164.2023162841797,2762500
2007-01-03,200.60000610351562,203.32000732421875,197.82000732421875,200.72000122070312,165.33078002929688,6494900
2007-01-04,200.22000122070312,200.6699981689453,198.07000732421875,198.85000610351562,163.79046630859375,6460200
2007-01-05,198.42999267578125,200.0,197.89999389648438,199.0500030517578,163.9552459716797,5892900
2007-01-08,199.0500030517578,203.9499969482422,198.10000610351562,203.72999572753906,167.81007385253906,7851000
2007-01-09,203.5399932861328,204.89999389648438,202.0,204.0800018310547,168.09835815429688,7147100
2007-01-10,203.39999389648438,208.44000244140625,201.5,208.11000061035156,171.41778564453125,8025700
2007-01-11,208.33999633789062,213.1699981689453,207.60000610351562,211.8800048828125,174.52313232421875,9039400
2007-01-12,210.89999389648438,214.22000122070312,210.39999389648438,213.99000549316406,176.2611541748047,6618900
2007-01-16,210.85000610351562,215.1300048828125,210.85000610351562,213.58999633789062,175.93165588378906,5846600
2007-01-17,212.1999969482422,214.08999633789062,210.85000610351562,213.22999572753906,175.6351318359375,5306300
2007-01-18,213.75,214.80999755859375,209.10000610351562,209.67999267578125,172.71104431152344,6423200
2007-01-19,209.0800018310547,211.44000244140625,208.83999633789062,210.2899932861328,173.50314331054688,5333700
2007-01-22,211.08999633789062,213.25,209.60000610351562,212.97000122070312,175.71424865722656,4980700
2007-01-23,212.82000732421875,213.4199981689453,210.64999389648438,212.63999938964844,175.4420166015625,6293400
2007-01-24,213.50999450683594,220.1699981689453,213.02999877929688,220.10000610351562,181.59698486328125,6386800
2007-01-25,219.8300018310547,220.50999450683594,212.50999450683594,213.07000732421875,175.7967529296875,7853800
2007-01-26,214.55999755859375,214.89999389648438,210.60000610351562,213.5,176.15155029296875,7458200
2007-01-29,213.89999389648438,215.0800018310547,210.1300048828125,211.0399932861328,174.1219024658203,5890700
2007-01-30,211.0800018310547,212.30999755859375,208.3699951171875,208.77999877929688,172.2572479248047,6001000
2007-01-31,208.3000030517578,212.75,207.2899932861328,212.16000366210938,175.0459747314453,7235100
2007-02-01,213.44000244140625,213.89999389648438,209.72999572753906,212.0,174.91392517089844,5734500
2007-02-02,211.0,213.89999389648438,211.0,213.42999267578125,176.09378051757812,3527000
2007-02-05,213.3000030517578,213.72000122070312,211.5,212.5500030517578,175.36773681640625,2995700
2007-02-06,213.2899932861328,215.86000061035156,212.6999969482422,214.64999389648438,177.1003875732422,3803100
2007-02-07,215.02999877929688,215.85000610351562,213.10000610351562,213.5500030517578,176.1928253173828,3621700
2007-02-08,212.08999633789062,215.2100067138672,209.80999755859375,213.89999389648438,176.48159790039062,5410500
2007-02-09,215.77000427246094,219.25999450683594,210.5800018310547,213.27999877929688,175.97003173828125,9109300
2007-02-12,213.75,214.0,209.8699951171875,211.1300048828125,174.1961669921875,5384400
2007-02-13,211.97999572753906,213.3000030517578,210.47000122070312,212.52999877929688,175.35122680664062,4022000
2007-02-14,213.6999969482422,219.10000610351562,212.7899932861328,217.39999389648438,179.36927795410156,7696400
2007-02-15,217.94000244140625,218.83999633789062,216.41000366210938,216.82000732421875,178.89080810546875,3627200
2007-02-16,215.9600067138672,217.5,215.02000427246094,216.9199981689453,178.9732666015625,3118500
2007-02-20,218.3300018310547,221.89999389648438,215.97000122070312,220.94000244140625,182.2900390625,6225500
2007-02-21,219.25,221.5,218.16000366210938,220.14999389648438,181.6382293701172,5225500
2007-02-22,221.0,222.75,218.0,218.97000122070312,180.66470336914062,4273400
2007-02-23,219.16000366210938,219.8000030517578,215.5500030517578,216.5,178.62673950195312,5507400
2007-02-26,217.99000549316406,218.3699951171875,212.66000366210938,214.0,176.56411743164062,5552700
2007-02-27,209.75,210.39999389648438,194.64999389648438,196.0,161.71290588378906,18817600
2007-02-28,200.39999389648438,203.85000610351562,197.7899932861328,201.75,166.45706176757812,15940000
2007-03-01,197.1199951171875,202.6999969482422,194.0800018310547,199.66000366210938,164.73269653320312,14141300
2007-03-02,198.1999969482422,200.9199981689453,195.58999633789062,195.6699981689453,161.44064331054688,9842200
2007-03-05,193.5500030517578,197.49000549316406,189.85000610351562,190.0,156.76251220703125,13391800
2007-03-06,193.89999389648438,198.1999969482422,193.6999969482422,197.3699951171875,162.84323120117188,10796300
2007-03-07,197.47999572753906,199.0,195.5,195.58999633789062,161.3746337890625,8459500
2007-03-08,198.02999877929688,202.02000427246094,198.0,199.94000244140625,164.9636993408203,10789400
2007-03-09,202.9499969482422,202.99000549316406,198.86000061035156,201.6999969482422,166.415771484375,7676900
2007-03-12,200.0,202.88999938964844,198.86000061035156,202.60000610351562,167.15834045410156,9623200
2007-03-13,204.9600067138672,208.55999755859375,198.52000427246094,199.02999877929688,164.2128448486328,31973100
2007-03-14,200.0,202.16000366210938,197.5399932861328,200.14999389648438,165.13690185546875,20394300
2007-03-15,200.0,202.3699951171875,199.5,200.88999938964844,165.74742126464844,9741600
2007-03-16,200.7899932861328,201.0500030517578,198.27000427246094,199.0,164.1881103515625,10875200
2007-03-19,201.32000732421875,202.5,200.44000244140625,202.44000244140625,167.02638244628906,8186200
2007-03-20,202.49000549316406,204.42999267578125,202.0,204.0,168.31344604492188,6641900
2007-03-21,205.33999633789062,211.50999450683594,204.16000366210938,210.9499969482422,174.0476837158203,10934100
2007-03-22,211.6999969482422,211.75,209.2899932861328,210.0800018310547,173.32981872558594,8016100
2007-03-23,210.05999755859375,211.88999938964844,209.7100067138672,211.88999938964844,174.8231964111328,5106800
2007-03-26,212.00999450683594,212.22000122070312,209.3000030517578,211.72999572753906,174.69117736816406,6525100
2007-03-27,211.00999450683594,211.72999572753906,209.74000549316406,209.8699951171875,173.1566162109375,4806100
2007-03-28,208.2100067138672,208.6699981689453,206.19000244140625,206.75999450683594,170.59059143066406,7991200
2007-03-29,208.08999633789062,208.88999938964844,206.3000030517578,207.1999969482422,170.9536590576172,6380800
2007-03-30,207.44000244140625,209.02999877929688,204.6999969482422,206.6300048828125,170.4833526611328,5177000
2007-04-02,207.6699981689453,207.67999267578125,203.2899932861328,205.64999389648438,169.6747589111328,5797000
2007-04-03,207.0,209.75,206.47000122070312,209.75,173.0575714111328,5015300
2007-04-04,209.4499969482422,209.9499969482422,208.2100067138672,208.7899932861328,172.26551818847656,4141600
2007-04-05,208.5,208.5,207.41000366210938,207.92999267578125,171.55596923828125,3010800
2007-04-09,208.57000732421875,209.8699951171875,207.4499969482422,208.94000244140625,172.3892364501953,3610500
2007-04-10,208.3000030517578,209.80999755859375,208.2100067138672,209.0500030517578,172.47999572753906,3002700
2007-04-11,208.6999969482422,208.8699951171875,206.61000061035156,206.92999267578125,170.73085021972656,5550400
2007-04-12,206.25,207.52000427246094,205.38999938964844,207.0500030517578,170.82989501953125,3946200
2007-04-13,207.9499969482422,207.9499969482422,205.61000061035156,206.5,170.37612915039062,4320400
2007-04-16,208.24000549316406,215.22999572753906,208.1199951171875,214.52000427246094,176.99314880371094,10003000
2007-04-17,215.14999389648438,216.8699951171875,213.5399932861328,214.89999389648438,177.30670166015625,6064400
2007-04-18,214.10000610351562,218.5399932861328,213.97000122070312,216.75,178.8330535888672,6077200
2007-04-19,215.33999633789062,221.7100067138672,214.8000030517578,219.2899932861328,180.92869567871094,8880000
2007-04-20,221.22999572753906,222.19000244140625,218.3699951171875,220.0,181.80465698242188,7393900
2007-04-23,221.0,223.97999572753906,220.47999572753906,222.4199981689453,183.8044891357422,5816300
2007-04-24,222.75,223.24000549316406,218.7100067138672,220.72000122070312,182.39964294433594,6724800
2007-04-25,221.89999389648438,226.0500030517578,220.10000610351562,225.60000610351562,186.43238830566406,7627000
2007-04-26,225.89999389648438,226.61000061035156,224.1699981689453,224.80999755859375,185.77957153320312,4730800
2007-04-27,224.0500030517578,225.7100067138672,222.99000549316406,224.27999877929688,185.34161376953125,3597400
2007-04-30,224.36000061035156,224.97999572753906,218.47999572753906,218.61000061035156,180.6559600830078,5484500
2007-05-01,219.0800018310547,219.91000366210938,215.35000610351562,218.5800018310547,180.6311798095703,6295500
2007-05-02,218.0,221.9199981689453,217.4499969482422,219.49000549316406,181.38319396972656,4859500
2007-05-03,220.38999938964844,221.92999267578125,218.5500030517578,221.55999755859375,183.0937957763672,4414600
2007-05-04,222.60000610351562,227.33999633789062,221.42999267578125,227.33999633789062,187.8703155517578,5632300
2007-05-07,227.0,229.89999389648438,225.60000610351562,227.22000122070312,187.77113342285156,4637000
2007-05-08,225.9199981689453,225.99000549316406,222.9600067138672,224.9499969482422,185.8952178955078,4879700
2007-05-09,224.9499969482422,227.67999267578125,223.35000610351562,226.57000732421875,187.2339630126953,5195100
2007-05-10,225.5,226.97999572753906,222.9499969482422,223.10000610351562,184.36651611328125,4963100
2007-05-11,223.91000366210938,227.5500030517578,223.60000610351562,227.5,188.00253295898438,4956100
2007-05-14,228.02999877929688,229.0,225.35000610351562,226.17999267578125,186.91171264648438,4761900
2007-05-15,226.19000244140625,228.3300018310547,224.25999450683594,224.3800048828125,185.42422485351562,5771800
2007-05-16,225.58999633789062,227.9600067138672,224.52000427246094,227.11000061035156,187.68023681640625,5161400
2007-05-17,226.75,227.92999267578125,225.25,227.3800048828125,187.90338134765625,4185200
2007-05-18,228.5500030517578,231.22000122070312,227.9499969482422,230.33999633789062,190.34947204589844,6726900
2007-05-21,230.64999389648438,231.69000244140625,228.55999755859375,229.22999572753906,189.4322509765625,7778600
2007-05-22,229.7899932861328,231.66000366210938,228.75,230.7100067138672,190.65518188476562,3568400
2007-05-23,231.6999969482422,232.41000366210938,228.42999267578125,228.5399932861328,188.86195373535156,4276600
2007-05-24,229.3699951171875,230.75,225.0500030517578,225.67999267578125,186.49856567382812,6211000
2007-05-25,226.80999755859375,226.9499969482422,224.19000244140625,225.52999877929688,186.37454223632812,4068800
2007-05-29,226.25,228.89999389648438,226.02999877929688,228.44000244140625,188.77932739257812,3734700
2007-05-30,226.25,232.0,225.60000610351562,232.0,191.7212677001953,5393000
2007-05-31,232.2100067138672,233.97000122070312,230.08999633789062,230.82000732421875,190.7461700439453,4578100
2007-06-01,232.0800018310547,232.88999938964844,229.58999633789062,230.7100067138672,190.65518188476562,4093200
2007-06-04,230.0,230.64999389648438,227.94000244140625,229.7100067138672,189.828857421875,3411600
2007-06-05,229.36000061035156,230.3300018310547,228.25,229.36000061035156,189.53956604003906,3676600
2007-06-06,227.77000427246094,227.94000244140625,224.85000610351562,227.35000610351562,187.8785858154297,4411400
2007-06-07,226.2899932861328,227.4199981689453,219.33999633789062,220.0500030517578,181.84596252441406,8363600
2007-06-08,220.10000610351562,225.07000732421875,218.75,225.05999755859375,185.9862060546875,5903000
2007-06-11,225.60000610351562,227.57000732421875,224.1300048828125,227.16000366210938,187.7215576171875,4285600
2007-06-12,226.89999389648438,231.1199951171875,225.5800018310547,227.85000610351562,188.29177856445312,7474500
2007-06-13,229.0,233.63999938964844,228.0,233.63999938964844,193.07655334472656,7359000
2007-06-14,227.7100067138672,229.3000030517578,225.00999450683594,225.75,186.55633544921875,14381600
2007-06-15,227.3300018310547,228.47000122070312,226.0,226.19000244140625,186.91993713378906,7430400
2007-06-18,226.5500030517578,227.5399932861328,224.8000030517578,226.97000122070312,187.56455993652344,4370200
2007-06-19,226.16000366210938,229.57000732421875,225.49000549316406,229.47000122070312,189.63050842285156,4580200
2007-06-20,229.75,230.3300018310547,225.72000122070312,225.88999938964844,186.67205810546875,5831400
2007-06-21,225.97999572753906,226.89999389648438,222.1999969482422,226.89999389648438,187.5067138671875,8340800
2007-06-22,226.5,226.7899932861328,220.27000427246094,222.39999389648438,183.78793334960938,9778800
2007-06-25,221.11000061035156,223.1699981689453,215.0500030517578,216.74000549316406,179.11061096191406,11566700
2007-06-26,217.6999969482422,219.36000061035156,214.1699981689453,214.1699981689453,176.98681640625,9711500
2007-06-27,214.0,219.8000030517578,212.55999755859375,219.3300018310547,181.25099182128906,9018600
2007-06-28,219.75,221.47000122070312,217.6699981689453,218.9600067138672,180.9452667236328,5980200
2007-06-29,219.5500030517578,220.44000244140625,213.69000244140625,216.75,179.11891174316406,7853800
2007-07-02,217.5,219.64999389648438,216.0,219.17999267578125,181.12698364257812,5019900
2007-07-03,220.33999633789062,224.89999389648438,219.99000549316406,224.5500030517578,185.56466674804688,4676800
2007-07-05,224.2899932861328,224.2899932861328,221.1999969482422,221.32000732421875,182.89549255371094,5385600
2007-07-06,220.75999450683594,224.22000122070312,220.6999969482422,223.63999938964844,184.8126220703125,4122400
2007-07-09,223.02000427246094,225.77000427246094,222.50999450683594,223.3000030517578,184.53172302246094,3998900
2007-07-10,220.99000549316406,222.6999969482422,216.52000427246094,217.0800018310547,179.39158630371094,7960500
2007-07-11,216.97999572753906,219.0,214.64999389648438,216.72000122070312,179.09413146972656,8924700
2007-07-12,218.47000122070312,220.2899932861328,216.72000122070312,220.2899932861328,182.04434204101562,6072900
2007-07-13,220.05999755859375,222.82000732421875,219.1999969482422,222.17999267578125,183.606201171875,5605300
2007-07-16,221.8699951171875,223.4499969482422,219.4600067138672,220.39999389648438,182.13525390625,4654500
2007-07-17,221.74000549316406,222.1199951171875,218.64999389648438,219.39999389648438,181.30880737304688,5582200
2007-07-18,216.02999877929688,218.52000427246094,212.33999633789062,214.99000549316406,177.66445922851562,11664000
2007-07-19,217.0800018310547,217.5,210.02999877929688,211.69000244140625,174.93736267089844,9461900
2007-07-20,211.1699981689453,211.97000122070312,204.7899932861328,205.94000244140625,170.18568420410156,14540900
2007-07-23,207.16000366210938,207.8800048828125,204.07000732421875,205.0399932861328,169.44189453125,7760400
2007-07-24,202.6300048828125,204.55999755859375,196.77000427246094,198.14999389648438,163.74813842773438,12344500
2007-07-25,199.8000030517578,203.75,197.77999877929688,203.16000366210938,167.88827514648438,13933200
2007-07-26,198.0,199.88999938964844,189.0,195.1199951171875,161.2441864013672,22690900
2007-07-27,194.6699981689453,196.83999633789062,190.50999450683594,192.64999389648438,159.48912048339844,17054700
2007-07-30,194.52000427246094,197.60000610351562,192.4499969482422,195.74000549316406,162.04722595214844,12195100
2007-07-31,198.5500030517578,198.99000549316406,187.25,188.33999633789062,155.92100524902344,14744900
2007-08-01,187.02999877929688,189.10000610351562,182.85000610351562,189.0,156.46743774414062,16284300
2007-08-02,189.14999389648438,192.47999572753906,185.0,187.4600067138672,155.19247436523438,13133400
2007-08-03,185.41000366210938,186.83999633789062,179.67999267578125,179.67999267578125,148.7516632080078,19828300
2007-08-06,179.1999969482422,187.86000061035156,175.0,187.7899932861328,155.4656524658203,18867300
2007-08-07,186.5800018310547,194.63999938964844,185.38999938964844,191.25,158.33009338378906,22763100
2007-08-08,192.0399932861328,198.5,188.75999450683594,193.3000030517578,160.02723693847656,20622000
2007-08-09,186.16000366210938,190.64999389648438,180.7899932861328,182.25,150.87925720214844,20868400
2007-08-10,178.64999389648438,184.41000366210938,175.57000732421875,180.5,149.4304962158203,20278700
2007-08-13,185.00999450683594,187.25,176.61000061035156,177.5,146.94691467285156,15296400
2007-08-14,178.60000610351562,178.77999877929688,169.0,169.75,140.53091430664062,26255900
2007-08-15,169.0,173.52000427246094,163.8300018310547,164.89999389648438,136.51573181152344,22268000
2007-08-16,163.10000610351562,171.41000366210938,157.3800048828125,169.85000610351562,140.61373901367188,31328800
2007-08-17,178.1199951171875,180.86000061035156,170.5,175.0,144.87718200683594,26741100
2007-08-20,176.02000427246094,176.38999938964844,170.1199951171875,172.75999450683594,143.0227508544922,13174400
2007-08-21,172.5,177.3000030517578,170.0,175.47999572753906,145.27456665039062,11796100
2007-08-22,177.52000427246094,180.0500030517578,174.2899932861328,177.88999938964844,147.26979064941406,13427000
2007-08-23,179.7899932861328,180.8800048828125,175.9199981689453,177.5,146.94691467285156,10549400
2007-08-24,176.77000427246094,180.25999450683594,175.60000610351562,179.72999572753906,148.79298400878906,8935300
2007-08-27,179.3300018310547,180.0500030517578,177.25999450683594,177.9499969482422,147.31939697265625,6664000
2007-08-28,175.00999450683594,176.1300048828125,170.25,170.9499969482422,141.52430725097656,11610600
2007-08-29,172.3800048828125,174.4499969482422,167.9199981689453,173.72000122070312,143.8175506591797,12797500
2007-08-30,169.9600067138672,173.42999267578125,169.7899932861328,171.3800048828125,141.8803253173828,9559600
2007-08-31,175.64999389648438,178.10000610351562,173.8699951171875,176.00999450683594,145.71343994140625,11023700
2007-09-04,176.17999267578125,183.6999969482422,176.17999267578125,180.8000030517578,149.67884826660156,10161800
2007-09-05,179.67999267578125,179.7899932861328,176.89999389648438,177.80999755859375,147.20355224609375,8987600
2007-09-06,178.5,179.7100067138672,175.36000061035156,179.17999267578125,148.33770751953125,9250600
2007-09-07,176.60000610351562,181.0500030517578,175.0,178.97999572753906,148.172119140625,15144300
2007-09-10,180.5,186.07000732421875,178.5,183.61000061035156,152.0051727294922,12989300
2007-09-11,185.5,187.0,182.5,183.5,151.9141082763672,11334500
2007-09-12,183.13999938964844,184.25,181.6999969482422,182.52999877929688,151.111083984375,7737700
2007-09-13,183.75,196.0399932861328,183.72000122070312,188.47000122070312,156.0286407470703,11292300
2007-09-14,186.9499969482422,191.0,185.58999633789062,190.58999633789062,157.7836151123047,9337600
2007-09-17,189.0,189.5,186.33999633789062,187.61000061035156,155.3166046142578,7751300
2007-09-18,190.8000030517578,200.75999450683594,187.41000366210938,200.5,165.98789978027344,22107700
2007-09-19,203.49000549316406,207.0,203.0,205.5,170.12725830078125,23115400
2007-09-20,210.94000244140625,211.0,203.44000244140625,203.52999877929688,168.4962921142578,27435100
2007-09-21,205.55999755859375,210.35000610351562,203.52999877929688,209.97999572753906,173.8361053466797,18187700
2007-09-24,210.99000549316406,214.89999389648438,207.7100067138672,210.42999267578125,174.20860290527344,13439800
2007-09-25,209.0,213.07000732421875,208.80999755859375,210.89999389648438,174.5977020263672,11727900
2007-09-26,212.4199981689453,216.27000427246094,210.8000030517578,214.61000061035156,177.6691436767578,10681000
2007-09-27,215.4499969482422,218.3800048828125,214.19000244140625,216.77999877929688,179.46560668945312,8330100
2007-09-28,215.75999450683594,218.6699981689453,215.25,216.74000549316406,179.4324951171875,6156400
2007-10-01,215.41000366210938,223.6199951171875,215.39999389648438,222.97999572753906,184.598388671875,9905600
2007-10-02,223.25,228.5,222.11000061035156,228.02000427246094,188.7708282470703,9419800
2007-10-03,226.25,230.6300048828125,225.6699981689453,227.35000610351562,188.21620178222656,10121400
2007-10-04,227.5500030517578,229.25,223.88999938964844,225.9499969482422,187.05718994140625,10039900
2007-10-05,227.11000061035156,229.72000122070312,225.9600067138672,228.5,189.16818237304688,7327700
2007-10-08,227.50999450683594,229.35000610351562,226.25999450683594,226.9600067138672,187.893310546875,4142600
2007-10-09,227.8000030517578,239.6999969482422,226.1999969482422,239.1999969482422,198.0264892578125,15123700
2007-10-10,237.11000061035156,239.02999877929688,234.89999389648438,235.94000244140625,195.3275909423828,9685200
2007-10-11,239.02000427246094,239.02000427246094,226.0500030517578,229.00999450683594,189.59046936035156,12887100
2007-10-12,230.6699981689453,234.1999969482422,229.72999572753906,233.55999755859375,193.35723876953125,6544800
2007-10-15,233.25,234.30999755859375,227.4199981689453,229.33999633789062,189.8636016845703,7024200
2007-10-16,227.75999450683594,228.0,223.1999969482422,224.8300018310547,186.12997436523438,7415500
2007-10-17,228.25,230.47999572753906,223.0800018310547,227.6199951171875,188.43971252441406,9189000
2007-10-18,224.89999389648438,228.30999755859375,224.22000122070312,227.85000610351562,188.63014221191406,6499200
2007-10-19,226.14999389648438,227.47000122070312,217.60000610351562,217.69000244140625,180.21893310546875,13106800
2007-10-22,216.52000427246094,224.25,213.0,222.17999267578125,183.93614196777344,12163500
2007-10-23,223.6300048828125,225.8699951171875,220.91000366210938,223.75999450683594,185.2440948486328,8176600
2007-10-24,222.75999450683594,225.82000732421875,215.8000030517578,225.1199951171875,186.37008666992188,12650800
2007-10-25,224.11000061035156,230.0,221.80999755859375,226.66000366210938,187.9372100830078,12088700
2007-10-26,232.86000061035156,236.99000549316406,229.36000061035156,235.9199981689453,195.6151885986328,9389300
2007-10-29,236.22000122070312,244.97999572753906,235.07000732421875,243.80999755859375,202.15721130371094,9892400
2007-10-30,241.25,246.39999389648438,239.4499969482422,240.3300018310547,199.271728515625,10453400
2007-10-31,240.36000061035156,250.6999969482422,240.0,247.9199981689453,205.5650177001953,14384600
2007-11-01,243.5500030517578,244.41000366210938,238.75,240.2100067138672,199.17222595214844,12579000
2007-11-02,241.8000030517578,241.8000030517578,223.44000244140625,229.60000610351562,190.37486267089844,25177900
2007-11-05,220.0,224.89999389648438,212.8000030517578,218.38999938964844,181.07994079589844,21377900
2007-11-06,221.74000549316406,224.07000732421875,213.58999633789062,223.16000366210938,185.03509521484375,15570500
2007-11-07,218.89999389648438,221.7899932861328,213.16000366210938,214.17999267578125,177.58920288085938,13210300
2007-11-08,213.6699981689453,218.0,201.57000732421875,209.94000244140625,174.07359313964844,20301400
2007-11-09,202.57000732421875,218.58999633789062,202.57000732421875,211.3300018310547,175.22610473632812,16979700
2007-11-12,210.89999389648438,221.19000244140625,208.24000549316406,214.7100067138672,178.02870178222656,14406900
2007-11-13,220.94000244140625,233.0399932861328,218.33999633789062,233.0399932861328,193.22720336914062,17393800
2007-11-14,239.75,240.0500030517578,231.0399932861328,233.30999755859375,193.45108032226562,13943300
2007-11-15,230.11000061035156,233.69000244140625,223.74000549316406,227.02000427246094,188.23562622070312,10243100
2007-11-16,228.25999450683594,229.57000732421875,222.57000732421875,225.25,186.7680206298828,10083400
2007-11-19,223.52000427246094,228.39999389648438,216.6199951171875,220.5399932861328,182.8627166748047,11007900
2007-11-20,220.39999389648438,226.22999572753906,213.5,217.47999572753906,180.32545471191406,13433000
2007-11-21,213.41000366210938,215.27000427246094,206.44000244140625,209.5,173.7088165283203,14874300
2007-11-23,212.52000427246094,216.47999572753906,211.8000030517578,216.47999572753906,179.4962921142578,4737100
2007-11-26,214.64999389648438,217.4499969482422,205.4199981689453,207.4499969482422,172.00901794433594,9815200
2007-11-27,210.0,213.97999572753906,206.19000244140625,213.3300018310547,176.88446044921875,11946400
2007-11-28,217.5800018310547,227.86000061035156,217.0800018310547,227.52000427246094,188.65025329589844,15710600
2007-11-29,226.02000427246094,228.30999755859375,222.5,224.3800048828125,186.0466766357422,9774200
2007-11-30,232.64999389648438,234.22000122070312,224.77000427246094,226.63999938964844,187.92059326171875,11878600
2007-12-03,226.08999633789062,229.35000610351562,223.60000610351562,226.88999938964844,188.12786865234375,6800300
2007-12-04,221.05999755859375,223.4600067138672,215.22000122070312,215.22000122070312,178.45159912109375,10734100
2007-12-05,219.4600067138672,220.0,214.22999572753906,218.25999450683594,180.97218322753906,12954700
2007-12-06,214.5,223.35000610351562,214.2899932861328,222.50999450683594,184.4961395263672,9987100
2007-12-07,223.00999450683594,224.0399932861328,217.02999877929688,217.88999938964844,180.6654510498047,7797700
2007-12-10,219.19000244140625,224.30999755859375,218.00999450683594,224.2100067138672,185.90573120117188,8412400
2007-12-11,224.11000061035156,227.4499969482422,210.69000244140625,211.14999389648438,175.07691955566406,12783500
2007-12-12,217.0500030517578,220.85000610351562,208.5,212.5800018310547,176.26254272460938,18041100
2007-12-13,209.85000610351562,214.24000549316406,204.94000244140625,208.47999572753906,172.86300659179688,17143300
2007-12-14,208.74000549316406,215.1999969482422,207.6999969482422,210.6699981689453,174.67893981933594,10348500
2007-12-17,209.75999450683594,211.80999755859375,207.0,208.6300048828125,172.98741149902344,13323900
2007-12-18,209.8000030517578,210.52999877929688,196.89999389648438,201.50999450683594,167.08380126953125,30016700
2007-12-19,202.67999267578125,206.10000610351562,200.63999938964844,204.16000366210938,169.2810516357422,11895100
2007-12-20,206.05999755859375,206.72000122070312,200.64999389648438,202.6699981689453,168.045654296875,10108000
2007-12-21,205.85000610351562,210.25,205.02000427246094,209.60000610351562,173.7917022705078,10853800
2007-12-24,211.0,214.9499969482422,210.6999969482422,214.32000732421875,177.70530700683594,3419400
2007-12-26,214.08999633789062,217.3699951171875,211.5500030517578,216.69000244140625,179.6703643798828,4290500
2007-12-27,214.8800048828125,217.8000030517578,211.9499969482422,211.9499969482422,175.74024963378906,5304600
2007-12-28,214.4499969482422,214.77000427246094,211.80999755859375,211.94000244140625,175.73190307617188,4209500
2007-12-31,211.58999633789062,216.7899932861328,209.5,215.0500030517578,178.3106231689453,5834300
2008-01-02,214.8000030517578,215.0500030517578,206.60000610351562,207.60000610351562,172.13340759277344,9573500
2008-01-03,208.9199981689453,209.0399932861328,204.13999938964844,204.83999633789062,169.84490966796875,7751700
2008-01-04,201.0,204.0,198.2899932861328,199.92999267578125,165.77371215820312,10157900
2008-01-07,200.22999572753906,200.25,189.99000549316406,194.72999572753906,161.4621124267578,16044400
2008-01-08,195.80999755859375,199.5,189.0,189.5,157.1256103515625,13553700
2008-01-09,189.0399932861328,192.1999969482422,183.6999969482422,191.75,158.99124145507812,15901200
2008-01-10,189.35000610351562,199.39999389648438,187.0399932861328,196.91000366210938,163.26966857910156,14830500
2008-01-11,196.9600067138672,200.67999267578125,194.57000732421875,198.74000549316406,164.78700256347656,12400600
2008-01-14,200.1699981689453,202.22000122070312,199.02999877929688,201.64999389648438,167.19985961914062,9400200
2008-01-15,199.5500030517578,199.5500030517578,192.36000061035156,193.2899932861328,160.26815795898438,11292700
2008-01-16,193.30999755859375,201.77999877929688,192.39999389648438,197.5,163.75888061523438,13026600
2008-01-17,198.2899932861328,199.5,189.66000366210938,190.97999572753906,158.35269165039062,12283800
2008-01-18,192.1699981689453,193.38999938964844,184.60000610351562,187.2100067138672,155.226806640625,14975700
2008-01-22,178.1699981689453,192.8300018310547,175.4199981689453,190.69000244140625,158.11227416992188,19029400
2008-01-23,186.0399932861328,199.97000122070312,184.58999633789062,199.38999938964844,165.3259735107422,17635700
2008-01-24,200.10000610351562,201.0,194.1999969482422,199.1999969482422,165.16844177246094,11987200
2008-01-25,201.50999450683594,202.0,189.91000366210938,191.3699951171875,158.95542907714844,14019500
2008-01-28,190.6199951171875,196.4600067138672,190.6199951171875,196.25,163.0088348388672,10216000
2008-01-29,197.0399932861328,198.36000061035156,194.07000732421875,196.0500030517578,162.84271240234375,7164500
2008-01-30,195.27000427246094,205.97000122070312,193.39999389648438,198.5500030517578,164.9192657470703,17597900
2008-01-31,196.4499969482422,203.2100067138672,195.0,199.5500030517578,165.7499237060547,14803500
2008-02-01,199.14999389648438,208.77999877929688,198.0,207.77999877929688,172.58595275878906,12207400
2008-02-04,207.83999633789062,208.0,199.1999969482422,200.8000030517578,166.78811645507812,9071300
2008-02-05,194.66000366210938,197.30999755859375,189.61000061035156,189.86000061035156,157.701171875,13276400
2008-02-06,191.47999572753906,192.85000610351562,186.25,187.1699981689453,155.4668426513672,9955500
2008-02-07,185.77000427246094,193.77000427246094,185.32000732421875,190.4600067138672,158.19956970214844,10839200
2008-02-08,189.0,190.63999938964844,185.6999969482422,187.07000732421875,155.38375854492188,7869300
2008-02-11,187.8699951171875,190.0,185.5,185.8699951171875,154.38697814941406,8875800
2008-02-12,186.17999267578125,186.25,178.5,180.64999389648438,150.05123901367188,18397200
2008-02-13,180.2899932861328,181.72999572753906,176.5,180.17999267578125,149.66079711914062,13933900
2008-02-14,178.5,181.10000610351562,176.5,176.55999755859375,146.65391540527344,10996700
2008-02-15,175.10000610351562,178.7899932861328,173.3699951171875,178.41000366210938,148.19061279296875,12449300
2008-02-19,180.30999755859375,181.3699951171875,172.67999267578125,173.8000030517578,144.36146545410156,10366600
2008-02-20,171.97000122070312,178.85000610351562,171.82000732421875,177.25,147.22706604003906,10793700
2008-02-21,178.5,179.1999969482422,174.72000122070312,175.1699981689453,145.4994354248047,8204800
2008-02-22,175.5500030517578,178.0,171.38999938964844,177.7100067138672,147.6092071533203,9631400
2008-02-25,175.35000610351562,178.0,172.07000732421875,177.36000061035156,147.31842041015625,12849200
2008-02-26,175.47999572753906,178.0,171.8699951171875,172.6999969482422,143.44776916503906,11517900
2008-02-27,171.83999633789062,181.27999877929688,171.50999450683594,180.8000030517578,150.17578125,15903400
2008-02-28,180.27999877929688,180.27999877929688,175.57000732421875,176.6999969482422,146.77024841308594,8828200
2008-02-29,174.38999938964844,175.5399932861328,169.0,169.6300048828125,140.89772033691406,11113300
2008-03-03,169.2899932861328,169.2899932861328,164.30999755859375,165.0800018310547,137.11843872070312,11920800
2008-03-04,163.61000061035156,166.44000244140625,160.1999969482422,163.60000610351562,135.88917541503906,17887900
2008-03-05,163.91000366210938,168.30999755859375,162.6699981689453,164.97000122070312,137.0270233154297,13270000
2008-03-06,162.9499969482422,163.58999633789062,158.1300048828125,158.64999389648438,131.77760314941406,15129200
2008-03-07,157.0,163.32000732421875,157.0,160.07000732421875,132.9570770263672,15228600
2008-03-10,159.99000549316406,164.77999877929688,155.22999572753906,155.5800018310547,129.22760009765625,13725600
2008-03-11,161.89999389648438,164.83999633789062,157.5,163.07000732421875,135.4489288330078,20415300
2008-03-12,164.02999877929688,170.05999755859375,162.61000061035156,163.00999450683594,135.3990936279297,14444900
2008-03-13,160.44000244140625,167.3000030517578,156.75999450683594,165.44000244140625,137.41751098632812,18617600
2008-03-14,167.0,167.8000030517578,155.0,156.86000061035156,130.29078674316406,27102300
2008-03-17,142.02999877929688,154.1199951171875,140.27000427246094,151.02000427246094,125.43999481201172,38648800
2008-03-18,164.9600067138672,175.8800048828125,159.75999450683594,175.58999633789062,145.84828186035156,43276100
2008-03-19,177.94000244140625,178.4600067138672,165.39999389648438,166.49000549316406,138.2896270751953,24176100
2008-03-20,166.3000030517578,180.36000061035156,166.2100067138672,179.6300048828125,149.20396423339844,20801800
2008-03-24,179.0,184.52000427246094,176.14999389648438,178.8800048828125,148.5810546875,15643700
2008-03-25,177.50999450683594,182.64999389648438,177.13999938964844,179.6300048828125,149.20396423339844,11666800
2008-03-26,178.49000549316406,179.0500030517578,174.3300018310547,175.47999572753906,145.7569122314453,11610600
2008-03-27,176.61000061035156,177.24000549316406,167.3800048828125,168.13999938964844,139.66014099121094,15195800
2008-03-28,169.57000732421875,170.5,163.38999938964844,164.4499969482422,136.59515380859375,11978700
2008-03-31,164.1699981689453,168.49000549316406,162.85000610351562,165.38999938964844,137.3759765625,8977400
2008-04-01,171.49000549316406,176.99000549316406,170.2100067138672,176.86000061035156,146.9031982421875,14694100
2008-04-02,177.0,181.6199951171875,176.10000610351562,176.8699951171875,146.9114532470703,12058300
2008-04-03,174.7899932861328,179.14999389648438,172.8800048828125,176.52999877929688,146.6290283203125,10755800
2008-04-04,176.5500030517578,179.3300018310547,174.0,175.39999389648438,145.6904754638672,8496700
2008-04-07,178.55999755859375,181.75,176.92999267578125,178.72999572753906,148.45643615722656,10276200
2008-04-08,177.3000030517578,181.5,176.75999450683594,178.89999389648438,148.59764099121094,8629400
2008-04-09,178.25,178.89999389648438,173.14999389648438,174.13999938964844,144.64381408691406,11425400
2008-04-10,173.89999389648438,173.89999389648438,168.8699951171875,170.5500030517578,141.6619873046875,14744400
2008-04-11,168.0,171.8699951171875,166.8699951171875,167.3000030517578,138.96250915527344,11355300
2008-04-14,166.4499969482422,167.5500030517578,163.35000610351562,163.58999633789062,135.88082885742188,9857900
2008-04-15,165.05999755859375,165.9499969482422,161.67999267578125,164.1999969482422,136.3875274658203,9134700
2008-04-16,166.14999389648438,169.1699981689453,165.91000366210938,169.0500030517578,140.41600036621094,9340800
2008-04-17,167.74000549316406,173.5,167.10000610351562,172.10000610351562,142.9494171142578,8730300
2008-04-18,176.91000366210938,183.02999877929688,176.91000366210938,179.92999267578125,149.45315551757812,16882100
2008-04-21,179.57000732421875,181.75,178.2899932861328,180.39999389648438,149.8435516357422,7820700
2008-04-22,179.77999877929688,181.3699951171875,178.5,179.75999450683594,149.31195068359375,6127000
2008-04-23,180.83999633789062,183.1999969482422,178.0,179.35000610351562,148.97140502929688,7435900
2008-04-24,180.33999633789062,189.38999938964844,179.36000061035156,188.7899932861328,156.81243896484375,13182700
2008-04-25,190.25999450683594,192.49000549316406,188.3699951171875,192.0,159.77490234375,12187400
2008-04-28,192.49000549316406,192.5,189.88999938964844,190.24000549316406,158.31027221679688,6252600
2008-04-29,190.25,192.67999267578125,188.25,192.67999267578125,160.3407745361328,7127200
2008-04-30,193.3800048828125,194.92999267578125,189.82000732421875,191.3699951171875,159.25062561035156,10352600
2008-05-01,191.77000427246094,199.19000244140625,190.85000610351562,199.0500030517578,165.6416778564453,9483200
2008-05-02,203.38999938964844,203.38999938964844,198.0,200.27000427246094,166.6569366455078,9437100
2008-05-05,198.61000061035156,201.1199951171875,196.14999389648438,197.1199951171875,164.03555297851562,6389900
2008-05-06,194.60000610351562,199.25,193.11000061035156,197.61000061035156,164.44332885742188,7508600
2008-05-07,197.60000610351562,198.44000244140625,189.5399932861328,189.75999450683594,157.910888671875,7075600
2008-05-08,190.75,191.38999938964844,185.25999450683594,187.72000122070312,156.2132568359375,9867500
2008-05-09,186.02000427246094,189.97999572753906,185.69000244140625,188.08999633789062,156.52122497558594,6467800
2008-05-12,189.4499969482422,192.6999969482422,187.33999633789062,192.0800018310547,159.84149169921875,5655000
2008-05-13,191.17999267578125,193.0,189.02000427246094,190.3300018310547,158.38526916503906,5776700
2008-05-14,190.60000610351562,192.49000549316406,189.33999633789062,190.1300048828125,158.2188262939453,5031700
2008-05-15,189.77999877929688,189.8000030517578,185.32000732421875,188.6199951171875,156.96217346191406,8015600
2008-05-16,189.5500030517578,189.61000061035156,186.0,187.13999938964844,155.73057556152344,6144400
2008-05-19,185.6699981689453,189.32000732421875,183.47000122070312,184.39999389648438,153.4505157470703,7009200
2008-05-20,183.3300018310547,184.89999389648438,181.25,182.42999267578125,151.81112670898438,6889900
2008-05-21,182.5500030517578,183.66000366210938,178.00999450683594,178.60000610351562,148.62399291992188,9068500
2008-05-22,176.1999969482422,179.9199981689453,175.0,177.1999969482422,147.4589080810547,8684100
2008-05-23,176.00999450683594,176.5,171.22999572753906,172.63999938964844,143.6642608642578,8145500
2008-05-27,171.75999450683594,174.6999969482422,170.8000030517578,173.9199981689453,144.7294464111328,8420000
2008-05-28,174.75999450683594,175.92999267578125,172.2100067138672,174.8300018310547,145.48670959472656,7238500
2008-05-29,174.49000549316406,179.5,174.0,176.24000549316406,146.66009521484375,7755200
2008-05-30,177.8000030517578,178.86000061035156,175.85000610351562,176.41000366210938,146.80152893066406,5697400
2008-06-02,177.0,177.6999969482422,170.80999755859375,172.33999633789062,143.41465759277344,9847400
2008-06-03,173.35000610351562,173.66000366210938,167.60000610351562,170.5800018310547,141.95004272460938,13187400
2008-06-04,170.0,175.55999755859375,169.5500030517578,172.10000610351562,143.21490478515625,10777500
2008-06-05,173.2100067138672,177.44000244140625,173.19000244140625,176.60000610351562,146.95968627929688,9721900
2008-06-06,175.07000732421875,175.07000732421875,169.44000244140625,169.44000244140625,141.00132751464844,10559000
2008-06-09,170.85000610351562,172.67999267578125,163.35000610351562,165.75999450683594,137.9390106201172,12998400
2008-06-10,163.75,169.42999267578125,163.2100067138672,167.2100067138672,139.1456298828125,11014600
2008-06-11,167.0,167.25,161.2100067138672,162.39999389648438,135.1429901123047,16468500
2008-06-12,163.24000549316406,169.69000244140625,163.24000549316406,166.75,138.76287841796875,11767100
2008-06-13,169.47000122070312,178.55999755859375,169.39999389648438,178.2899932861328,148.3660125732422,14343000
2008-06-16,177.74000549316406,184.75,176.61000061035156,182.08999633789062,151.52822875976562,16376300
2008-06-17,185.0399932861328,185.88999938964844,179.13999938964844,179.44000244140625,149.322998046875,24422900
2008-06-18,176.66000366210938,185.35000610351562,175.55999755859375,182.77000427246094,152.09410095214844,16222400
2008-06-19,183.69000244140625,186.97999572753906,181.11000061035156,186.92999267578125,155.55589294433594,10588800
2008-06-20,185.02000427246094,186.6999969482422,182.85000610351562,183.77000427246094,152.92623901367188,11331400
2008-06-23,184.60000610351562,184.60000610351562,177.00999450683594,178.58999633789062,148.6156768798828,9840000
2008-06-24,177.6199951171875,184.60000610351562,177.33999633789062,181.97999572753906,151.43666076660156,12663400
2008-06-25,183.11000061035156,187.00999450683594,183.08999633789062,183.64999389648438,152.8263702392578,10838800
2008-06-26,179.00999450683594,180.5,175.1999969482422,176.25999450683594,146.6766815185547,13603700
2008-06-27,177.00999450683594,178.27999877929688,172.2899932861328,174.55999755859375,145.26202392578125,12670600
2008-06-30,175.55999755859375,178.25999450683594,173.2899932861328,174.89999389648438,145.5449981689453,9373300
2008-07-01,173.1300048828125,177.05999755859375,170.22999572753906,175.3300018310547,145.90280151367188,13940400
2008-07-02,176.77000427246094,182.63999938964844,175.19000244140625,178.7899932861328,148.78208923339844,16256600
2008-07-03,180.3000030517578,182.36000061035156,178.25999450683594,178.88999938964844,148.8652801513672,6185400
2008-07-07,180.69000244140625,181.91000366210938,167.38999938964844,169.82000732421875,141.31756591796875,17013300
2008-07-08,171.3699951171875,176.0,166.74000549316406,174.89999389648438,145.5449981689453,16790500
2008-07-09,175.85000610351562,177.47000122070312,167.5,169.02000427246094,140.6518096923828,12909300
2008-07-10,167.50999450683594,173.3000030517578,166.25,170.16000366210938,141.60057067871094,14106200
2008-07-11,166.35000610351562,167.8800048828125,158.5,162.47999572753906,135.20950317382812,24827400
2008-07-14,167.9199981689453,168.0,158.57000732421875,158.6699981689453,132.03895568847656,15944800
2008-07-15,157.0399932861328,163.61000061035156,152.25,157.8000030517578,131.3150177001953,25593100
2008-07-16,161.2100067138672,173.27000427246094,159.14999389648438,172.86000061035156,143.84738159179688,19366400
2008-07-17,175.6199951171875,184.4499969482422,174.85000610351562,181.24000549316406,150.8208770751953,24819100
2008-07-18,183.0800018310547,183.5,178.05999755859375,182.83999633789062,152.15228271484375,11722200
2008-07-21,184.16000366210938,184.64999389648438,179.0500030517578,180.77999877929688,150.43807983398438,8841300
2008-07-22,178.4600067138672,188.0399932861328,177.3000030517578,188.0399932861328,156.4795684814453,11268100
2008-07-23,187.97999572753906,190.0399932861328,184.69000244140625,187.8699951171875,156.33811950683594,9871900
2008-07-24,188.49000549316406,188.49000549316406,179.77000427246094,180.25999450683594,150.00535583496094,8828100
2008-07-25,181.25999450683594,182.0,176.1699981689453,178.66000366210938,148.963134765625,7233900
2008-07-28,178.94000244140625,182.27999877929688,172.22999572753906,172.89999389648438,144.16061401367188,9264500
2008-07-29,174.6300048828125,181.8800048828125,173.36000061035156,181.6300048828125,151.4394989013672,11149700
2008-07-30,184.0,186.8300018310547,180.9600067138672,186.1699981689453,155.22476196289062,9864200
2008-07-31,183.05999755859375,186.07000732421875,182.39999389648438,184.0399932861328,153.4488525390625,6062900
2008-08-01,185.0,186.0,178.66000366210938,182.0,151.74798583984375,7495400
2008-08-04,179.66000366210938,180.58999633789062,176.1999969482422,177.86000061035156,148.2960662841797,7551900
2008-08-05,178.88999938964844,180.8300018310547,175.5,180.77000427246094,150.72238159179688,8772200
2008-08-06,179.0,180.89999389648438,177.5,179.5500030517578,149.70521545410156,5832700
2008-08-07,177.22000122070312,178.5,171.14999389648438,172.3300018310547,143.685302734375,9103100
2008-08-08,172.75999450683594,178.4499969482422,172.02000427246094,175.9499969482422,146.7035675048828,6634600
2008-08-11,176.3800048828125,183.1999969482422,175.07000732421875,178.0,148.412841796875,8798500
2008-08-12,173.3000030517578,173.47999572753906,166.55999755859375,167.3000030517578,139.49136352539062,14023800
2008-08-13,167.0,169.39999389648438,162.39999389648438,164.89999389648438,137.49029541015625,12391300
2008-08-14,164.61000061035156,168.89999389648438,164.11000061035156,166.58999633789062,138.8994140625,8660000
2008-08-15,167.39999389648438,167.69000244140625,162.33999633789062,163.17999267578125,136.05615234375,8386200
2008-08-18,162.25999450683594,162.67999267578125,159.6999969482422,160.0399932861328,133.4381103515625,7421100
2008-08-19,158.49000549316406,161.75,156.89999389648438,158.0,131.73719787597656,8966300
2008-08-20,158.1300048828125,160.44000244140625,155.3000030517578,158.25,131.9456787109375,9443400
2008-08-21,155.7899932861328,158.0,152.58999633789062,156.4199981689453,130.4198455810547,14534400
2008-08-22,159.99000549316406,160.80999755859375,156.8000030517578,159.80999755859375,133.24636840820312,8321000
2008-08-25,158.58999633789062,158.66000366210938,155.11000061035156,155.7100067138672,129.82786560058594,6122500
2008-08-26,155.50999450683594,157.86000061035156,153.3800048828125,155.91000366210938,129.99461364746094,5995500
2008-08-27,154.7100067138672,155.8800048828125,153.41000366210938,155.47999572753906,129.63612365722656,6660200
2008-08-28,157.24000549316406,161.8300018310547,156.6699981689453,161.8300018310547,134.93055725097656,8565800
2008-08-29,160.55999755859375,165.0,160.27000427246094,163.97000122070312,136.7149658203125,7586300
2008-09-02,167.5,168.91000366210938,162.6999969482422,165.32000732421875,137.84046936035156,8212100
2008-09-03,163.97000122070312,167.9199981689453,162.02999877929688,167.61000061035156,139.7498321533203,6673500
2008-09-04,166.14999389648438,167.5,160.0,160.89999389648438,134.15521240234375,7788700
2008-09-05,157.77000427246094,163.7100067138672,157.72000122070312,163.24000549316406,136.10623168945312,7539000
2008-09-08,171.0,172.4499969482422,162.50999450683594,169.72999572753906,141.51747131347656,14981500
2008-09-09,167.3000030517578,168.3800048828125,160.5,161.6699981689453,134.7972412109375,12437500
2008-09-10,159.89999389648438,161.0,155.72999572753906,157.58999633789062,131.39540100097656,12939000
2008-09-11,151.36000061035156,159.4199981689453,149.8699951171875,157.02999877929688,130.928466796875,20752800
2008-09-12,154.3800048828125,161.77000427246094,152.35000610351562,154.2100067138672,128.5771942138672,15622500
2008-09-15,142.27999877929688,151.39999389648438,130.42999267578125,135.5,112.97715759277344,42202300
2008-09-16,118.0,135.2899932861328,116.12999725341797,133.00999450683594,110.90106201171875,48296400
2008-09-17,120.80000305175781,126.5999984741211,97.77999877929688,114.5,95.46780395507812,112060400
2008-09-18,106.0,120.0,86.30999755859375,108.0,90.0481948852539,114590700
2008-09-19,142.50999450683594,144.97999572753906,116.0,129.8000030517578,108.2246322631836,43208300
2008-09-22,132.77999877929688,135.63999938964844,120.43000030517578,120.77999877929688,100.70393371582031,21938700
2008-09-23,118.88999938964844,125.94999694824219,113.01000213623047,125.05000305175781,104.26419067382812,20037600
2008-09-24,128.44000244140625,133.6999969482422,126.0199966430664,133.0,110.89273071289062,46611300
2008-09-25,134.25,137.99000549316406,128.75999450683594,135.5,112.97715759277344,19172100
2008-09-26,132.49000549316406,137.99000549316406,129.50999450683594,137.99000549316406,115.0533218383789,15806400
2008-09-29,134.49000549316406,134.6199951171875,105.0,120.69999694824219,100.63720703125,24147600
2008-09-30,126.88999938964844,130.0,124.5,128.0,106.72383880615234,13129900
2008-10-01,127.31999969482422,135.35000610351562,124.98999786376953,134.5,112.14338684082031,13837100
2008-10-02,132.1699981689453,133.2100067138672,128.0500030517578,131.5399932861328,109.6753921508789,10894700
2008-10-03,132.83999633789062,142.0,126.94000244140625,128.0,106.72383880615234,16080700
2008-10-06,122.0999984741211,127.16999816894531,115.0,124.0,103.3886947631836,21368000
2008-10-07,127.51000213623047,127.51000213623047,112.0199966430664,115.0,95.88469696044922,17184000
2008-10-08,110.0,121.0,107.55000305175781,113.0,94.21713256835938,18223800
2008-10-09,117.75,118.94000244140625,100.0,101.3499984741211,84.50358581542969,28150500
2008-10-10,86.11000061035156,99.4000015258789,74.0,88.80000305175781,74.03963470458984,71312700
2008-10-13,98.93000030517578,115.6500015258789,91.0,111.0,92.549560546875,45400500
2008-10-14,125.97000122070312,128.0,117.31999969482422,122.9000015258789,102.47156524658203,41605300
2008-10-15,114.44999694824219,120.70999908447266,110.79000091552734,113.1500015258789,94.34219360351562,22250100
2008-10-16,115.0,118.48999786376953,104.0,112.4000015258789,93.71684265136719,27901700
2008-10-17,110.23999786376953,118.58999633789062,107.0,114.30000305175781,95.30105590820312,18413500
2008-10-20,117.55000305175781,123.80000305175781,115.6500015258789,121.5,101.30426788330078,16908300
2008-10-21,120.83999633789062,123.62000274658203,118.83000183105469,121.3499984741211,101.17919921875,13588000
2008-10-22,117.19000244140625,120.19000244140625,111.0,115.05999755859375,95.93475341796875,15459100
2008-10-23,113.9800033569336,116.0,101.70999908447266,108.58000183105469,90.80805206298828,25529600
2008-10-24,96.0,105.0,96.0,100.4000015258789,83.96690368652344,24494800
2008-10-27,96.80000305175781,102.0,91.47000122070312,92.87999725341797,77.67777252197266,20595000
2008-10-28,96.98999786376953,97.25,82.22000122070312,93.56999969482422,78.25481414794922,50066600
2008-10-29,93.3499984741211,102.70999908447266,88.66000366210938,97.66000366210938,81.67539978027344,27769900
2008-10-30,101.16000366210938,101.25,88.01000213623047,91.11000061035156,76.19750213623047,29700400
2008-10-31,88.9800033569336,95.0,87.19999694824219,92.5,77.3599624633789,24881200
2008-11-03,92.0,95.25,87.30999755859375,89.08999633789062,74.50809478759766,19796200
2008-11-04,90.69000244140625,95.0,87.18000030517578,95.0,79.45077514648438,22105700
2008-11-05,92.77999877929688,94.70999908447266,86.5,87.43000030517578,73.11981964111328,15693100
2008-11-06,85.91000366210938,88.80000305175781,79.41000366210938,80.72000122070312,67.50806427001953,25933100
2008-11-07,81.44999694824219,81.8499984741211,75.0,77.77999877929688,65.04928588867188,31450400
2008-11-10,78.7699966430664,79.22000122070312,68.51000213623047,71.20999908447266,59.55464172363281,47450700
2008-11-11,69.36000061035156,75.41999816894531,66.68000030517578,74.68000030517578,62.45668029785156,47573900
2008-11-12,71.98999786376953,73.63999938964844,64.54000091552734,66.79000091552734,55.85808563232422,34436600
2008-11-13,67.79000091552734,70.4000015258789,61.02000045776367,69.98999786376953,58.5343132019043,39994000
2008-11-14,67.8499984741211,70.0,65.12000274658203,66.7300033569336,55.80789566040039,22186300
2008-11-17,64.79000091552734,66.33000183105469,61.75,62.4900016784668,52.26190185546875,20299400
2008-11-18,62.72999954223633,65.5,60.560001373291016,62.029998779296875,51.87718200683594,25737100
2008-11-19,61.33000183105469,63.45000076293945,54.540000915527344,55.18000030517578,46.14834976196289,30481500
2008-11-20,54.0,57.540000915527344,49.0,52.0,43.488834381103516,55618000
2008-11-21,54.540000915527344,54.540000915527344,47.40999984741211,53.310001373291016,44.584442138671875,39591500
2008-11-24,56.130001068115234,70.0999984741211,55.27000045776367,67.41999816894531,56.384944915771484,44615400
2008-11-25,71.41000366210938,74.5,66.5199966430664,71.77999877929688,60.03133010864258,38662400
2008-11-26,69.62999725341797,78.44999694824219,69.4000015258789,76.5,63.97878646850586,25006900
2008-11-28,75.94000244140625,81.19000244140625,74.23999786376953,78.98999786376953,66.06123352050781,11525000
2008-12-01,75.80000305175781,75.80000305175781,64.19000244140625,65.76000213623047,54.99666976928711,28592700
2008-12-02,63.650001525878906,67.0,60.220001220703125,65.0,54.361045837402344,35316700
2008-12-03,63.06999969482422,69.87000274658203,62.119998931884766,68.94999694824219,57.66452407836914,29036300
2008-12-04,68.19000244140625,70.6500015258789,66.04000091552734,67.52999877929688,56.476959228515625,23838500
2008-12-05,66.75,71.19999694824219,65.0199966430664,70.72000122070312,59.14481735229492,23811700
2008-12-08,73.87000274658203,78.52999877929688,73.5199966430664,77.1500015258789,64.52238464355469,22756000
2008-12-09,75.41999816894531,77.87000274658203,71.55999755859375,72.7699966430664,60.85929870605469,17049900
2008-12-10,73.80000305175781,73.9000015258789,69.3499984741211,71.52999877929688,59.822242736816406,14093300
2008-12-11,70.3499984741211,74.0,69.08999633789062,69.70999908447266,58.30013656616211,15387500
2008-12-12,65.69999694824219,70.55000305175781,65.5,67.73999786376953,56.65258026123047,15777100
2008-12-15,67.12000274658203,68.30999755859375,65.11000061035156,66.45999908447266,55.58208465576172,13821600
2008-12-16,69.56999969482422,78.0,68.54000091552734,76.0,63.56059646606445,44110400
2008-12-17,75.33000183105469,81.29000091552734,74.13999938964844,78.77999877929688,65.8855972290039,24790900
2008-12-18,79.66999816894531,81.19000244140625,78.25,80.05000305175781,66.94770812988281,19998100
2008-12-19,79.37000274658203,80.7300033569336,77.6500015258789,80.7300033569336,67.51643371582031,20379300
2008-12-22,80.0,80.12999725341797,74.88999938964844,77.0,64.39694213867188,13175500
2008-12-23,77.41000366210938,78.0,75.05000305175781,75.19999694824219,62.891563415527344,9468000
2008-12-24,75.54000091552734,76.73999786376953,75.26000213623047,76.44000244140625,63.928611755371094,3166000
2008-12-26,76.83000183105469,77.44000244140625,75.30999755859375,75.97000122070312,63.5355224609375,4657300
2008-12-29,76.43000030517578,77.11000061035156,75.02999877929688,76.55999755859375,64.0289535522461,6322300
2008-12-30,77.29000091552734,82.05999755859375,76.30999755859375,82.05999755859375,68.62872314453125,11031300
2008-12-31,82.23999786376953,86.1500015258789,81.12000274658203,84.38999938964844,70.57737731933594,14894100
2009-01-02,84.0199966430664,87.62000274658203,82.19000244140625,86.76000213623047,72.55945587158203,14088500
2009-01-05,85.80999755859375,90.94999694824219,85.45999908447266,88.77999877929688,74.24883270263672,15996700
2009-01-06,90.05000305175781,92.19999694824219,87.72000122070312,88.70999908447266,74.19029998779297,21551800
2009-01-07,86.91000366210938,87.8499984741211,83.6500015258789,84.5,70.66937255859375,12465500
2009-01-08,83.5199966430664,86.5199966430664,82.68000030517578,85.41000366210938,71.43042755126953,13448100
2009-01-09,85.91000366210938,86.87000274658203,80.41000366210938,83.91999816894531,70.18429565429688,12192900
2009-01-12,83.36000061035156,83.76000213623047,76.43000030517578,77.66999816894531,64.957275390625,15776600
2009-01-13,74.16000366210938,78.87999725341797,73.70999908447266,77.91999816894531,65.16635131835938,25861100
2009-01-14,75.87999725341797,76.87999725341797,73.44999694824219,75.69000244140625,63.30134963989258,18336700
2009-01-15,75.02999877929688,76.19999694824219,69.0,73.83000183105469,61.74579620361328,25795400
2009-01-16,75.9800033569336,76.5,69.94999694824219,73.05000305175781,61.09346008300781,26049300
2009-01-20,69.5999984741211,70.26000213623047,59.130001068115234,59.20000076293945,49.51038360595703,33123100
2009-01-21,63.38999938964844,70.0999984741211,63.25,69.9000015258789,58.459068298339844,38168900
2009-01-22,67.27999877929688,73.69000244140625,65.52999877929688,71.02999877929688,59.404090881347656,24608200
2009-01-23,67.87000274658203,75.3499984741211,67.12000274658203,74.91000366210938,62.649024963378906,21924100
2009-01-26,76.05999755859375,78.75,72.7699966430664,74.19999694824219,62.05523681640625,18729300
2009-01-27,75.51000213623047,78.6500015258789,74.7699966430664,78.26000213623047,65.4507064819336,20655300
2009-01-28,84.27999877929688,89.0999984741211,83.37000274658203,87.69999694824219,73.34559631347656,34234400
2009-01-29,85.12999725341797,86.58999633789062,82.12000274658203,82.72000122070312,69.18072509765625,21624300
2009-01-30,83.58999633789062,84.77999877929688,79.3499984741211,80.7300033569336,67.51643371582031,20344900
2009-02-02,78.77999877929688,84.0,78.56999969482422,83.56999969482422,69.89158630371094,18485500
2009-02-03,84.30000305175781,84.5,79.80000305175781,82.80999755859375,69.25599670410156,19442500
2009-02-04,83.69999694824219,89.91999816894531,83.44999694824219,87.97000122070312,73.5714111328125,29780400
2009-02-05,86.7699966430664,94.69999694824219,86.26000213623047,92.8499984741211,77.65265655517578,33847500
2009-02-06,94.2699966430664,96.58000183105469,91.55999755859375,96.56999969482422,80.76376342773438,26559800
2009-02-09,97.0199966430664,98.66000366210938,94.62999725341797,97.88999938964844,81.86773681640625,18736400
2009-02-10,96.79000091552734,97.88999938964844,89.69999694824219,90.4000015258789,75.60368347167969,29857200
2009-02-11,91.75,94.94000244140625,90.41999816894531,94.70999908447266,79.20823669433594,19554400
2009-02-12,92.6500015258789,96.19999694824219,91.47000122070312,95.58000183105469,79.93582916259766,22915400
2009-02-13,95.0,97.9800033569336,94.5,96.44999694824219,80.6634292602539,22975200
2009-02-17,92.26000213623047,92.4800033569336,84.79000091552734,85.70999908447266,71.68133544921875,31078100
2009-02-18,87.69000244140625,87.69000244140625,81.06999969482422,84.5,70.66937255859375,32610600
2009-02-19,86.41000366210938,88.87000274658203,85.52999877929688,86.01000213623047,71.9322280883789,24476100
2009-02-20,81.94999694824219,87.1500015258789,79.2699966430664,84.58999633789062,71.130859375,36146100
2009-02-23,86.51000213623047,87.7699966430664,79.79000091552734,80.06999969482422,67.33003997802734,22298600
2009-02-24,81.52999877929688,93.08999633789062,81.51000213623047,92.9800033569336,78.18592834472656,33115800
2009-02-25,91.55000305175781,93.5,87.30000305175781,89.91999816894531,75.61279296875,36249600
2009-02-26,92.30000305175781,94.0,90.0199966430664,92.1500015258789,77.48799133300781,27516400
2009-02-27,88.62999725341797,93.37999725341797,87.5,91.08000183105469,76.58821868896484,26041700
2009-03-02,87.86000061035156,90.20999908447266,85.55999755859375,86.2699966430664,72.54356384277344,24074100
2009-03-03,88.33000183105469,88.83999633789062,80.29000091552734,82.37000274658203,69.26407623291016,30943600
2009-03-04,84.9000015258789,88.0,81.5,85.47000122070312,71.87084197998047,28050800
2009-03-05,82.87999725341797,85.69999694824219,79.3499984741211,81.72000122070312,68.71753692626953,24826200
2009-03-06,82.33000183105469,84.4800033569336,73.25,75.6500015258789,63.61330032348633,33484400
2009-03-09,73.7699966430664,77.4000015258789,72.77999877929688,73.94999694824219,62.18378829956055,23648800
2009-03-10,77.68000030517578,85.44999694824219,77.0999984741211,85.27999877929688,71.7110595703125,35004400
2009-03-11,86.88999938964844,93.5,85.58000183105469,92.38999938964844,77.68980407714844,37989000
2009-03-12,92.02999877929688,97.5,90.18000030517578,97.25,81.77653503417969,30814100
2009-03-13,97.79000091552734,99.83999633789062,95.63999938964844,98.80000305175781,83.07989501953125,30959400
2009-03-16,100.33000183105469,101.41000366210938,93.19000244140625,93.9000015258789,78.95954132080078,28240800
2009-03-17,92.63999938964844,99.01000213623047,92.55000305175781,98.98999786376953,83.23965454101562,23327500
2009-03-18,97.58000183105469,106.79000091552734,96.69999694824219,105.25,88.50364685058594,34372900
2009-03-19,104.6500015258789,105.7699966430664,99.26000213623047,99.30000305175781,83.50035095214844,28577100
2009-03-20,99.51000213623047,100.5,95.0999984741211,97.31999969482422,81.83538818359375,29137300
2009-03-23,102.5,111.93000030517578,101.30000305175781,111.93000030517578,94.1207504272461,33581800
2009-03-24,110.58999633789062,115.6500015258789,109.33999633789062,110.5999984741211,93.00238800048828,30914400
2009-03-25,111.12999725341797,113.91000366210938,106.12999725341797,112.94999694824219,94.97847747802734,32805900
2009-03-26,112.0,113.19000244140625,109.44999694824219,111.98999786376953,94.17122650146484,28844800
2009-03-27,109.61000061035156,111.5,107.81999969482422,108.08000183105469,90.88334655761719,21569500
2009-03-30,104.11000061035156,105.05000305175781,100.45999908447266,100.45999908447266,84.47576904296875,21354900
2009-03-31,102.80999755859375,108.5,102.4800033569336,106.0199966430664,89.15113067626953,25927400
2009-04-01,104.0999984741211,111.33999633789062,103.94000244140625,110.29000091552734,92.74171447753906,24883000
2009-04-02,115.20999908447266,115.9000015258789,112.5,114.22000122070312,96.04639434814453,30053600
2009-04-03,112.80000305175781,119.76000213623047,112.55000305175781,119.4000015258789,100.40222930908203,23687100
2009-04-06,116.0,117.94999694824219,114.05000305175781,116.6500015258789,98.08977508544922,21098100
2009-04-07,114.0,119.76000213623047,113.56999969482422,116.08000183105469,97.61046600341797,22183000
2009-04-08,117.37000274658203,117.55000305175781,112.5,114.75,96.49209594726562,20406200
2009-04-09,119.79000091552734,124.9800033569336,117.44999694824219,124.33000183105469,104.54779815673828,25610700
2009-04-13,122.80999755859375,131.27000427246094,122.5,130.14999389648438,109.44178771972656,36460800
2009-04-14,123.76000213623047,124.23999786376953,115.0999984741211,115.11000061035156,96.79478454589844,79935800
2009-04-15,116.72000122070312,122.0999984741211,113.56999969482422,121.19000244140625,101.90742492675781,41345800
2009-04-16,123.08999633789062,123.66999816894531,119.58000183105469,121.19000244140625,101.90742492675781,23574500
2009-04-17,120.83999633789062,122.95999908447266,118.95999908447266,120.5999984741211,101.41128540039062,21841200
2009-04-20,116.97000122070312,118.9000015258789,115.0,115.01000213623047,96.71070861816406,21609500
2009-04-21,113.76000213623047,121.02999877929688,113.37999725341797,120.36000061035156,101.20946502685547,24772300
2009-04-22,118.61000061035156,124.80000305175781,117.83999633789062,120.48999786376953,101.31879425048828,28219000
2009-04-23,121.63999938964844,122.97000122070312,118.20999908447266,122.80999755859375,103.2696762084961,20133300
2009-04-24,123.25,123.69999694824219,120.25,121.30000305175781,101.99991607666016,22407200
2009-04-27,119.33999633789062,124.37000274658203,119.33999633789062,120.9000015258789,101.66355895996094,19129700
2009-04-28,120.16999816894531,122.25,119.80000305175781,120.66999816894531,101.47014617919922,14907300
2009-04-29,122.0199966430664,127.94000244140625,121.5999984741211,127.18000030517578,106.94429779052734,22999800
2009-04-30,128.52000427246094,129.64999389648438,125.18000030517578,128.5,108.05431365966797,24834600
2009-05-01,127.9000015258789,130.27000427246094,126.16000366210938,127.08000183105469,106.86024475097656,17536300
2009-05-04,127.51000213623047,134.42999267578125,126.16000366210938,134.16000366210938,112.81373596191406,23434000
2009-05-05,132.89999389648438,136.1999969482422,132.5500030517578,135.1999969482422,113.68830108642578,16811000
2009-05-06,136.8000030517578,140.36000061035156,136.0500030517578,139.22000122070312,117.06864166259766,20439300
2009-05-07,140.97999572753906,141.55999755859375,131.80999755859375,133.72999572753906,112.4521484375,23188600
2009-05-08,134.88999938964844,139.58999633789062,133.14999389648438,139.58999633789062,117.37980651855469,19152000
2009-05-11,136.85000610351562,138.9600067138672,134.8300018310547,135.77999877929688,114.17598724365234,18391800
2009-05-12,137.02999877929688,138.39999389648438,132.2100067138672,135.41000366210938,113.86489868164062,21101400
2009-05-13,133.1999969482422,133.38999938964844,128.05999755859375,129.25999450683594,108.69337463378906,18621300
2009-05-14,129.1199951171875,134.44000244140625,128.94000244140625,133.60000610351562,112.34284210205078,17411400
2009-05-15,134.02000427246094,136.10000610351562,132.1999969482422,134.39999389648438,113.01554870605469,14754700
2009-05-18,137.1999969482422,143.14999389648438,136.77999877929688,143.14999389648438,120.37333679199219,18622700
2009-05-19,142.58999633789062,144.86000061035156,141.14999389648438,141.14999389648438,118.69157409667969,15324300
2009-05-20,142.30999755859375,142.6300048828125,136.02000427246094,136.44000244140625,114.73095703125,21426800
2009-05-21,134.0500030517578,139.4499969482422,133.9199981689453,137.16000366210938,115.63306427001953,16135500
2009-05-22,137.77999877929688,138.99000549316406,136.0500030517578,136.35000610351562,114.95020294189453,9058400
2009-05-26,134.61000061035156,142.07000732421875,134.61000061035156,142.0500030517578,119.75556945800781,13768700
2009-05-27,142.22000122070312,145.49000549316406,140.00999450683594,140.00999450683594,118.03573608398438,16696900
2009-05-28,141.64999389648438,145.2899932861328,139.2899932861328,144.64999389648438,121.94749450683594,14803100
2009-05-29,145.80999755859375,145.89999389648438,141.27999877929688,144.57000732421875,121.88011169433594,14130000
2009-06-01,145.8000030517578,147.3699951171875,143.30999755859375,144.3300018310547,121.6777114868164,18403800
2009-06-02,143.25,144.97000122070312,142.00999450683594,143.1300048828125,120.66606903076172,11988200
2009-06-03,141.91000366210938,143.30999755859375,140.74000549316406,142.14999389648438,119.83982849121094,11809700
2009-06-04,144.64999389648438,149.75,144.39999389648438,149.47000122070312,126.01103973388672,17166900
2009-06-05,151.0500030517578,151.1699981689453,148.6999969482422,149.00999450683594,125.62319946289062,12817500
2009-06-08,147.5500030517578,149.44000244140625,146.19000244140625,148.35000610351562,125.06684875488281,10908900
2009-06-09,149.0,150.7899932861328,148.10000610351562,149.30999755859375,125.87615203857422,11566100
2009-06-10,149.92999267578125,149.99000549316406,144.52000427246094,146.67999267578125,123.65889739990234,14346700
2009-06-11,146.1199951171875,147.9499969482422,145.0,145.14999389648438,122.36897277832031,12086500
2009-06-12,144.3800048828125,146.42999267578125,144.14999389648438,145.63999938964844,122.78208923339844,8209900
2009-06-15,144.1699981689453,145.60000610351562,142.89999389648438,143.00999450683594,120.56491088867188,8742100
2009-06-16,143.94000244140625,145.85000610351562,143.25999450683594,144.16000366210938,121.5344009399414,10129700
2009-06-17,144.08999633789062,144.08999633789062,139.02999877929688,139.72999572753906,117.79971313476562,14054600
2009-06-18,139.9600067138672,143.6999969482422,139.6300048828125,143.08999633789062,120.63233947753906,10526500
2009-06-19,143.19000244140625,144.38999938964844,141.52999877929688,143.1300048828125,120.66606903076172,9473700
2009-06-22,141.8699951171875,143.52000427246094,137.00999450683594,137.00999450683594,115.50657653808594,13939000
2009-06-23,138.33999633789062,141.22000122070312,137.60000610351562,141.19000244140625,119.030517578125,11056800
2009-06-24,142.52999877929688,144.69000244140625,141.30999755859375,142.64999389648438,120.26140594482422,11531000
2009-06-25,141.57000732421875,144.6199951171875,140.85000610351562,144.42999267578125,121.76204681396484,10135900
2009-06-26,144.49000549316406,148.19000244140625,143.92999267578125,146.74000549316406,123.70950317382812,9837400
2009-06-29,147.5,149.5,146.10000610351562,149.36000061035156,125.91828918457031,7835800
2009-06-30,149.39999389648438,149.8000030517578,146.24000549316406,147.44000244140625,124.29961395263672,9614400
2009-07-01,147.58999633789062,148.8800048828125,146.6199951171875,147.32000732421875,124.19851684570312,7505000
2009-07-02,145.86000061035156,146.1999969482422,143.27999877929688,143.49000549316406,120.96957397460938,7685000
2009-07-06,142.66000366210938,146.4600067138672,142.25999450683594,146.4600067138672,123.47347259521484,11756800
2009-07-07,146.24000549316406,146.97000122070312,142.3000030517578,142.5399932861328,120.16863250732422,9503000
2009-07-08,142.4499969482422,142.92999267578125,135.22999572753906,138.5500030517578,116.80490112304688,19399300
2009-07-09,141.75999450683594,144.88999938964844,140.91000366210938,143.2100067138672,120.73348999023438,15026500
2009-07-10,142.35000610351562,144.8699951171875,141.1999969482422,141.8699951171875,119.60379028320312,12685200
2009-07-13,146.72000122070312,149.85000610351562,145.0500030517578,149.44000244140625,125.98570251464844,23817800
2009-07-14,148.97999572753906,151.14999389648438,148.0800018310547,149.66000366210938,126.17121124267578,28813100
2009-07-15,152.00999450683594,155.97999572753906,150.6300048828125,155.25999450683594,130.89230346679688,21135600
2009-07-16,155.0,157.99000549316406,153.80999755859375,156.83999633789062,132.22433471679688,12643600
2009-07-17,155.8699951171875,157.94000244140625,155.52000427246094,156.83999633789062,132.22433471679688,9617200
2009-07-20,157.75,160.72999572753906,157.27999877929688,160.02999877929688,134.91363525390625,12433800
2009-07-21,159.88999938964844,160.00999450683594,157.02000427246094,159.8000030517578,134.71974182128906,10886500
2009-07-22,158.19000244140625,161.25,157.33999633789062,160.4600067138672,135.27622985839844,9499400
2009-07-23,160.1999969482422,166.4199981689453,159.3000030517578,165.4499969482422,139.48301696777344,12291900
2009-07-24,164.42999267578125,165.0,162.80999755859375,164.72000122070312,138.86756896972656,7294400
2009-07-27,164.6999969482422,165.47000122070312,162.0,163.8699951171875,138.1509552001953,7613000
2009-07-28,162.3000030517578,162.38999938964844,159.5,160.5399932861328,135.34359741210938,10244800
2009-07-29,159.2100067138672,160.97999572753906,157.89999389648438,159.44000244140625,134.41624450683594,9111300
2009-07-30,161.11000061035156,164.10000610351562,160.7100067138672,162.4199981689453,136.92852783203125,9415400
2009-07-31,162.3699951171875,163.8699951171875,161.3000030517578,163.3000030517578,137.67041015625,7721200
2009-08-03,165.1999969482422,166.2899932861328,163.3000030517578,164.10000610351562,138.34483337402344,8361800
2009-08-04,162.99000549316406,165.47000122070312,162.9600067138672,165.1699981689453,139.2469482421875,8808900
2009-08-05,165.75,168.9600067138672,164.61000061035156,168.63999938964844,142.17230224609375,9593900
2009-08-06,169.39999389648438,170.94000244140625,165.80999755859375,166.75,140.57901000976562,8201800
2009-08-07,168.3000030517578,168.3000030517578,162.72999572753906,163.64999389648438,137.96546936035156,10771800
2009-08-10,163.1999969482422,163.8800048828125,159.39999389648438,160.36000061035156,135.19183349609375,8909700
2009-08-11,159.94000244140625,162.22000122070312,159.14999389648438,159.22000122070312,134.23077392578125,9785100
2009-08-12,159.8699951171875,164.38999938964844,159.57000732421875,163.75999450683594,138.0583038330078,9842700
2009-08-13,165.24000549316406,165.49000549316406,162.61000061035156,164.47999572753906,138.6652374267578,8922600
2009-08-14,163.97000122070312,164.38999938964844,160.7899932861328,162.72999572753906,137.18984985351562,6756800
2009-08-17,159.32000732421875,159.61000061035156,157.1999969482422,157.25,132.56991577148438,10146100
2009-08-18,159.6699981689453,160.89999389648438,159.49000549316406,160.47999572753906,135.29302978515625,8090000
2009-08-19,159.11000061035156,160.5,158.0,159.92999267578125,134.82936096191406,8838900
2009-08-20,160.1999969482422,162.83999633789062,160.10000610351562,162.3300018310547,136.85269165039062,7619200
2009-08-21,163.75999450683594,164.89999389648438,162.02000427246094,163.50999450683594,138.14532470703125,10417200
2009-08-24,164.36000061035156,166.25999450683594,162.5800018310547,162.5800018310547,137.35960388183594,9148800
2009-08-25,163.3300018310547,165.3000030517578,163.0399932861328,164.94000244140625,139.35345458984375,9118900
2009-08-26,164.2899932861328,166.41000366210938,163.6999969482422,165.9499969482422,140.20675659179688,8325600
2009-08-27,165.69000244140625,165.89999389648438,163.25,165.02000427246094,139.4210968017578,7890600
2009-08-28,165.8699951171875,166.25,163.39999389648438,164.4199981689453,138.91416931152344,7029800
2009-08-31,162.9499969482422,165.58999633789062,161.25,165.4600067138672,139.79286193847656,9106500
2009-09-01,164.8000030517578,166.3800048828125,159.92999267578125,160.1699981689453,135.32345581054688,12446800
2009-09-02,160.1300048828125,161.44000244140625,158.13999938964844,158.5399932861328,133.94625854492188,10751500
2009-09-03,159.9199981689453,162.25,159.5500030517578,161.66000366210938,136.58229064941406,8837800
2009-09-04,161.5399932861328,163.85000610351562,161.36000061035156,162.97000122070312,137.6890411376953,6220100
2009-09-08,165.25,167.25,165.0500030517578,167.22000122070312,141.27981567382812,10066300
2009-09-09,167.8000030517578,170.55999755859375,167.16000366210938,170.27000427246094,143.85667419433594,10196500
2009-09-10,171.0,175.36000061035156,170.1300048828125,174.8699951171875,147.74307250976562,13488900
2009-09-11,176.8000030517578,177.80999755859375,174.3699951171875,174.6999969482422,147.59945678710938,11094800
2009-09-14,173.27999877929688,177.89999389648438,173.16000366210938,177.7100067138672,150.14254760742188,8028100
2009-09-15,178.0,178.0,175.4600067138672,176.66000366210938,149.25538635253906,8398900
2009-09-16,177.82000732421875,179.8699951171875,176.5,179.8699951171875,151.96742248535156,8706100
2009-09-17,179.8800048828125,183.0,179.5500030517578,181.4600067138672,153.31080627441406,9674300
2009-09-18,181.69000244140625,183.9499969482422,180.64999389648438,183.17999267578125,154.76397705078125,8395300
2009-09-21,181.69000244140625,183.72999572753906,181.41000366210938,182.38999938964844,154.09652709960938,6368600
2009-09-22,183.8800048828125,185.8000030517578,182.5800018310547,185.52000427246094,156.74098205566406,7470700
2009-09-23,186.30999755859375,188.0,183.63999938964844,183.63999938964844,155.15267944335938,10069600
2009-09-24,184.9199981689453,185.60000610351562,181.1699981689453,183.05999755859375,154.66258239746094,10982400
2009-09-25,182.17999267578125,183.10000610351562,177.6999969482422,179.5,151.65480041503906,12296200
2009-09-28,180.13999938964844,182.77999877929688,178.66000366210938,182.5,154.18951416015625,7892200
2009-09-29,182.99000549316406,184.77999877929688,182.1300048828125,183.5800018310547,155.10195922851562,7539300
2009-09-30,184.77000427246094,185.47999572753906,181.82000732421875,184.35000610351562,155.7524871826172,10517900
2009-10-01,184.00999450683594,184.69000244140625,178.60000610351562,178.99000549316406,151.22398376464844,11044500
2009-10-02,176.4499969482422,181.05999755859375,175.60000610351562,179.61000061035156,151.74781799316406,9232400
2009-10-05,180.77000427246094,186.64999389648438,180.5500030517578,186.47000122070312,157.5436248779297,9471200
2009-10-06,188.4600067138672,189.44000244140625,184.60000610351562,186.97999572753906,157.97450256347656,13918900
2009-10-07,186.50999450683594,190.5800018310547,186.0,190.47999572753906,160.93157958984375,10579400
2009-10-08,191.88999938964844,192.1699981689453,187.61000061035156,188.1699981689453,158.97988891601562,11978100
2009-10-09,188.72999572753906,189.75,187.9199981689453,189.3000030517578,159.9346466064453,6526300
2009-10-12,190.86000061035156,190.89999389648438,188.83999633789062,190.14999389648438,160.65277099609375,6189400
2009-10-13,186.41000366210938,187.8000030517578,185.10000610351562,187.22999572753906,158.1857147216797,11959300
2009-10-14,191.5800018310547,193.60000610351562,190.39999389648438,192.27999877929688,162.45230102539062,15806700
2009-10-15,188.6199951171875,190.86000061035156,187.1999969482422,188.6300048828125,159.36856079101562,17834200
2009-10-16,186.6699981689453,187.64999389648438,183.3800048828125,184.3699951171875,155.7693328857422,12750800
2009-10-19,184.85000610351562,186.7899932861328,183.00999450683594,185.5,156.72412109375,7482000
2009-10-20,185.19000244140625,187.5500030517578,184.07000732421875,184.9600067138672,156.2678680419922,7387400
2009-10-21,185.1999969482422,185.5,179.10000610351562,179.25999450683594,151.45208740234375,11759300
2009-10-22,180.0399932861328,183.94000244140625,179.55999755859375,183.69000244140625,155.19491577148438,10666200
2009-10-23,184.02999877929688,184.88999938964844,179.0399932861328,180.36000061035156,152.38148498535156,9221900
2009-10-26,180.52000427246094,182.4499969482422,177.82000732421875,179.3699951171875,151.54505920410156,9427400
2009-10-27,179.25,180.10000610351562,177.39999389648438,178.61000061035156,150.9029083251953,10505700
2009-10-28,177.91000366210938,178.39999389648438,171.6699981689453,172.16000366210938,145.45347595214844,13586400
2009-10-29,174.57000732421875,178.5800018310547,173.44000244140625,178.5800018310547,150.87753295898438,9342900
2009-10-30,177.22000122070312,177.6199951171875,169.67999267578125,170.1699981689453,143.77218627929688,13323700
2009-11-02,171.58999633789062,173.36000061035156,165.3000030517578,170.67999267578125,144.20309448242188,15802400
2009-11-03,168.97999572753906,172.16000366210938,168.74000549316406,171.61000061035156,144.98878479003906,11150300
2009-11-04,173.47000122070312,174.60000610351562,169.02000427246094,169.5,143.2061004638672,11143300
2009-11-05,170.97999572753906,173.5,169.2100067138672,173.39999389648438,146.5011444091797,9017500
2009-11-06,171.9600067138672,173.9499969482422,171.0,171.77999877929688,145.1324005126953,6274200
2009-11-09,173.67999267578125,176.75,173.5,176.57000732421875,149.1793975830078,10329200
2009-11-10,176.39999389648438,177.74000549316406,175.32000732421875,176.50999450683594,149.12869262695312,7244700
2009-11-11,178.02999877929688,180.83999633789062,177.9499969482422,179.85000610351562,151.95059204101562,8187800
2009-11-12,179.6999969482422,181.42999267578125,177.7899932861328,178.47999572753906,150.79307556152344,7404200
2009-11-13,178.88999938964844,178.99000549316406,175.63999938964844,176.75999450683594,149.33987426757812,7630900
2009-11-16,177.99000549316406,179.3800048828125,176.42999267578125,177.25,149.75387573242188,8748500
2009-11-17,177.00999450683594,178.25,175.5,176.60000610351562,149.2047576904297,7680500
2009-11-18,176.47000122070312,177.4499969482422,175.00999450683594,176.89999389648438,149.45816040039062,5959000
2009-11-19,175.52999877929688,176.1999969482422,171.42999267578125,172.8300018310547,146.01954650878906,8893100
2009-11-20,171.39999389648438,172.44000244140625,170.00999450683594,170.00999450683594,143.636962890625,8825400
2009-11-23,171.6699981689453,173.6300048828125,171.25,172.0,145.31832885742188,7930000
2009-11-24,171.63999938964844,172.0,170.27999877929688,171.1300048828125,144.58323669433594,6143700
2009-11-25,171.97000122070312,172.10000610351562,168.0500030517578,168.9199981689453,142.71612548828125,6984800
2009-11-27,164.27000427246094,166.3000030517578,163.22000122070312,164.16000366210938,138.69448852539062,6883200
2009-11-30,165.47000122070312,169.99000549316406,164.77000427246094,169.66000366210938,143.64756774902344,10699200
2009-12-01,171.25,171.3300018310547,167.07000732421875,167.6300048828125,141.92881774902344,13489100
2009-12-02,167.64999389648438,167.80999755859375,165.57000732421875,166.66000366210938,141.10752868652344,7500200
2009-12-03,167.9499969482422,169.16000366210938,163.94000244140625,164.3000030517578,139.109375,8020400
2009-12-04,167.5,167.8000030517578,163.52999877929688,167.24000549316406,141.5985870361328,10410300
2009-12-07,166.52000427246094,167.36000061035156,163.75999450683594,163.85000610351562,138.72833251953125,6654600
2009-12-08,163.1199951171875,164.10000610351562,161.0500030517578,161.83999633789062,137.02650451660156,11693900
2009-12-09,162.1300048828125,167.0500030517578,160.72000122070312,166.44000244140625,140.9212188720703,10975800
2009-12-10,166.69000244140625,167.94000244140625,164.16000366210938,166.72999572753906,141.1667938232422,11930700
2009-12-11,167.5399932861328,167.9499969482422,165.4199981689453,166.0,140.5487060546875,6425000
2009-12-14,166.47999572753906,166.5,163.86000061035156,166.10000610351562,140.63336181640625,6652900
2009-12-15,164.80999755859375,166.0,162.11000061035156,162.74000549316406,137.78851318359375,7539800
2009-12-16,163.85000610351562,165.88999938964844,163.07000732421875,164.99000549316406,139.69354248046875,8637700
2009-12-17,162.30999755859375,163.6199951171875,160.8300018310547,160.92999267578125,136.25607299804688,8943800
2009-12-18,161.80999755859375,163.3800048828125,160.1999969482422,163.19000244140625,138.16957092285156,8687100
2009-12-21,163.7899932861328,166.75,163.4199981689453,165.4499969482422,140.0830841064453,9392900
2009-12-22,165.5,166.3000030517578,164.5,164.60000610351562,139.3633575439453,4190700
2009-12-23,165.05999755859375,165.8000030517578,163.38999938964844,163.6300048828125,138.5420684814453,4052600
2009-12-24,164.0,164.89999389648438,163.30999755859375,163.97000122070312,138.83001708984375,1858100
2009-12-28,164.10000610351562,165.7100067138672,163.4600067138672,163.75999450683594,138.65216064453125,3586000
2009-12-29,164.5,165.1999969482422,163.2100067138672,164.1199951171875,138.9569091796875,5214800
2009-12-30,164.05999755859375,167.27999877929688,163.69000244140625,166.6999969482422,141.1414337158203,5996200
2009-12-31,167.2899932861328,170.1300048828125,166.92999267578125,168.83999633789062,142.9532470703125,6401800
2010-01-04,170.0500030517578,174.25,169.50999450683594,173.0800018310547,146.5432586669922,9135000
2010-01-05,173.0,176.25999450683594,172.57000732421875,176.13999938964844,149.134033203125,11659400
2010-01-06,175.3800048828125,175.3800048828125,173.75999450683594,174.25999450683594,147.542236328125,7381100
2010-01-07,174.32000732421875,178.75,173.9499969482422,177.6699981689453,150.42947387695312,8727400
2010-01-08,176.3300018310547,177.42999267578125,173.9499969482422,174.30999755859375,147.58457946777344,7268100
2010-01-11,175.05999755859375,175.05999755859375,170.52000427246094,171.55999755859375,145.2562713623047,7704900
2010-01-12,170.00999450683594,170.47999572753906,167.02999877929688,167.82000732421875,142.08966064453125,10360100
2010-01-13,168.00999450683594,169.6699981689453,166.1199951171875,169.07000732421875,143.1480255126953,11269500
2010-01-14,168.0,170.72000122070312,167.2100067138672,168.52999877929688,142.69082641601562,10521400
2010-01-15,167.60000610351562,167.8000030517578,164.5800018310547,165.2100067138672,139.8798370361328,10896300
2010-01-19,165.00999450683594,167.39999389648438,163.89999389648438,166.86000061035156,141.27682495117188,7705300
2010-01-20,165.8000030517578,168.17999267578125,164.32000732421875,167.7899932861328,142.06431579589844,8893900
2010-01-21,169.2899932861328,171.0,156.77000427246094,160.8699951171875,136.2052764892578,51738300
2010-01-22,158.69000244140625,159.75,152.25,154.1199951171875,130.49014282226562,30175600
2010-01-25,156.1300048828125,158.3000030517578,154.5,154.97999572753906,131.21832275390625,17877000
2010-01-26,154.91000366210938,156.5,150.6999969482422,150.8800048828125,127.74696350097656,15985900
2010-01-27,150.75,152.92999267578125,148.27000427246094,151.5,128.27186584472656,19899000
2010-01-28,154.22999572753906,155.1999969482422,149.9499969482422,153.2899932861328,129.7874298095703,16160700
2010-01-29,154.44000244140625,154.8800048828125,147.80999755859375,148.72000122070312,125.91807556152344,18502800
2010-02-01,149.82000732421875,155.25,149.2100067138672,153.1300048828125,129.65191650390625,12980800
2010-02-02,153.64999389648438,157.5,153.64999389648438,156.94000244140625,132.8777618408203,17246600
2010-02-03,157.9199981689453,159.94000244140625,157.11000061035156,157.22999572753906,133.12335205078125,16785200
2010-02-04,155.27000427246094,156.05999755859375,150.4499969482422,150.67999267578125,127.57763671875,18895000
2010-02-05,150.82000732421875,154.4600067138672,148.8699951171875,154.16000366210938,130.5240478515625,18759200
2010-02-08,154.27000427246094,154.60000610351562,150.82000732421875,151.10000610351562,127.9332046508789,10257300
2010-02-09,152.6999969482422,153.52999877929688,149.64999389648438,152.49000549316406,129.11009216308594,14017300
2010-02-10,152.77000427246094,155.35000610351562,151.75999450683594,153.6300048828125,130.0753173828125,10555300
2010-02-11,154.39999389648438,155.32000732421875,152.25,154.0500030517578,130.43087768554688,11163400
2010-02-12,152.3699951171875,154.5,151.13999938964844,153.92999267578125,130.3292694091797,10293200
2010-02-16,155.3000030517578,157.74000549316406,154.60000610351562,157.39999389648438,133.26727294921875,11497100
2010-02-17,158.0,158.19000244140625,155.80999755859375,157.25999450683594,133.1487579345703,10070000
2010-02-18,155.61000061035156,156.58999633789062,154.8800048828125,155.72999572753906,131.85333251953125,10991100
2010-02-19,154.50999450683594,157.0,154.49000549316406,156.17999267578125,132.23435974121094,8693000
2010-02-22,157.1999969482422,157.97000122070312,156.02999877929688,156.7100067138672,132.68309020996094,7375500
2010-02-23,156.80999755859375,160.2100067138672,155.91000366210938,156.6999969482422,132.6746368408203,15696000
2010-02-24,157.33999633789062,159.25,156.8699951171875,158.3300018310547,134.05470275878906,8361500
2010-02-25,156.22999572753906,156.44000244140625,154.32000732421875,156.44000244140625,132.45452880859375,10519900
2010-02-26,156.25999450683594,156.99000549316406,155.25999450683594,156.35000610351562,132.67506408691406,7812700
2010-03-01,156.50999450683594,158.2899932861328,156.1699981689453,156.5399932861328,132.8363037109375,6522800
2010-03-02,157.17999267578125,159.75,156.91000366210938,158.75,134.71163940429688,11986400
2010-03-03,159.0399932861328,159.4499969482422,157.22999572753906,157.72000122070312,133.83761596679688,10006000
2010-03-04,158.25,163.85000610351562,158.11000061035156,163.61000061035156,138.8357391357422,15439500
2010-03-05,165.11000061035156,168.25,165.0,167.17999267578125,141.865234375,12226700
2010-03-08,167.8800048828125,170.69000244140625,167.4600067138672,169.83999633789062,144.12242126464844,9344500
2010-03-09,169.22000122070312,172.1999969482422,168.0,168.85000610351562,143.28231811523438,12958700
2010-03-10,170.25999450683594,172.33999633789062,168.8699951171875,171.94000244140625,145.90443420410156,13107200
2010-03-11,171.39999389648438,173.57000732421875,171.10000610351562,173.50999450683594,147.23667907714844,8910600
2010-03-12,175.00999450683594,176.33999633789062,174.0,174.9600067138672,148.4671630859375,10216900
2010-03-15,173.9499969482422,175.1999969482422,170.3800048828125,173.52999877929688,147.25363159179688,13958600
2010-03-16,174.3300018310547,176.4199981689453,173.55999755859375,176.19000244140625,149.5108642578125,11687700
2010-03-17,176.86000061035156,177.8800048828125,175.57000732421875,176.63999938964844,149.8927459716797,10138600
2010-03-18,176.1999969482422,177.75,175.66000366210938,177.4499969482422,150.58004760742188,6883500
2010-03-19,177.89999389648438,178.2100067138672,175.9499969482422,177.89999389648438,150.9619140625,10896600
2010-03-22,176.2100067138672,176.9499969482422,175.22999572753906,176.16000366210938,149.4853973388672,7320400
2010-03-23,176.25,176.80999755859375,173.2899932861328,174.8300018310547,148.35679626464844,10804800
2010-03-24,173.63999938964844,175.9600067138672,173.63999938964844,174.41000366210938,148.0003662109375,8396100
2010-03-25,175.24000549316406,178.72999572753906,174.77999877929688,174.89999389648438,148.4161834716797,9534300
2010-03-26,175.3800048828125,175.47999572753906,171.91000366210938,172.8699951171875,146.69361877441406,11811500
2010-03-29,173.8699951171875,174.42999267578125,171.63999938964844,174.0500030517578,147.6949462890625,11785600
2010-03-30,174.25999450683594,174.77999877929688,170.6999969482422,171.3800048828125,145.42919921875,8184600
2010-03-31,170.0,171.66000366210938,169.85000610351562,170.6300048828125,144.79278564453125,8243200
2010-04-01,171.72000122070312,172.0,169.5,170.22000122070312,144.44488525390625,6480600
2010-04-05,170.67999267578125,173.3699951171875,169.77000427246094,173.16000366210938,146.93959045410156,6135000
2010-04-06,172.61000061035156,173.88999938964844,172.14999389648438,172.89999389648438,146.71908569335938,7743600
2010-04-07,172.88999938964844,177.89999389648438,172.80999755859375,176.36000061035156,149.6551513671875,13887200
2010-04-08,176.10000610351562,180.8000030517578,175.27999877929688,179.5,152.31967163085938,10668800
2010-04-09,180.27999877929688,181.0,177.5,179.1199951171875,151.99716186523438,8462000
2010-04-12,179.36000061035156,180.3800048828125,177.83999633789062,177.83999633789062,150.9109649658203,6040800
2010-04-13,177.55999755859375,180.0,177.11000061035156,179.25,152.10755920410156,6466400
2010-04-14,183.91000366210938,185.94000244140625,183.07000732421875,184.9199981689453,156.9189453125,12556400
2010-04-15,185.5399932861328,185.60000610351562,183.66000366210938,184.27000427246094,156.36734008789062,7838700
2010-04-16,183.6199951171875,186.41000366210938,155.5500030517578,160.6999969482422,136.3663787841797,102043700
2010-04-19,155.60000610351562,163.72999572753906,155.0,163.32000732421875,138.5896759033203,54299200
2010-04-20,166.44000244140625,166.7100067138672,158.0,159.97999572753906,135.75547790527344,42196600
2010-04-21,161.6699981689453,163.13999938964844,157.0,158.92999267578125,134.86441040039062,30371000
2010-04-22,157.92999267578125,162.0,156.2899932861328,159.0500030517578,134.96629333496094,24823000
2010-04-23,160.19000244140625,160.72000122070312,157.0,157.39999389648438,133.56610107421875,14916000
2010-04-26,156.72000122070312,156.99000549316406,151.52000427246094,152.02999877929688,129.00921630859375,30940700
2010-04-27,150.25,156.19000244140625,150.14999389648438,153.0399932861328,129.86630249023438,34516800
2010-04-28,156.66000366210938,157.64999389648438,154.69000244140625,157.00999450683594,133.23519897460938,21226100
2010-04-29,159.5500030517578,161.0500030517578,158.33999633789062,160.24000549316406,135.97608947753906,18464300
2010-04-30,151.89999389648438,152.5,143.3000030517578,145.1999969482422,123.21342468261719,73187900
2010-05-03,147.83999633789062,150.64999389648438,146.5399932861328,149.5,126.86231231689453,28282700
2010-05-04,149.02999877929688,152.35000610351562,147.8300018310547,149.4499969482422,126.8199691772461,30313400
2010-05-05,148.10000610351562,151.22000122070312,147.1999969482422,148.19000244140625,125.7507095336914,18355200
2010-05-06,147.47999572753906,148.6300048828125,139.05999755859375,142.32000732421875,120.76958465576172,22984700
2010-05-07,145.3800048828125,146.5500030517578,141.5,142.99000549316406,121.33810424804688,21268500
2010-05-10,149.08999633789062,149.89999389648438,141.1999969482422,143.8300018310547,122.05091094970703,23098200
2010-05-11,142.39999389648438,145.5,141.5500030517578,141.97000122070312,120.47258758544922,15497900
2010-05-12,144.24000549316406,147.64999389648438,142.27999877929688,147.1999969482422,124.91061401367188,15457000
2010-05-13,148.36000061035156,148.4499969482422,144.4199981689453,144.64999389648438,122.74675750732422,11517900
2010-05-14,143.41000366210938,144.14999389648438,141.89999389648438,143.22999572753906,121.54176330566406,10977400
2010-05-17,143.47000122070312,144.3000030517578,138.52999877929688,142.63999938964844,121.04107666015625,16330100
2010-05-18,143.69000244140625,143.75,136.60000610351562,137.36000061035156,116.56061553955078,18025300
2010-05-19,137.9499969482422,140.1300048828125,136.10000610351562,140.10000610351562,118.88573455810547,18079900
2010-05-20,138.1999969482422,139.49000549316406,135.75,136.10000610351562,115.49136352539062,16279200
2010-05-21,137.0800018310547,143.4499969482422,136.25,140.6199951171875,119.32698059082031,25553400
2010-05-24,142.0,142.9499969482422,136.50999450683594,136.69000244140625,115.99207305908203,16556800
2010-05-25,134.72999572753906,143.19000244140625,134.1999969482422,142.55999755859375,120.97319793701172,21490900
2010-05-26,144.2899932861328,145.8000030517578,139.69000244140625,140.3000030517578,119.05543518066406,17073900
2010-05-27,142.92999267578125,145.0500030517578,141.0399932861328,144.9499969482422,123.30890655517578,12910200
2010-05-28,144.4199981689453,145.8000030517578,143.10000610351562,144.25999450683594,122.72191619873047,10683700
2010-06-01,144.25999450683594,146.39999389648438,141.6999969482422,141.86000061035156,120.68030548095703,9455200
2010-06-02,142.0,145.0,141.13999938964844,144.8300018310547,123.20683288574219,7668400
2010-06-03,144.91000366210938,145.25,142.5,144.0399932861328,122.53480529785156,7454900
2010-06-04,142.1699981689453,145.8699951171875,141.7100067138672,142.25,121.01205444335938,14900400
2010-06-07,142.27999877929688,143.27000427246094,137.85000610351562,138.67999267578125,117.97505950927734,12238600
2010-06-08,139.13999938964844,139.67999267578125,135.0500030517578,137.77999877929688,117.20941925048828,14587000
2010-06-09,138.58999633789062,139.4199981689453,136.22000122070312,136.8000030517578,116.3757095336914,8950600
2010-06-10,137.60000610351562,137.77000427246094,131.3000030517578,133.77000427246094,113.7981185913086,21931000
2010-06-11,133.3300018310547,136.0500030517578,133.0,135.63999938964844,115.38893127441406,9241800
2010-06-14,137.11000061035156,137.11000061035156,133.39999389648438,133.44000244140625,113.5173568725586,10951400
2010-06-15,134.6300048828125,137.39999389648438,133.3000030517578,136.89999389648438,116.46080780029297,10649300
2010-06-16,136.05999755859375,138.25999450683594,135.7100067138672,137.05999755859375,116.59684753417969,7077700
2010-06-17,136.9499969482422,138.3800048828125,135.22000122070312,137.32000732421875,116.8180923461914,8104300
2010-06-18,137.82000732421875,139.72000122070312,137.52000427246094,138.17999267578125,117.54965209960938,10154900
2010-06-21,139.64999389648438,140.14999389648438,137.30999755859375,137.74000549316406,117.17539978027344,8691000
2010-06-22,137.5399932861328,137.75,134.58999633789062,134.7899932861328,114.66582489013672,9002200
2010-06-23,133.89999389648438,136.3800048828125,132.72999572753906,135.07000732421875,114.90401458740234,8232200
2010-06-24,134.13999938964844,135.97999572753906,133.11000061035156,134.97999572753906,114.82744598388672,9967900
2010-06-25,136.99000549316406,140.89999389648438,135.42999267578125,139.66000366210938,118.80870056152344,14332300
2010-06-28,140.3800048828125,140.3800048828125,136.52999877929688,136.66000366210938,116.25659942626953,9908100
2010-06-29,134.97999572753906,135.85000610351562,133.1699981689453,133.75999450683594,113.78960418701172,10338100
2010-06-30,133.67999267578125,134.3000030517578,131.02000427246094,131.27000427246094,111.67137908935547,9139800
2010-07-01,131.69000244140625,133.75,129.5,131.13999938964844,111.56071472167969,11645300
2010-07-02,132.11000061035156,132.3800048828125,129.69000244140625,131.0800018310547,111.50971984863281,6566400
2010-07-06,133.74000549316406,134.38999938964844,131.07000732421875,132.25999450683594,112.5135498046875,7820100
2010-07-07,132.44000244140625,136.1300048828125,132.07000732421875,135.8300018310547,115.55052947998047,9300400
2010-07-08,136.9199981689453,137.1699981689453,133.55999755859375,135.4600067138672,115.23577880859375,9895700
2010-07-09,135.36000061035156,138.5,134.58999633789062,138.05999755859375,117.44760131835938,6919900
2010-07-12,137.61000061035156,138.30999755859375,136.02999877929688,137.25,116.75849914550781,4728900
2010-07-13,138.5,141.1999969482422,138.11000061035156,140.25,119.31060791015625,8983900
2010-07-14,139.2899932861328,139.58999633789062,137.64999389648438,139.05999755859375,118.29827880859375,6068500
2010-07-15,140.02000427246094,146.25,137.82000732421875,145.22000122070312,123.5385971069336,21621900
2010-07-16,151.47000122070312,152.0,146.0500030517578,146.1699981689453,124.34677124023438,29604600
2010-07-19,147.6699981689453,147.6999969482422,144.10000610351562,145.67999267578125,123.92987823486328,10875900
2010-07-20,142.17999267578125,149.72999572753906,141.5500030517578,148.91000366210938,126.67774200439453,20571400
2010-07-21,150.0500030517578,150.97000122070312,146.86000061035156,146.99000549316406,125.04432678222656,11337000
2010-07-22,148.8800048828125,149.8800048828125,144.16000366210938,146.5500030517578,124.67005157470703,13307300
2010-07-23,146.64999389648438,148.41000366210938,144.57000732421875,147.3800048828125,125.37613677978516,7306900
2010-07-26,147.38999938964844,149.0,145.2100067138672,148.1999969482422,126.0737075805664,6089000
2010-07-27,149.08999633789062,149.66000366210938,147.0,147.22999572753906,125.24848175048828,7151200
2010-07-28,147.0,148.64999389648438,146.77999877929688,147.1999969482422,125.22297668457031,4845600
2010-07-29,148.27000427246094,153.14999389648438,147.6300048828125,152.5800018310547,129.79983520507812,15657700
2010-07-30,151.35000610351562,153.41000366210938,150.8000030517578,150.82000732421875,128.30250549316406,8792400
2010-08-02,152.82000732421875,153.63999938964844,151.61000061035156,152.74000549316406,129.93589782714844,6523100
2010-08-03,152.1199951171875,153.9600067138672,151.41000366210938,153.19000244140625,130.3186492919922,5648500
2010-08-04,153.6199951171875,157.25,153.0,156.41000366210938,133.0579376220703,12283700
2010-08-05,155.6300048828125,156.22000122070312,154.39999389648438,155.9199981689453,132.64109802246094,5680200
2010-08-06,154.5399932861328,156.05999755859375,153.77000427246094,155.17999267578125,132.0115966796875,8082600
2010-08-09,155.92999267578125,156.1999969482422,154.58999633789062,155.39999389648438,132.19869995117188,4209800
2010-08-10,154.02000427246094,154.77000427246094,153.17999267578125,153.89999389648438,130.92269897460938,5861700
2010-08-11,151.72000122070312,152.0,148.91000366210938,149.25,126.96688842773438,7734400
2010-08-12,147.80999755859375,150.58999633789062,147.80999755859375,149.4199981689453,127.11154174804688,4949300
2010-08-13,149.3800048828125,150.4499969482422,148.0800018310547,148.0800018310547,125.9715805053711,4218700
2010-08-16,147.5800018310547,149.17999267578125,147.0,147.75999450683594,125.69940185546875,3760100
2010-08-17,148.67999267578125,149.7899932861328,148.13999938964844,148.58999633789062,126.40544891357422,4391600
2010-08-18,148.5399932861328,149.94000244140625,147.72999572753906,149.1999969482422,126.92440795898438,4460600
2010-08-19,148.6699981689453,149.66000366210938,146.27999877929688,147.0500030517578,125.09540557861328,5290900
2010-08-20,147.44000244140625,148.97000122070312,147.25,148.24000549316406,126.1076889038086,5276800
2010-08-23,148.1199951171875,148.5,146.60000610351562,146.74000549316406,124.83168029785156,3729200
2010-08-24,144.8000030517578,145.49000549316406,143.82000732421875,143.9499969482422,122.45818328857422,6372300
2010-08-25,142.80999755859375,145.3300018310547,142.75,144.67999267578125,123.07920837402344,5638400
2010-08-26,144.94000244140625,145.16000366210938,141.66000366210938,141.80999755859375,120.63773345947266,6818100
2010-08-27,141.1300048828125,141.74000549316406,138.25,139.75,118.88526916503906,11252000
2010-08-30,138.8300018310547,140.11000061035156,136.64999389648438,136.66000366210938,116.5484848022461,6205800
2010-08-31,136.25,138.00999450683594,135.7899932861328,136.92999267578125,116.7787857055664,7064100
2010-09-01,139.00999450683594,140.33999633789062,137.8000030517578,139.74000549316406,119.17524719238281,6897700
2010-09-02,139.92999267578125,140.14999389648438,138.4499969482422,139.77999877929688,119.20935821533203,4992000
2010-09-03,141.6199951171875,147.99000549316406,141.3300018310547,147.2899932861328,125.61415100097656,13588500
2010-09-07,146.14999389648438,146.24000549316406,144.14999389648438,145.2100067138672,123.8402328491211,6211300
2010-09-08,145.3800048828125,149.66000366210938,145.36000061035156,147.5399932861328,125.827392578125,8310300
2010-09-09,149.7899932861328,150.67999267578125,148.5,149.13999938964844,127.19189453125,6729800
2010-09-10,149.4600067138672,150.75,148.80999755859375,150.38999938964844,128.25791931152344,4417200
2010-09-13,152.32000732421875,154.6999969482422,152.3000030517578,154.3699951171875,131.65228271484375,7653600
2010-09-14,153.5399932861328,153.75,152.22999572753906,152.52999877929688,130.0830078125,5688200
2010-09-15,151.6699981689453,152.8000030517578,150.6699981689453,152.55999755859375,130.10862731933594,5698200
2010-09-16,152.27999877929688,152.47999572753906,151.16000366210938,152.22999572753906,129.82711791992188,4388600
2010-09-17,152.11000061035156,152.47000122070312,150.55999755859375,150.97999572753906,128.7611083984375,4835600
2010-09-20,150.97999572753906,152.39999389648438,149.88999938964844,151.89999389648438,129.54571533203125,5640500
2010-09-21,152.11000061035156,154.57000732421875,151.08999633789062,151.39999389648438,129.11936950683594,6876000
2010-09-22,149.9499969482422,150.5500030517578,147.69000244140625,148.07000732421875,126.2793197631836,8986100
2010-09-23,146.36000061035156,146.8699951171875,143.97999572753906,144.91000366210938,123.58441925048828,9152400
2010-09-24,146.25,147.60000610351562,145.82000732421875,147.27999877929688,125.6056900024414,5623700
2010-09-27,147.00999450683594,148.41000366210938,145.77999877929688,146.0,124.51402282714844,5205900
2010-09-28,146.50999450683594,146.69000244140625,144.05999755859375,145.00999450683594,123.66966247558594,5504800
2010-09-29,145.02000427246094,145.02000427246094,142.5399932861328,144.4199981689453,123.16653442382812,6944900
2010-09-30,145.25,146.97999572753906,144.3000030517578,144.5800018310547,123.30298614501953,6854400
2010-10-01,145.1999969482422,148.5,144.82000732421875,147.6999969482422,125.96379852294922,7439800
2010-10-04,147.6999969482422,148.47000122070312,144.6999969482422,146.57000732421875,125.00012969970703,5866700
2010-10-05,147.55999755859375,150.27999877929688,146.07000732421875,149.57000732421875,127.55862426757812,8724700
2010-10-06,149.75,152.3300018310547,149.1300048828125,150.83999633789062,128.64170837402344,6330600
2010-10-07,152.11000061035156,152.36000061035156,150.02999877929688,151.11000061035156,128.87200927734375,4471500
2010-10-08,151.14999389648438,153.39999389648438,150.6199951171875,152.66000366210938,130.19390869140625,5225100
2010-10-11,152.6699981689453,153.08999633789062,151.27000427246094,152.1999969482422,129.80154418945312,4454400
2010-10-12,151.3000030517578,155.4499969482422,151.00999450683594,155.2100067138672,132.36863708496094,6378000
2010-10-13,156.3000030517578,156.69000244140625,154.38999938964844,154.72999572753906,131.95925903320312,5626200
2010-10-14,154.22999572753906,154.2899932861328,150.5500030517578,151.58999633789062,129.28134155273438,6891100
2010-10-15,152.69000244140625,152.69000244140625,150.66000366210938,150.69000244140625,128.51380920410156,6901500
2010-10-18,150.92999267578125,154.3800048828125,150.85000610351562,153.6999969482422,131.08078002929688,6972300
2010-10-19,155.13999938964844,159.6999969482422,154.11000061035156,156.72000122070312,133.65638732910156,14491200
2010-10-20,156.2100067138672,160.25,154.86000061035156,159.60000610351562,136.11256408691406,10631200
2010-10-21,159.5800018310547,161.5,158.10000610351562,159.3000030517578,135.856689453125,6350900
2010-10-22,159.88999938964844,159.97999572753906,157.5,157.75999450683594,134.54331970214844,4051700
2010-10-25,159.36000061035156,159.4499969482422,156.27000427246094,157.38999938964844,134.22781372070312,5728300
2010-10-26,156.72000122070312,158.72999572753906,156.52999877929688,158.2899932861328,134.99533081054688,4068500
2010-10-27,157.19000244140625,160.58999633789062,157.0,160.14999389648438,136.58160400390625,6570900
2010-10-28,160.86000061035156,163.7899932861328,160.44000244140625,163.24000549316406,139.21685791015625,9918800
2010-10-29,162.14999389648438,163.60000610351562,160.9499969482422,161.1300048828125,137.4174346923828,4536600
2010-11-01,161.77000427246094,162.9600067138672,160.1699981689453,161.57000732421875,137.79263305664062,4514400
2010-11-02,162.05999755859375,163.0,161.8000030517578,162.82000732421875,138.8587646484375,3332400
2010-11-03,163.17999267578125,163.17999267578125,160.57000732421875,162.6300048828125,138.69668579101562,4462800
2010-11-04,163.6199951171875,166.39999389648438,162.69000244140625,166.38999938964844,141.9033203125,8162600
2010-11-05,165.99000549316406,171.17999267578125,165.9199981689453,171.07000732421875,145.8946075439453,11989300
2010-11-08,169.9499969482422,171.61000061035156,169.10000610351562,169.1999969482422,144.2997589111328,5516100
2010-11-09,170.3000030517578,170.85000610351562,166.0,166.5500030517578,142.03970336914062,7343900
2010-11-10,166.30999755859375,168.64999389648438,165.57000732421875,167.22000122070312,142.61117553710938,6328100
2010-11-11,165.7899932861328,168.88999938964844,165.7899932861328,167.7100067138672,143.02908325195312,3931500
2010-11-12,166.38999938964844,168.1199951171875,164.64999389648438,165.8300018310547,141.42575073242188,4735600
2010-11-15,165.67999267578125,169.35000610351562,165.00999450683594,167.22000122070312,142.61117553710938,5199000
2010-11-16,165.8000030517578,167.0,164.66000366210938,165.10000610351562,140.8031463623047,5914100
2010-11-17,165.1199951171875,165.72999572753906,164.0,164.88999938964844,140.6240997314453,3726300
2010-11-18,165.69000244140625,168.92999267578125,165.60000610351562,167.35000610351562,142.7220001220703,4987500
2010-11-19,167.5,167.75,165.6999969482422,166.6699981689453,142.14208984375,4584500
2010-11-22,164.3000030517578,164.3800048828125,158.4499969482422,161.0500030517578,137.3491668701172,11364000
2010-11-23,159.10000610351562,160.89999389648438,157.66000366210938,157.77999877929688,134.5603790283203,7315000
2010-11-24,158.9600067138672,160.6999969482422,158.5500030517578,160.25999450683594,136.6754150390625,4258200
2010-11-26,158.4600067138672,159.35000610351562,158.07000732421875,158.22000122070312,134.93560791015625,1876900
2010-11-29,157.49000549316406,160.0,157.0,159.27999877929688,135.83961486816406,4819900
2010-11-30,158.07000732421875,159.3300018310547,156.13999938964844,156.13999938964844,133.45498657226562,5416900
2010-12-01,158.4499969482422,159.1999969482422,157.0,158.4499969482422,135.4293670654297,6024000
2010-12-02,159.16000366210938,163.25,158.83999633789062,162.5,138.89096069335938,7208600
2010-12-03,161.30999755859375,162.5,160.9499969482422,162.30999755859375,138.72857666015625,4658000
2010-12-06,161.66000366210938,163.19000244140625,161.49000549316406,162.64999389648438,139.01919555664062,3686300
2010-12-07,164.52000427246094,164.77000427246094,161.44000244140625,161.58999633789062,138.11318969726562,5527700
2010-12-08,161.9600067138672,166.13999938964844,161.88999938964844,166.13999938964844,142.00216674804688,5259500
2010-12-09,167.0,167.75,165.75,166.4499969482422,142.26712036132812,5746400
2010-12-10,166.41000366210938,168.47000122070312,165.89999389648438,168.47000122070312,143.99362182617188,4543600
2010-12-13,168.25,170.9199981689453,167.89999389648438,169.47999572753906,144.85684204101562,5325200
2010-12-14,169.6699981689453,169.99000549316406,166.83999633789062,167.3300018310547,143.01925659179688,4892700
2010-12-15,166.63999938964844,167.2899932861328,165.11000061035156,165.2100067138672,141.20724487304688,4358100
2010-12-16,165.69000244140625,165.91000366210938,163.2100067138672,164.4600067138672,140.5662384033203,4164400
2010-12-17,163.9199981689453,165.0,163.1199951171875,164.0399932861328,140.20724487304688,5343000
2010-12-20,163.74000549316406,166.89999389648438,163.64999389648438,166.0500030517578,141.9252166748047,3719100
2010-12-21,166.5399932861328,168.8800048828125,166.5,168.22999572753906,143.78848266601562,4546900
2010-12-22,168.6699981689453,169.67999267578125,167.89999389648438,169.60000610351562,144.95944213867188,3858500
2010-12-23,169.10000610351562,169.6999969482422,167.1699981689453,167.60000610351562,143.2500762939453,2494000
2010-12-27,166.7899932861328,170.0,166.41000366210938,169.8300018310547,145.15599060058594,2715000
2010-12-28,170.0,171.22999572753906,168.8300018310547,169.19000244140625,144.60899353027344,2862900
2010-12-29,169.39999389648438,169.77999877929688,166.57000732421875,167.6300048828125,143.27561950683594,3329800
2010-12-30,168.08999633789062,168.25,166.99000549316406,167.63999938964844,143.2841796875,1745400
2010-12-31,167.5800018310547,168.8000030517578,167.00999450683594,168.16000366210938,143.72866821289062,1636300
2011-01-03,170.5500030517578,173.25,169.85000610351562,173.0500030517578,147.90821838378906,5717100
2011-01-04,173.8699951171875,174.0,172.0,173.0800018310547,147.93386840820312,3335500
2011-01-05,172.0500030517578,174.49000549316406,172.0,174.0,148.72019958496094,4140600
2011-01-06,174.50999450683594,174.58999633789062,171.97999572753906,172.2100067138672,147.1902618408203,5375200
2011-01-07,172.6999969482422,172.88999938964844,169.36000061035156,170.69000244140625,145.89111328125,4916100
2011-01-10,170.0,171.2899932861328,169.1999969482422,169.75999450683594,145.09625244140625,3650300
2011-01-11,170.5,171.42999267578125,168.32000732421875,169.36000061035156,144.7543182373047,4572300
2011-01-12,169.38999938964844,172.30999755859375,169.17999267578125,171.6699981689453,146.72869873046875,5592900
2011-01-13,172.0399932861328,172.60000610351562,171.0,171.57000732421875,146.6432647705078,3183800
2011-01-14,171.19000244140625,175.0,171.19000244140625,175.0,149.5749053955078,5885100
2011-01-18,174.75,175.33999633789062,173.0500030517578,174.67999267578125,149.30137634277344,4981200
2011-01-19,169.4600067138672,171.49000549316406,165.86000061035156,166.49000549316406,142.30130004882812,13372700
2011-01-20,166.5500030517578,167.05999755859375,164.00999450683594,165.69000244140625,141.61749267578125,8914900
2011-01-21,165.8800048828125,169.1999969482422,165.1199951171875,166.1999969482422,142.05348205566406,5876500
2011-01-24,165.99000549316406,167.07000732421875,165.75,166.3000030517578,142.13885498046875,4624300
2011-01-25,163.0500030517578,164.7899932861328,160.1199951171875,161.97999572753906,138.446533203125,11259800
2011-01-26,161.6999969482422,162.83999633789062,161.0399932861328,161.30999755859375,137.8739013671875,6738000
2011-01-27,161.1300048828125,164.25,161.11000061035156,164.02999877929688,140.1986846923828,6036000
2011-01-28,164.16000366210938,165.08999633789062,161.4199981689453,161.77000427246094,138.2670440673828,4570000
2011-01-31,161.3800048828125,163.72000122070312,161.22999572753906,163.6199951171875,139.8482666015625,3792800
2011-02-01,163.86000061035156,166.25,163.61000061035156,165.3300018310547,141.309814453125,4138400
2011-02-02,165.14999389648438,166.63999938964844,164.1999969482422,165.0500030517578,141.07049560546875,2986200
2011-02-03,164.99000549316406,164.99000549316406,161.83999633789062,164.63999938964844,140.72007751464844,4710400
2011-02-04,164.8800048828125,164.97999572753906,162.75999450683594,164.8300018310547,140.88246154785156,3354500
2011-02-07,164.7899932861328,168.10000610351562,164.60000610351562,167.1300048828125,142.84835815429688,5036700
2011-02-08,167.02000427246094,168.72000122070312,166.25999450683594,168.5500030517578,144.06201171875,4718700
2011-02-09,168.22999572753906,168.22999572753906,164.66000366210938,166.00999450683594,141.89100646972656,5663900
2011-02-10,165.14999389648438,166.64999389648438,164.67999267578125,165.33999633789062,141.31834411621094,4265800
2011-02-11,165.11000061035156,167.69000244140625,164.80999755859375,166.66000366210938,142.44659423828125,4257100
2011-02-14,166.14999389648438,167.8000030517578,165.50999450683594,167.52000427246094,143.18162536621094,3547200
2011-02-15,167.32000732421875,168.44000244140625,166.82000732421875,167.91000366210938,143.51495361328125,4025900
2011-02-16,168.55999755859375,169.89999389648438,168.0,168.80999755859375,144.28421020507812,4606300
2011-02-17,168.5399932861328,168.69000244140625,167.0,167.16000366210938,142.87396240234375,4448100
2011-02-18,167.0399932861328,168.3000030517578,166.85000610351562,168.0399932861328,143.62608337402344,3728100
2011-02-22,165.6699981689453,165.75999450683594,162.35000610351562,162.94000244140625,139.26705932617188,5448200
2011-02-23,162.6300048828125,164.8000030517578,161.77000427246094,163.08999633789062,139.3952178955078,4560400
2011-02-24,162.1999969482422,163.89999389648438,161.32000732421875,163.44000244140625,139.69442749023438,4619300
2011-02-25,164.0500030517578,165.8800048828125,163.52000427246094,165.1199951171875,141.1302947998047,4636200
2011-02-28,165.52999877929688,166.25,163.11000061035156,163.77999877929688,140.28237915039062,4235200
2011-03-01,163.5500030517578,164.49000549316406,161.3000030517578,161.30999755859375,138.1667022705078,7015500
2011-03-02,161.5800018310547,163.3300018310547,161.11000061035156,161.69000244140625,138.49221801757812,4658400
2011-03-03,162.7100067138672,165.17999267578125,162.69000244140625,164.49000549316406,140.89048767089844,4581200
2011-03-04,162.8800048828125,163.0,160.36000061035156,161.0,137.90118408203125,7810800
2011-03-07,161.41000366210938,161.83999633789062,158.5,159.14999389648438,136.316650390625,7004100
2011-03-08,159.42999267578125,161.77999877929688,159.0399932861328,161.3000030517578,138.15817260742188,4845900
2011-03-09,161.85000610351562,163.72000122070312,161.5800018310547,162.35000610351562,139.05755615234375,4125200
2011-03-10,160.8000030517578,161.0,159.99000549316406,160.27000427246094,137.2759246826172,4563400
2011-03-11,159.85000610351562,161.5500030517578,159.83999633789062,160.67999267578125,137.62710571289062,2883900
2011-03-14,159.94000244140625,160.5,158.02000427246094,158.42999267578125,135.6998748779297,4376100
2011-03-15,156.05999755859375,158.0500030517578,154.85000610351562,157.25,134.68922424316406,5243600
2011-03-16,157.22999572753906,157.24000549316406,153.25999450683594,154.3800048828125,132.23101806640625,7223400
2011-03-17,155.92999267578125,156.35000610351562,153.9499969482422,155.75,133.40443420410156,5293900
2011-03-18,156.60000610351562,160.25,155.24000549316406,159.9600067138672,137.0104522705078,10170600
2011-03-21,161.6199951171875,162.14999389648438,159.89999389648438,160.2100067138672,137.22454833984375,4663300
2011-03-22,160.63999938964844,162.2100067138672,160.1199951171875,160.7899932861328,137.72134399414062,3538900
2011-03-23,160.02000427246094,160.22999572753906,158.24000549316406,159.52999877929688,136.64207458496094,3603300
2011-03-24,160.35000610351562,160.5,158.8300018310547,159.91000366210938,136.96762084960938,2734400
2011-03-25,160.50999450683594,160.50999450683594,157.6999969482422,157.97000122070312,135.305908203125,4020700
2011-03-28,158.1999969482422,159.2899932861328,156.41000366210938,156.47000122070312,134.02114868164062,3686800
2011-03-29,156.60000610351562,158.6999969482422,155.52999877929688,158.47000122070312,135.73422241210938,3769400
2011-03-30,159.02999877929688,160.42999267578125,157.47000122070312,159.07000732421875,136.24810791015625,2967200
2011-03-31,157.3800048828125,160.07000732421875,157.32000732421875,158.60000610351562,135.84556579589844,3317700
2011-04-01,159.77000427246094,162.0,159.66000366210938,160.22999572753906,137.24168395996094,3787900
2011-04-04,160.75999450683594,160.8800048828125,158.60000610351562,158.89999389648438,136.10250854492188,2816800
2011-04-05,158.4600067138672,159.14999389648438,157.6199951171875,158.91000366210938,136.111083984375,3173700
2011-04-06,159.88999938964844,161.99000549316406,158.85000610351562,161.88999938964844,138.66354370117188,4198700
2011-04-07,161.99000549316406,164.39999389648438,161.57000732421875,162.39999389648438,139.10035705566406,4589200
2011-04-08,163.49000549316406,163.6199951171875,160.82000732421875,160.9600067138672,137.86692810058594,3280800
2011-04-11,160.5399932861328,162.91000366210938,160.5399932861328,161.47000122070312,138.3037872314453,3126900
2011-04-12,160.25,161.44000244140625,159.4499969482422,160.4199981689453,137.40447998046875,3328100
2011-04-13,162.5,163.97999572753906,159.8300018310547,160.1699981689453,137.19027709960938,5145000
2011-04-14,157.50999450683594,157.60000610351562,155.25,155.7899932861328,133.438720703125,7982300
2011-04-15,156.17999267578125,156.9499969482422,154.6300048828125,155.1300048828125,132.8734130859375,5608300
2011-04-18,154.0500030517578,154.8800048828125,151.52000427246094,153.77999877929688,131.717041015625,5992900
2011-04-19,156.08999633789062,156.10000610351562,149.5500030517578,151.86000061035156,130.07249450683594,13463800
2011-04-20,153.1699981689453,154.14999389648438,151.5,152.6999969482422,130.7919921875,7181300
2011-04-21,153.08999633789062,154.3300018310547,152.6999969482422,153.50999450683594,131.48583984375,3977500
2011-04-25,152.5800018310547,152.58999633789062,151.17999267578125,152.19000244140625,130.35520935058594,3711600
2011-04-26,151.88999938964844,153.9499969482422,151.77999877929688,153.27000427246094,131.2802276611328,4400000
2011-04-27,153.60000610351562,153.85000610351562,152.0,152.86000061035156,130.92906188964844,4207000
2011-04-28,152.5500030517578,152.60000610351562,150.1999969482422,150.60000610351562,128.9933319091797,5906700
2011-04-29,150.27999877929688,151.8699951171875,149.63999938964844,151.00999450683594,129.34449768066406,6075500
2011-05-02,152.1999969482422,153.07000732421875,151.07000732421875,151.3000030517578,129.59288024902344,4362700
2011-05-03,150.97000122070312,152.8000030517578,150.67999267578125,151.8699951171875,130.08111572265625,3557400
2011-05-04,152.25,152.4600067138672,150.9499969482422,151.52000427246094,129.78134155273438,3768000
2011-05-05,150.8699951171875,151.22000122070312,149.9499969482422,150.41000366210938,128.83055114746094,4100200
2011-05-06,151.47000122070312,151.97000122070312,149.52999877929688,150.10000610351562,128.56504821777344,5429300
2011-05-09,149.6999969482422,149.8699951171875,148.8000030517578,149.1199951171875,127.7256088256836,3152400
2011-05-10,149.02000427246094,150.74000549316406,148.52000427246094,150.39999389648438,128.82200622558594,4033800
2011-05-11,150.0,150.0,147.64999389648438,147.8800048828125,126.66352844238281,5310500
2011-05-12,145.99000549316406,146.77999877929688,140.66000366210938,142.75,122.2695541381836,20659200
2011-05-13,142.38999938964844,142.52000427246094,139.25,141.4600067138672,121.16466522216797,14256700
2011-05-16,140.88999938964844,143.38999938964844,140.25999450683594,140.60000610351562,120.42799377441406,6458800
2011-05-17,140.25999450683594,141.9499969482422,139.0800018310547,140.80999755859375,120.60784912109375,7071400
2011-05-18,140.92999267578125,141.82000732421875,140.2100067138672,140.83999633789062,120.63356018066406,4768900
2011-05-19,141.22999572753906,141.3000030517578,138.42999267578125,139.33999633789062,119.3487319946289,7331500
2011-05-20,138.17999267578125,139.63999938964844,134.7899932861328,134.99000549316406,115.62290954589844,11284500
2011-05-23,133.63999938964844,137.19000244140625,133.63999938964844,135.83999633789062,116.35092163085938,8406500
2011-05-24,136.27000427246094,136.75999450683594,135.02999877929688,136.33999633789062,116.77919006347656,6605300
2011-05-25,135.6699981689453,137.58999633789062,135.50999450683594,136.24000549316406,116.69354248046875,6528800
2011-05-26,136.1999969482422,136.6999969482422,135.33999633789062,136.25999450683594,116.71067810058594,5332300
2011-05-27,136.25,138.9600067138672,136.22999572753906,138.66000366210938,119.07218933105469,5275700
2011-05-31,140.82000732421875,142.3000030517578,139.8800048828125,140.72999572753906,120.84979248046875,7023200
2011-06-01,139.9499969482422,140.0,136.10000610351562,136.1699981689453,116.9339599609375,6768100
2011-06-02,136.64999389648438,136.72999572753906,131.5,134.3800048828125,115.39680480957031,12423400
2011-06-03,132.97999572753906,137.1699981689453,132.88999938964844,135.3300018310547,116.21257781982422,5457600
2011-06-06,134.75,135.22000122070312,133.13999938964844,133.89999389648438,114.9845962524414,5287800
2011-06-07,134.3800048828125,135.75999450683594,132.99000549316406,132.99000549316406,114.20317840576172,6191500
2011-06-08,132.6300048828125,134.88999938964844,131.5,131.58999633789062,113.00094604492188,6795100
2011-06-09,131.99000549316406,135.10000610351562,131.8300018310547,133.52999877929688,114.66687774658203,4498100
2011-06-10,133.2100067138672,137.25,132.52000427246094,135.9199981689453,116.71923065185547,7556800
2011-06-13,136.1300048828125,137.97000122070312,135.9199981689453,137.52999877929688,118.1018295288086,5272900
2011-06-14,138.1999969482422,138.9499969482422,136.5399932861328,137.10000610351562,117.73258209228516,5849900
2011-06-15,136.07000732421875,137.58999633789062,134.00999450683594,134.85000610351562,115.8004150390625,5715200
2011-06-16,134.6300048828125,136.88999938964844,134.14999389648438,136.08999633789062,116.86521911621094,5230700
2011-06-17,137.8300018310547,138.7899932861328,137.2100067138672,137.22999572753906,117.84420776367188,6758300
2011-06-20,136.4199981689453,136.72999572753906,134.36000061035156,135.13999938964844,116.04945373535156,4019900
2011-06-21,135.5,137.19000244140625,134.3000030517578,135.9600067138672,116.75358581542969,4213300
2011-06-22,135.58999633789062,137.77999877929688,134.42999267578125,134.52000427246094,115.51702117919922,4224400
2011-06-23,133.10000610351562,133.8300018310547,131.63999938964844,132.36000061035156,113.66216278076172,6706600
2011-06-24,132.80999755859375,133.4499969482422,130.82000732421875,130.91000366210938,112.41704559326172,5774800
2011-06-27,130.75,131.86000061035156,129.8000030517578,130.7100067138672,112.24525451660156,5831800
2011-06-28,131.33999633789062,131.33999633789062,128.3000030517578,129.25999450683594,111.00009155273438,8056000
2011-06-29,129.72999572753906,133.22999572753906,129.5,132.52999877929688,113.80814361572266,8170800
2011-06-30,133.0500030517578,133.8000030517578,131.5,133.08999633789062,114.2890396118164,4980900
2011-07-01,133.42999267578125,136.72000122070312,133.08999633789062,136.64999389648438,117.34611511230469,5103500
2011-07-05,135.89999389648438,136.0500030517578,133.0,134.5,115.49989318847656,4458300
2011-07-06,133.77999877929688,134.44000244140625,132.82000732421875,133.88999938964844,114.97602844238281,3029100
2011-07-07,135.08999633789062,136.1999969482422,134.72000122070312,135.00999450683594,115.93782043457031,3857500
2011-07-08,133.32000732421875,134.39999389648438,133.1699981689453,134.0800018310547,115.13919830322266,4141600
2011-07-11,132.75,133.42999267578125,131.07000732421875,132.02000427246094,113.37018585205078,4722900
2011-07-12,131.4199981689453,132.66000366210938,130.10000610351562,130.30999755859375,111.90174865722656,4330900
2011-07-13,130.74000549316406,131.77000427246094,129.6999969482422,129.9199981689453,111.56687927246094,4410500
2011-07-14,131.6999969482422,132.1999969482422,129.75,129.88999938964844,111.54107666015625,5357200
2011-07-15,131.30999755859375,131.50999450683594,129.17999267578125,130.16000366210938,111.77296447753906,5255100
2011-07-18,129.5800018310547,130.16000366210938,127.5,129.3300018310547,111.06021881103516,5836500
2011-07-19,125.7300033569336,129.92999267578125,125.5,128.49000549316406,110.33887481689453,15297700
2011-07-20,128.0,133.8000030517578,127.58000183105469,132.75,113.99703979492188,8578300
2011-07-21,133.52000427246094,135.97999572753906,133.25,135.5800018310547,116.42733764648438,7671000
2011-07-22,135.02999877929688,136.47000122070312,134.44000244140625,135.49000549316406,116.35001373291016,4925500
2011-07-25,134.1699981689453,137.1300048828125,133.5,136.85000610351562,117.51792907714844,5856700
2011-07-26,136.61000061035156,139.25,136.02000427246094,137.60000610351562,118.16193389892578,5464700
2011-07-27,136.7899932861328,137.25,134.44000244140625,134.72000122070312,115.68876647949219,5250000
2011-07-28,134.97000122070312,138.1300048828125,134.64999389648438,135.83999633789062,116.65061950683594,4429700
2011-07-29,134.10000610351562,136.60000610351562,133.1300048828125,134.97000122070312,115.9034652709961,5340300
2011-08-01,136.9199981689453,137.33999633789062,133.75,134.14999389648438,115.19927215576172,5880700
2011-08-02,132.0800018310547,134.75999450683594,131.17999267578125,131.22999572753906,112.69180297851562,7594500
2011-08-03,131.35000610351562,133.27000427246094,130.7100067138672,132.0800018310547,113.42171478271484,6499400
2011-08-04,130.83999633789062,131.88999938964844,126.20999908447266,126.2300033569336,108.39812469482422,8193300
2011-08-05,127.75,129.22999572753906,122.3499984741211,125.18000030517578,107.49644470214844,11167300
2011-08-08,122.08000183105469,125.44000244140625,112.11000061035156,117.66000366210938,101.03875732421875,17378000
2011-08-09,120.51000213623047,123.1500015258789,111.5999984741211,122.7300033569336,105.39256286621094,15913400
2011-08-10,119.58000183105469,119.66999816894531,110.04000091552734,110.33999633789062,94.75282287597656,18592000
2011-08-11,112.94000244140625,119.75,112.25,118.0999984741211,101.41658782958984,11842200
2011-08-12,119.81999969482422,120.87999725341797,115.29000091552734,116.47000122070312,100.01688385009766,9607900
2011-08-15,117.56999969482422,119.69999694824219,116.0,119.12999725341797,102.30109405517578,7257200
2011-08-16,117.5999984741211,119.77999877929688,115.5,116.87000274658203,100.3603744506836,7413100
2011-08-17,117.36000061035156,118.75,116.55000305175781,117.25,100.68669128417969,4828600
2011-08-18,112.1500015258789,114.5,112.04000091552734,113.13999938964844,97.15726470947266,9284600
2011-08-19,111.87000274658203,115.30000305175781,111.11000061035156,111.76000213623047,95.97224426269531,6829000
2011-08-22,114.16999816894531,114.48999786376953,105.0999984741211,106.51000213623047,91.46387481689453,11286600
2011-08-23,106.0199966430664,108.80000305175781,103.16000366210938,106.86000061035156,91.76443481445312,24482500
2011-08-24,106.9000015258789,110.73999786376953,106.38999938964844,110.30999755859375,94.72704315185547,10169800
2011-08-25,114.51000213623047,118.0999984741211,108.11000061035156,109.83999633789062,94.3234634399414,11939500
2011-08-26,108.62999725341797,112.58000183105469,107.72000122070312,111.75,95.963623046875,7355700
2011-08-29,113.6500015258789,116.54000091552734,112.33000183105469,116.06999969482422,99.67339324951172,5177900
2011-08-30,115.33000183105469,116.0,113.25,115.18000030517578,99.20824432373047,5298800
2011-08-31,115.4000015258789,117.80000305175781,114.66999816894531,116.22000122070312,100.10401916503906,6488100
2011-09-01,115.55000305175781,115.55000305175781,111.5999984741211,112.16000366210938,96.60702514648438,9855500
2011-09-02,108.58000183105469,109.23999786376953,105.80000305175781,107.05999755859375,92.21421813964844,8380900
2011-09-06,103.66999816894531,105.5999984741211,103.43000030517578,104.55999755859375,90.06090545654297,7749300
2011-09-07,106.0,108.79000091552734,105.0,108.33999633789062,93.31672668457031,6526400
2011-09-08,107.12999725341797,108.0,104.73999786376953,104.79000091552734,90.25902557373047,6508800
2011-09-09,104.37999725341797,105.81999969482422,102.22000122070312,102.25,88.07125091552734,8613700
2011-09-12,100.79000091552734,103.0,99.77999877929688,102.91999816894531,88.64832305908203,8769600
2011-09-13,103.41000366210938,105.18000030517578,101.5,104.08999633789062,89.65607452392578,7119200
2011-09-14,104.91000366210938,105.87999725341797,103.52999877929688,104.54000091552734,90.04368591308594,6602200
2011-09-15,105.16999816894531,108.19000244140625,105.0999984741211,107.97000122070312,92.998046875,6354500
2011-09-16,109.06999969482422,109.66000366210938,105.91000366210938,107.48999786376953,92.5846176147461,7999300
2011-09-19,105.31999969482422,105.5999984741211,103.25,104.80999755859375,90.2762451171875,5821600
2011-09-20,105.0,105.2699966430664,102.52999877929688,102.61000061035156,88.38130950927734,4978100
2011-09-21,102.80999755859375,102.83000183105469,97.72000122070312,97.86000061035156,84.28997039794922,8586100
2011-09-22,95.95999908447266,96.02999877929688,91.4000015258789,93.9800033569336,80.9480209350586,12381300
2011-09-23,92.83999633789062,96.5199966430664,92.80000305175781,95.18000030517578,81.98159790039062,17489100
2011-09-26,96.19000244140625,99.7300033569336,95.0,99.13999938964844,85.39247131347656,7038600
2011-09-27,101.19999694824219,104.08000183105469,98.77999877929688,99.55000305175781,85.74563598632812,8583800
2011-09-28,99.9800033569336,100.80999755859375,96.20999908447266,96.31999969482422,82.96353912353516,5676800
2011-09-29,98.6500015258789,99.9800033569336,97.19999694824219,99.87000274658203,86.02124786376953,5949200
2011-09-30,98.27999877929688,98.4000015258789,94.45999908447266,94.55000305175781,81.43894958496094,5780200
2011-10-03,93.73999786376953,95.72000122070312,89.87999725341797,90.08000183105469,77.58882141113281,7745200
2011-10-04,88.31999969482422,95.22000122070312,84.2699966430664,94.58000183105469,81.46480560302734,12000000
2011-10-05,93.87000274658203,95.54000091552734,90.81999969482422,94.29000091552734,81.21503448486328,8455400
2011-10-06,94.0,98.0,91.76000213623047,97.93000030517578,84.35027313232422,7604000
2011-10-07,98.06999969482422,98.06999969482422,92.25,92.69000244140625,79.83690643310547,7636900
2011-10-10,94.91999816894531,96.38999938964844,93.94999694824219,96.13999938964844,82.8084945678711,6123500
2011-10-11,94.55999755859375,98.80999755859375,94.0,96.69999694824219,83.29084777832031,7065300
2011-10-12,98.19999694824219,101.12999725341797,96.38999938964844,99.11000061035156,85.36664581298828,8237900
2011-10-13,97.87000274658203,98.0199966430664,94.5199966430664,96.1500015258789,82.81710052490234,6571500
2011-10-14,96.79000091552734,97.83999633789062,94.6500015258789,96.7300033569336,83.31668090820312,5557400
2011-10-17,95.51000213623047,97.88999938964844,95.16999816894531,96.9000015258789,83.46310424804688,7227800
2011-10-18,98.19000244140625,103.73999786376953,96.55000305175781,102.25,88.07125091552734,16777200
2011-10-19,101.55000305175781,104.94000244140625,100.31999969482422,100.79000091552734,86.81368255615234,9959400
2011-10-20,101.69000244140625,102.16999816894531,98.27999877929688,100.86000061035156,86.87397003173828,7351200
2011-10-21,101.73999786376953,103.05999755859375,100.58999633789062,102.08999633789062,87.93341064453125,5854800
2011-10-24,102.6500015258789,104.7300033569336,102.58000183105469,103.9800033569336,89.56133270263672,5616600
2011-10-25,103.05000305175781,103.16999816894531,100.08000183105469,100.44000244140625,86.51220703125,5150100
2011-10-26,101.9000015258789,106.73999786376953,101.36000061035156,106.33000183105469,91.58545684814453,11751700
2011-10-27,110.33000183105469,117.52999877929688,110.0,116.4000015258789,100.25908660888672,16477900
2011-10-28,114.33999633789062,118.06999969482422,114.0,115.86000061035156,99.79395294189453,8249500
2011-10-31,112.79000091552734,113.88999938964844,109.4800033569336,109.55000305175781,94.35894012451172,8071700
2011-11-01,103.48999786376953,107.0999984741211,102.70999908447266,103.54000091552734,89.18234252929688,10225400
2011-11-02,106.44999694824219,107.25,104.75,106.12999725341797,91.41321563720703,5602800
2011-11-03,108.02999877929688,108.70999908447266,102.08999633789062,107.68000030517578,92.74825286865234,8295100
2011-11-04,106.33000183105469,106.56999969482422,103.80999755859375,105.04000091552734,90.4743423461914,6074600
2011-11-07,104.94999694824219,106.1500015258789,103.75,105.56999969482422,90.93084716796875,4696900
2011-11-08,106.41000366210938,109.26000213623047,106.19999694824219,108.58000183105469,93.52348327636719,6138600
2011-11-09,104.98999786376953,105.0,98.83000183105469,99.66999816894531,85.84899139404297,10596500
2011-11-10,101.87000274658203,101.94000244140625,98.13999938964844,99.5,85.70255279541016,8536500
2011-11-11,100.88999938964844,102.19999694824219,100.26000213623047,101.66000366210938,87.56302642822266,4770400
2011-11-14,100.5199966430664,100.61000061035156,98.37999725341797,99.29000091552734,85.52169036865234,4826400
2011-11-15,98.30000305175781,101.0199966430664,98.05999755859375,99.75,85.91791534423828,5664100
2011-11-16,98.87000274658203,98.98999786376953,95.25,95.5999984741211,82.34335327148438,8889900
2011-11-17,95.98999786376953,96.44000244140625,91.81999969482422,92.3499984741211,79.5440444946289,8994900
2011-11-18,92.47000122070312,93.38999938964844,91.30999755859375,91.91000366210938,79.16505432128906,6228700
2011-11-21,90.18000030517578,92.29000091552734,88.9000015258789,91.30000305175781,78.63964080810547,7802900
2011-11-22,90.70999908447266,91.80000305175781,88.61000061035156,89.4000015258789,77.00312042236328,7087400
2011-11-23,88.9800033569336,89.27999877929688,87.5999984741211,87.88999938964844,75.70248413085938,6608600
2011-11-25,88.05999755859375,91.44000244140625,87.73999786376953,88.75,76.44320678710938,3675000
2011-11-28,92.72000122070312,93.75,89.37000274658203,90.77999877929688,78.1917495727539,8730600
2011-11-29,90.3499984741211,91.29000091552734,88.6500015258789,88.80999755859375,76.79095458984375,5877300
2011-11-30,92.4000015258789,96.01000213623047,91.37000274658203,95.86000061035156,82.88687896728516,10871200
2011-12-01,94.58000183105469,95.62000274658203,93.19999694824219,94.43000030517578,81.6504135131836,6036600
2011-12-02,95.52999877929688,102.41999816894531,95.52999877929688,97.25,84.0887680053711,15122900
2011-12-05,99.55999755859375,102.19000244140625,99.05000305175781,99.81999969482422,86.31095123291016,8527400
2011-12-06,99.63999938964844,102.0999984741211,99.0,101.16000366210938,87.4696273803711,6401800
2011-12-07,100.2699966430664,106.0999984741211,99.05000305175781,105.12999725341797,90.90234375,10620400
2011-12-08,103.68000030517578,104.69000244140625,99.37999725341797,99.91999816894531,86.39742279052734,9218200
2011-12-09,101.12000274658203,103.58000183105469,100.79000091552734,101.44999694824219,87.72036743164062,7014600
2011-12-12,99.33999633789062,99.44999694824219,97.5199966430664,98.02999877929688,84.76322174072266,6133300
2011-12-13,99.19000244140625,99.94000244140625,93.3499984741211,95.04000091552734,82.17784881591797,10105700
2011-12-14,93.77999877929688,95.70999908447266,92.44999694824219,93.25,80.63013458251953,8376300
2011-12-15,94.73999786376953,95.0999984741211,91.9000015258789,91.9000015258789,79.4627914428711,8163200
2011-12-16,92.70999908447266,93.58999633789062,89.9000015258789,90.0999984741211,77.9063949584961,10053500
2011-12-19,90.62000274658203,90.91999816894531,86.9000015258789,87.69999694824219,75.8311996459961,9545300
2011-12-20,89.81999969482422,91.5,88.1500015258789,90.9800033569336,78.66731262207031,8610800
2011-12-21,91.04000091552734,92.20999908447266,89.27999877929688,92.0,79.54927062988281,6422500
2011-12-22,92.12000274658203,94.94999694824219,91.79000091552734,94.41999816894531,81.64173889160156,8280500
2011-12-23,94.80000305175781,95.0,92.7300033569336,93.79000091552734,81.0970458984375,3919500
2011-12-27,93.5,93.83999633789062,91.83000183105469,91.9000015258789,79.4627914428711,3672000
2011-12-28,91.66000366210938,92.44000244140625,90.04000091552734,90.12000274658203,77.9237060546875,3917400
2011-12-29,90.58999633789062,91.43000030517578,90.25,91.01000213623047,78.69322967529297,4290500
2011-12-30,90.52999877929688,91.13999938964844,90.13999938964844,90.43000030517578,78.1917495727539,4182800
2012-01-03,92.97000122070312,96.43000030517578,92.83000183105469,95.36000061035156,82.45455169677734,8645200
2012-01-04,94.7300033569336,95.12999725341797,93.68000030517578,94.73999786376953,81.91845703125,7406200
2012-01-05,93.94999694824219,95.80000305175781,92.5,94.58000183105469,81.78012084960938,8131300
2012-01-06,93.80000305175781,93.95999908447266,92.41999816894531,93.41999816894531,80.777099609375,5940900
2012-01-09,93.48999786376953,95.11000061035156,92.95999908447266,94.69000244140625,81.87522888183594,5018200
2012-01-10,97.36000061035156,99.4800033569336,97.04000091552734,98.33000183105469,85.02259063720703,7682700
2012-01-11,97.94000244140625,100.62000274658203,97.5,99.76000213623047,86.25907897949219,7223000
2012-01-12,100.55999755859375,101.44999694824219,98.26000213623047,101.20999908447266,87.51283264160156,6858700
2012-01-13,98.0,99.43000030517578,97.0,98.95999908447266,85.56733703613281,7615800
2012-01-17,98.62000274658203,101.83999633789062,96.94999694824219,97.68000030517578,84.4605712890625,8041500
2012-01-18,99.0,105.83000183105469,97.80000305175781,104.30999755859375,90.19329833984375,17960300
2012-01-19,106.25,108.30000305175781,104.87999725341797,107.68000030517578,93.10722351074219,11480900
2012-01-20,107.31999969482422,109.43000030517578,106.5999984741211,108.73999786376953,94.02375793457031,8439700
2012-01-23,108.48999786376953,110.9000015258789,107.5199966430664,108.19000244140625,93.54822540283203,7091800
2012-01-24,106.79000091552734,109.0999984741211,106.25,108.87000274658203,94.13618469238281,4543900
2012-01-25,106.2300033569336,108.94999694824219,105.93000030517578,108.2699966430664,93.61737823486328,7927600
2012-01-26,108.61000061035156,110.30000305175781,108.02999877929688,108.55999755859375,93.86812591552734,6909600
2012-01-27,107.7699966430664,112.19999694824219,107.62000274658203,111.7699966430664,96.64371490478516,8403600
2012-01-30,110.37000274658203,110.41999816894531,108.7699966430664,109.7300033569336,94.8797836303711,6356900
2012-01-31,110.69000244140625,112.5,109.16000366210938,111.47000122070312,96.3843002319336,8028400
2012-02-01,112.61000061035156,116.6500015258789,111.61000061035156,113.44999694824219,98.09635162353516,11333000
2012-02-02,114.33999633789062,115.41000366210938,112.70999908447266,113.38999938964844,98.04447174072266,6624200
2012-02-03,115.61000061035156,117.56999969482422,115.4000015258789,117.52999877929688,101.62419891357422,7454500
2012-02-06,116.38999938964844,117.5999984741211,116.33000183105469,117.38999938964844,101.50312042236328,3421900
2012-02-07,116.7699966430664,116.9800033569336,115.30999755859375,115.9800033569336,100.283935546875,5727300
2012-02-08,116.61000061035156,117.04000091552734,114.54000091552734,116.1500015258789,100.43094635009766,4958200
2012-02-09,117.19000244140625,117.38999938964844,115.05000305175781,115.87999725341797,100.19749450683594,4769800
2012-02-10,114.5199966430664,115.66000366210938,113.26000213623047,114.12000274658203,98.6756820678711,5849400
2012-02-13,115.86000061035156,116.06999969482422,113.9800033569336,114.52999877929688,99.03018188476562,3990000
2012-02-14,113.66000366210938,113.8499984741211,111.4000015258789,112.87000274658203,97.5948486328125,4870300
2012-02-15,113.27999877929688,115.25,112.91000366210938,113.16999816894531,97.85421752929688,6111800
2012-02-16,112.44999694824219,114.9800033569336,111.62000274658203,114.73999786376953,99.21176147460938,6372400
2012-02-17,115.45999908447266,116.6500015258789,114.83000183105469,115.91000366210938,100.22341918945312,5182300
2012-02-21,116.22000122070312,117.91000366210938,115.93000030517578,116.62999725341797,100.84599304199219,5320400
2012-02-22,116.22000122070312,117.13999938964844,114.29000091552734,114.36000061035156,98.88319396972656,4508500
2012-02-23,114.62000274658203,115.81999969482422,113.22000122070312,115.80000305175781,100.12831115722656,5609600
2012-02-24,116.31999969482422,116.97000122070312,115.11000061035156,115.87000274658203,100.18885040283203,4877500
2012-02-27,114.5199966430664,116.6500015258789,113.94000244140625,116.2300033569336,100.50012969970703,4370200
2012-02-28,116.0,118.66000366210938,115.25,117.11000061035156,101.5668716430664,6448200
2012-02-29,116.51000213623047,118.12999725341797,115.13999938964844,115.13999938964844,99.85831451416016,6650700
2012-03-01,115.97000122070312,121.23999786376953,115.83999633789062,121.12999725341797,105.05333709716797,10485800
2012-03-02,121.41000366210938,122.18000030517578,119.86000061035156,119.95999908447266,104.03863525390625,7044100
2012-03-05,119.5999984741211,119.94999694824219,117.51000213623047,118.62999725341797,102.8851318359375,5612700
2012-03-06,116.12000274658203,116.23999786376953,113.11000061035156,113.66999816894531,98.58344268798828,8161100
2012-03-07,114.66000366210938,116.7300033569336,114.29000091552734,116.4000015258789,100.95112609863281,5595000
2012-03-08,117.7300033569336,118.68000030517578,116.08000183105469,117.16999816894531,101.61890411376953,4784100
2012-03-09,117.62000274658203,118.48999786376953,116.23999786376953,117.29000091552734,101.72298431396484,5000600
2012-03-12,117.69999694824219,117.87000274658203,116.27999877929688,116.98999786376953,101.46278381347656,4060000
2012-03-13,118.4000015258789,124.8499984741211,118.4000015258789,124.54000091552734,108.01074981689453,11884700
2012-03-14,124.5199966430664,124.87000274658203,119.81999969482422,120.37000274658203,104.39421081542969,14837200
2012-03-15,121.7300033569336,123.55000305175781,120.12000274658203,123.05999755859375,106.72715759277344,7245600
2012-03-16,123.0999984741211,123.5,121.05999755859375,122.93000030517578,106.61444091796875,7425700
2012-03-19,122.93000030517578,126.0,122.19999694824219,124.30000305175781,107.8026123046875,8020700
2012-03-20,123.48999786376953,127.86000061035156,123.26000213623047,126.0199966430664,109.29432678222656,8247000
2012-03-21,126.68000030517578,127.51000213623047,124.51000213623047,125.98999786376953,109.26830291748047,4820500
2012-03-22,124.79000091552734,125.56999969482422,124.08999633789062,124.73999786376953,108.18417358398438,5028400
2012-03-23,125.86000061035156,126.80000305175781,124.51000213623047,126.18000030517578,109.43309020996094,5160600
2012-03-26,127.26000213623047,128.2100067138672,126.44000244140625,128.07000732421875,111.07225799560547,4444000
2012-03-27,128.58999633789062,128.72000122070312,126.19999694824219,126.33000183105469,109.56317901611328,5447000
2012-03-28,126.0999984741211,127.23999786376953,124.08999633789062,126.36000061035156,109.58920288085938,5187900
2012-03-29,125.66000366210938,126.5999984741211,122.88999938964844,123.76000213623047,107.33428192138672,5538800
2012-03-30,124.69000244140625,125.47000122070312,122.93000030517578,124.37000274658203,107.86331939697266,4651400
2012-04-02,124.13999938964844,125.54000091552734,123.37999725341797,124.9000015258789,108.32295989990234,4084700
2012-04-03,124.31999969482422,124.43000030517578,121.69999694824219,122.70999908447266,106.42362976074219,5594800
2012-04-04,120.81999969482422,121.62999725341797,119.86000061035156,119.95999908447266,104.03863525390625,5633800
2012-04-05,119.44999694824219,120.58999633789062,117.62999725341797,118.0,102.33876037597656,6103700
2012-04-09,116.05999755859375,117.98999786376953,115.66999816894531,117.0199966430664,101.48883056640625,4043300
2012-04-10,117.27999877929688,118.22000122070312,114.44999694824219,114.55999755859375,99.35533142089844,5770400
2012-04-11,116.37000274658203,117.0199966430664,115.55999755859375,115.93000030517578,100.54349517822266,4177500
2012-04-12,116.56999969482422,120.41000366210938,116.0,120.38999938964844,104.41156768798828,5514600
2012-04-13,119.98999786376953,120.08999633789062,114.88999938964844,115.08999633789062,99.81500244140625,6368200
2012-04-16,117.12000274658203,118.41000366210938,114.95999908447266,117.7300033569336,102.10458374023438,7137600
2012-04-17,119.37000274658203,119.7699966430664,116.23999786376953,116.86000061035156,101.35006713867188,12894400
2012-04-18,114.76000213623047,116.79000091552734,114.2300033569336,115.33000183105469,100.02310943603516,6637400
2012-04-19,115.0999984741211,115.4800033569336,112.47000122070312,113.5999984741211,98.52275085449219,9240300
2012-04-20,113.91000366210938,114.16999816894531,112.31999969482422,112.44000244140625,97.5167007446289,5369600
2012-04-23,110.5199966430664,111.94000244140625,110.06999969482422,111.75,96.91827392578125,7047600
2012-04-24,111.55999755859375,114.25,111.04000091552734,114.11000061035156,98.96505737304688,4701900
2012-04-25,115.11000061035156,115.11000061035156,112.72000122070312,113.9800033569336,98.85230255126953,5080600
2012-04-26,113.43000030517578,115.55000305175781,113.08000183105469,114.55999755859375,99.35533142089844,4587600
2012-04-27,114.2300033569336,114.98999786376953,113.33999633789062,114.41000366210938,99.2252426147461,4008400
2012-04-30,114.19000244140625,115.30000305175781,113.61000061035156,115.1500015258789,99.86702728271484,4240300
2012-05-01,114.83999633789062,116.4800033569336,114.1500015258789,115.33000183105469,100.02310943603516,4308600
2012-05-02,114.0999984741211,114.47000122070312,112.7699966430664,113.7699966430664,98.6701889038086,3956400
2012-05-03,113.9800033569336,114.27999877929688,110.80999755859375,111.52999877929688,96.72745513916016,4854800
2012-05-04,110.77999877929688,110.9000015258789,108.80000305175781,108.98999786376953,94.52459716796875,5500100
2012-05-07,108.52999877929688,110.86000061035156,108.29000091552734,110.04000091552734,95.43524169921875,3267400
2012-05-08,108.98999786376953,110.19000244140625,107.7699966430664,109.37000274658203,94.85413360595703,4065900
2012-05-09,107.30000305175781,108.63999938964844,106.66000366210938,107.29000091552734,93.05021667480469,4777100
2012-05-10,108.55999755859375,109.36000061035156,106.12000274658203,106.31999969482422,92.20894622802734,4694200
2012-05-11,103.41999816894531,103.79000091552734,101.58999633789062,102.12999725341797,88.5750503540039,10631800
2012-05-14,100.86000061035156,101.06999969482422,99.31999969482422,99.7699966430664,86.52827453613281,10075600
2012-05-15,100.13999938964844,101.7699966430664,99.77999877929688,99.87000274658203,86.6150131225586,5656700
2012-05-16,100.55000305175781,102.13999938964844,98.19999694824219,98.19999694824219,85.16665649414062,5797200
2012-05-17,98.56999969482422,99.94000244140625,97.08000183105469,97.08000183105469,84.19530487060547,6375200
2012-05-18,97.52999877929688,97.9000015258789,95.0,95.48999786376953,82.81632232666016,7184700
2012-05-21,94.80000305175781,97.55000305175781,94.0,96.51000213623047,83.7009506225586,5314700
2012-05-22,96.87999725341797,99.94999694824219,96.58999633789062,97.52999877929688,84.58558654785156,5839700
2012-05-23,96.75,98.51000213623047,95.51000213623047,98.04000091552734,85.02788543701172,5469700
2012-05-24,98.31999969482422,98.5,95.83999633789062,96.86000061035156,84.00450897216797,5177300
2012-05-25,96.54000091552734,97.77999877929688,96.51000213623047,96.69999694824219,83.86575317382812,3096000
2012-05-29,97.01000213623047,97.87999725341797,95.37999725341797,97.86000061035156,85.27745056152344,4528000
2012-05-30,96.68000030517578,96.9000015258789,94.41000366210938,94.61000061035156,82.44530487060547,5713200
2012-05-31,94.9000015258789,96.6500015258789,93.69999694824219,95.69999694824219,83.39517974853516,4833000
2012-06-01,94.06999969482422,94.19999694824219,92.19000244140625,92.63999938964844,80.72862243652344,5384700
2012-06-04,92.76000213623047,93.0199966430664,90.55000305175781,91.0,79.29949951171875,5332600
2012-06-05,90.95999908447266,93.0,90.70999908447266,92.20999908447266,80.35391235351562,4682900
2012-06-06,93.04000091552734,95.06999969482422,92.9000015258789,94.95999908447266,82.75032043457031,6399600
2012-06-07,96.63999938964844,97.5,93.29000091552734,94.0,81.91374969482422,6068400
2012-06-08,93.62999725341797,94.83999633789062,92.88999938964844,94.54000091552734,82.38432312011719,3366700
2012-06-11,96.01000213623047,96.76000213623047,92.66000366210938,92.80000305175781,80.8680419921875,4941700
2012-06-12,92.91000366210938,94.04000091552734,92.5199966430664,94.04000091552734,81.94860076904297,3668500
2012-06-13,93.31999969482422,94.41999816894531,92.2699966430664,92.72000122070312,80.79833984375,4694700
2012-06-14,92.94000244140625,94.29000091552734,92.51000213623047,93.81999969482422,81.75688171386719,4461000
2012-06-15,93.68000030517578,95.7699966430664,92.75,95.66000366210938,83.36033630371094,6186200
2012-06-18,95.23999786376953,95.2699966430664,93.31999969482422,93.62999725341797,81.59132385253906,4081400
2012-06-19,94.30000305175781,97.47000122070312,94.1500015258789,96.37000274658203,83.97904205322266,5295200
2012-06-20,97.01000213623047,97.5999984741211,95.37000274658203,96.55000305175781,84.1358871459961,4941300
2012-06-21,96.80000305175781,96.87000274658203,93.87000274658203,93.9000015258789,81.82662200927734,5577700
2012-06-22,95.31999969482422,95.31999969482422,93.16000366210938,93.62999725341797,81.59132385253906,6720200
2012-06-25,92.36000061035156,92.4000015258789,90.66000366210938,91.22000122070312,79.49121856689453,4211300
2012-06-26,91.48999786376953,91.83000183105469,90.43000030517578,91.02999877929688,79.32563018798828,4248000
2012-06-27,91.19000244140625,93.79000091552734,91.0199966430664,93.2699966430664,81.27764129638672,3576100
2012-06-28,92.08999633789062,93.5199966430664,91.33000183105469,93.48999786376953,81.4693374633789,4413500
2012-06-29,96.01000213623047,96.18000030517578,94.5199966430664,95.86000061035156,83.53462219238281,6245300
2012-07-02,96.55999755859375,97.30000305175781,95.58999633789062,97.12999725341797,84.64130401611328,3515900
2012-07-03,97.12999725341797,98.7699966430664,96.62999725341797,98.5999984741211,85.92230224609375,2251100
2012-07-05,98.20999908447266,98.20999908447266,95.88999938964844,95.91999816894531,83.58686828613281,3736900
2012-07-06,94.63999938964844,96.0,94.5,95.47000122070312,83.19475555419922,3312800
2012-07-09,94.83999633789062,95.3499984741211,93.66999816894531,94.47000122070312,82.3233413696289,4121300
2012-07-10,94.86000061035156,95.30000305175781,93.1500015258789,94.25,82.13158416748047,3668600
2012-07-11,93.87999725341797,95.47000122070312,93.75,95.12999725341797,82.89847564697266,4516400
2012-07-12,94.33999633789062,94.73999786376953,93.2300033569336,94.0199966430664,81.93115997314453,3187000
2012-07-13,94.91999816894531,97.86000061035156,94.80000305175781,97.43000030517578,84.90272521972656,4592400
2012-07-16,97.7300033569336,98.1500015258789,95.95999908447266,97.68000030517578,85.1205825805664,4503000
2012-07-17,100.23999786376953,100.48999786376953,97.18000030517578,97.9800033569336,85.38202667236328,9502200
2012-07-18,97.3499984741211,97.80999755859375,96.18000030517578,96.51000213623047,84.10101318359375,4443200
2012-07-19,96.5999984741211,96.63999938964844,94.55000305175781,95.0,82.78517150878906,6164100
2012-07-20,94.47000122070312,95.30000305175781,94.0999984741211,94.16000366210938,82.0531997680664,5543900
2012-07-23,91.94000244140625,93.41999816894531,91.1500015258789,93.16000366210938,81.1817626953125,4761200
2012-07-24,93.37999725341797,94.5999984741211,93.20999908447266,94.47000122070312,82.3233413696289,5301700
2012-07-25,95.05999755859375,96.69000244140625,94.8499984741211,95.95999908447266,83.62173461914062,4578900
2012-07-26,97.44000244140625,98.19999694824219,96.75,98.05999755859375,85.45172119140625,5077400
2012-07-27,98.41000366210938,102.05000305175781,98.12000274658203,101.63999938964844,88.57140350341797,6397200
2012-07-30,101.1500015258789,102.18000030517578,100.3499984741211,100.87999725341797,87.90914154052734,3659600
2012-07-31,100.26000213623047,101.77999877929688,100.0,100.9000015258789,87.92657470703125,3664000
2012-08-01,101.2699966430664,101.76000213623047,99.81999969482422,100.08999633789062,87.220703125,3092800
2012-08-02,98.5,99.02999877929688,96.72000122070312,97.80999755859375,85.23390197753906,3980200
2012-08-03,99.3499984741211,101.36000061035156,99.0,100.9800033569336,87.99628448486328,3283100
2012-08-06,101.25,102.8499984741211,100.75,102.0199966430664,88.90254974365234,2768700
2012-08-07,102.37999725341797,104.37999725341797,102.33000183105469,103.23999786376953,89.96568298339844,3845000
2012-08-08,102.5,103.30999755859375,102.16999816894531,102.5,89.32083892822266,2351100
2012-08-09,102.41000366210938,104.0,102.30000305175781,103.5999984741211,90.27941131591797,2850200
2012-08-10,103.37000274658203,103.37999725341797,102.12000274658203,103.0199966430664,89.77398681640625,3121600
2012-08-13,102.55000305175781,103.97000122070312,102.55000305175781,103.61000061035156,90.28813171386719,2008600
2012-08-14,104.1500015258789,105.62999725341797,102.91000366210938,103.26000213623047,89.98313903808594,3148200
2012-08-15,103.3499984741211,104.5,103.05000305175781,103.12999725341797,89.86984252929688,2452500
2012-08-16,103.26000213623047,103.93000030517578,102.5999984741211,103.48999786376953,90.18354797363281,2417900
2012-08-17,103.44999694824219,103.61000061035156,102.80000305175781,103.5999984741211,90.27941131591797,2509700
2012-08-20,103.31999969482422,105.5,103.13999938964844,105.27999877929688,91.743408203125,3860800
2012-08-21,105.69000244140625,107.33999633789062,104.75,105.31999969482422,91.77824401855469,4459800
2012-08-22,104.7699966430664,106.3499984741211,103.66999816894531,104.66999816894531,91.21183776855469,4202400
2012-08-23,104.58999633789062,104.98999786376953,103.6500015258789,104.08000183105469,90.69768524169922,3583100
2012-08-24,103.55999755859375,105.22000122070312,102.2300033569336,104.95999908447266,91.46452331542969,3527100
2012-08-27,105.12000274658203,105.8499984741211,104.58000183105469,105.12000274658203,91.60399627685547,2466800
2012-08-28,104.45999908447266,105.88999938964844,104.19999694824219,105.02999877929688,91.92781829833984,2611100
2012-08-29,105.36000061035156,106.29000091552734,105.04000091552734,105.52999877929688,92.36542510986328,2266900
2012-08-30,104.73999786376953,105.19999694824219,103.94999694824219,104.72000122070312,91.65650177001953,2823700
2012-08-31,105.41000366210938,106.58000183105469,105.30999755859375,105.72000122070312,92.53173065185547,3264100
2012-09-04,105.55000305175781,107.25,105.54000091552734,106.41000366210938,93.13565063476562,3249200
2012-09-05,106.9000015258789,110.0,106.79000091552734,109.94000244140625,96.22530364990234,6371600
2012-09-06,110.61000061035156,113.77999877929688,110.01000213623047,113.54000091552734,99.3761978149414,6521500
2012-09-07,113.80000305175781,116.75,113.55000305175781,116.33000183105469,101.81818389892578,6137100
2012-09-10,116.05999755859375,116.25,114.54000091552734,114.68000030517578,100.37400817871094,4225100
2012-09-11,115.2300033569336,117.76000213623047,115.0199966430664,116.69000244140625,102.13330078125,3898500
2012-09-12,117.4000015258789,118.45999908447266,116.69000244140625,118.23999786376953,103.48989868164062,4233700
2012-09-13,117.98999786376953,121.05000305175781,117.68000030517578,120.66999816894531,105.61677551269531,5261600
2012-09-14,121.26000213623047,122.5999984741211,120.4800033569336,121.36000061035156,106.22071075439453,6187700
2012-09-17,120.31999969482422,121.11000061035156,119.51000213623047,119.9000015258789,104.94283294677734,3598300
2012-09-18,119.43000030517578,120.36000061035156,118.75,119.87999725341797,104.9253158569336,3033300
2012-09-19,120.37000274658203,120.37000274658203,119.0199966430664,119.0199966430664,104.172607421875,4818300
2012-09-20,117.63999938964844,117.81999969482422,116.23999786376953,117.62999725341797,102.95600891113281,4448100
2012-09-21,118.36000061035156,118.37999725341797,116.55999755859375,116.72000122070312,102.15953063964844,8188700
2012-09-24,116.33999633789062,117.43000030517578,114.9000015258789,116.5999984741211,102.05448150634766,3697500
2012-09-25,117.12999725341797,117.6500015258789,113.5,113.5,99.34123229980469,4547700
2012-09-26,113.22000122070312,113.63999938964844,111.9000015258789,113.08000183105469,98.97358703613281,5185100
2012-09-27,113.73999786376953,115.86000061035156,113.72000122070312,115.2300033569336,100.85540008544922,3898900
2012-09-28,115.01000213623047,115.01000213623047,113.2300033569336,113.68000030517578,99.49876403808594,3653700
2012-10-01,116.66999816894531,119.0199966430664,116.4000015258789,116.86000061035156,102.2820816040039,5338600
2012-10-02,117.55000305175781,118.23999786376953,117.08999633789062,117.25,102.6233901977539,3681300
2012-10-03,117.62000274658203,118.16999816894531,116.22000122070312,117.91000366210938,103.20108032226562,3036400
2012-10-04,118.66000366210938,120.36000061035156,117.93000030517578,119.9000015258789,104.94283294677734,3743200
2012-10-05,120.83000183105469,121.4000015258789,118.58000183105469,119.30999755859375,104.42642974853516,3938300
2012-10-08,118.27999877929688,119.72000122070312,118.1500015258789,119.45999908447266,104.55770874023438,2140400
2012-10-09,119.38999938964844,120.73999786376953,119.0199966430664,119.62999725341797,104.70650482177734,3260600
2012-10-10,119.5,120.25,119.05999755859375,120.08000183105469,105.10037994384766,2829600
2012-10-11,120.94999694824219,122.94000244140625,120.75,121.98999786376953,106.77210998535156,4707200
2012-10-12,121.62000274658203,122.27999877929688,119.88999938964844,120.19999694824219,105.20540618896484,4054900
2012-10-15,121.69999694824219,124.61000061035156,120.75,124.5,108.968994140625,6412000
2012-10-16,124.2300033569336,125.97000122070312,122.3499984741211,123.22000122070312,107.84867095947266,10115900
2012-10-17,123.31999969482422,125.05000305175781,123.05000305175781,124.91999816894531,109.33658599853516,6712400
2012-10-18,123.80000305175781,126.4800033569336,123.19000244140625,125.1500015258789,109.53793334960938,5375100
2012-10-19,124.45999908447266,125.16999816894531,123.0199966430664,123.62000274658203,108.19879150390625,5876400
2012-10-22,122.0199966430664,124.36000061035156,121.91999816894531,122.7699966430664,107.45481872558594,3643000
2012-10-23,120.47000122070312,121.66000366210938,118.12000274658203,119.0,104.15510559082031,5818500
2012-10-24,119.83000183105469,121.3499984741211,119.7699966430664,119.7699966430664,104.82904815673828,3662000
2012-10-25,120.83000183105469,122.19000244140625,118.6500015258789,119.72000122070312,104.78527069091797,4128800
2012-10-26,119.23999786376953,120.37999725341797,118.37999725341797,119.44000244140625,104.54019165039062,3960900
2012-10-31,119.7300033569336,122.5999984741211,119.66000366210938,122.38999938964844,107.1222152709961,3679700
2012-11-01,122.81999969482422,124.87999725341797,122.36000061035156,124.8499984741211,109.27533721923828,3336200
2012-11-02,125.3499984741211,125.88999938964844,123.05999755859375,123.25,107.87493133544922,3188800
2012-11-05,123.19000244140625,124.45999908447266,122.11000061035156,124.08000183105469,108.60140228271484,2568700
2012-11-06,124.33000183105469,126.7300033569336,124.30000305175781,126.25,110.50066375732422,3986000
2012-11-07,122.80000305175781,123.12000274658203,117.97000122070312,117.9800033569336,103.2623519897461,7075800
2012-11-08,119.20999908447266,119.83999633789062,115.26000213623047,115.2699966430664,100.89041137695312,6252100
2012-11-09,114.70999908447266,117.8499984741211,113.83999633789062,116.1500015258789,101.66064453125,4823100
2012-11-12,116.79000091552734,117.83999633789062,116.30000305175781,117.23999786376953,102.61463928222656,2453600
2012-11-13,115.88999938964844,118.3499984741211,115.08000183105469,116.47000122070312,101.94072723388672,3156600
2012-11-14,116.6500015258789,117.44999694824219,113.87999725341797,114.23999786376953,99.9888916015625,3885700
2012-11-15,114.51000213623047,116.36000061035156,113.91000366210938,115.44000244140625,101.03919982910156,3702900
2012-11-16,115.52999877929688,116.56999969482422,114.2300033569336,115.83999633789062,101.3893051147461,4515900
2012-11-19,117.19999694824219,119.19000244140625,117.19000244140625,118.30000305175781,103.54242706298828,3868600
2012-11-20,117.93000030517578,118.75,117.37000274658203,118.08999633789062,103.35865783691406,3304000
2012-11-21,118.18000030517578,118.2300033569336,116.83000183105469,117.69999694824219,103.01728820800781,2075200
2012-11-23,118.66999816894531,120.30999755859375,118.2699966430664,120.30999755859375,105.30168914794922,1977500
2012-11-26,119.16000366210938,120.94999694824219,118.5,120.94000244140625,105.85311126708984,3371000
2012-11-27,120.5,121.33999633789062,118.37999725341797,118.41000366210938,103.63870239257812,3875200
2012-11-28,117.25,119.33000183105469,116.56999969482422,119.33000183105469,104.8868637084961,3811200
2012-11-29,120.0,120.44999694824219,118.5199966430664,118.7300033569336,104.35945892333984,2980800
2012-11-30,117.95999908447266,119.44000244140625,117.69000244140625,117.79000091552734,103.53321838378906,4264300
2012-12-03,118.41999816894531,119.63999938964844,118.06999969482422,118.4000015258789,104.06940460205078,3613900
2012-12-04,118.12000274658203,118.38999938964844,116.19999694824219,116.58000183105469,102.46967315673828,3591600
2012-12-05,117.0199966430664,117.9000015258789,116.0,117.12999725341797,102.9531021118164,3283000
2012-12-06,117.22000122070312,117.4800033569336,116.19999694824219,117.19999694824219,103.01461791992188,2330900
2012-12-07,117.7699966430664,118.0,116.13999938964844,116.56999969482422,102.46090698242188,3960500
2012-12-10,116.61000061035156,117.16999816894531,115.62000274658203,117.01000213623047,102.84764099121094,3331900
2012-12-11,117.55999755859375,119.80000305175781,117.04000091552734,118.86000061035156,104.47373962402344,5696500
2012-12-12,119.29000091552734,119.9800033569336,118.08000183105469,118.08999633789062,103.79693603515625,5372400
2012-12-13,117.80999755859375,119.16000366210938,117.58999633789062,118.5,104.15731811523438,3329100
2012-12-14,118.44999694824219,120.06999969482422,118.30000305175781,119.36000061035156,104.91321563720703,3717200
2012-12-17,120.19000244140625,123.48999786376953,120.02999877929688,123.48999786376953,108.5433349609375,5476700
2012-12-18,124.81999969482422,128.0,124.48999786376953,127.7699966430664,112.30530548095703,8040300
2012-12-19,128.6699981689453,129.3000030517578,126.80999755859375,127.25,111.84823608398438,5525400
2012-12-20,127.3499984741211,129.72000122070312,126.62000274658203,129.72000122070312,114.01927947998047,4402500
2012-12-21,126.62999725341797,128.9499969482422,125.62999725341797,128.44000244140625,112.89419555664062,6393300
2012-12-24,127.87000274658203,128.5,127.4000015258789,127.54000091552734,112.10314178466797,1359300
2012-12-26,128.16000366210938,129.3000030517578,127.11000061035156,127.16000366210938,111.7691421508789,2210100
2012-12-27,127.55000305175781,128.3000030517578,124.56999969482422,126.66999816894531,111.33842468261719,3263500
2012-12-28,125.7300033569336,126.62000274658203,125.33999633789062,125.5199966430664,110.3276138305664,1859200
2012-12-31,125.41999816894531,127.68000030517578,124.79000091552734,127.55999755859375,112.12068939208984,3623000
2013-01-02,131.3000030517578,131.66000366210938,129.6199951171875,131.66000366210938,115.72449493408203,4449000
2013-01-03,131.6999969482422,131.77999877929688,130.07000732421875,130.94000244140625,115.09162902832031,4584600
2013-01-04,130.92999267578125,134.63999938964844,130.32000732421875,134.50999450683594,118.22949981689453,5234600
2013-01-07,134.1199951171875,134.50999450683594,132.8800048828125,134.25999450683594,118.0097427368164,3556900
2013-01-08,133.7100067138672,133.9499969482422,132.6999969482422,133.0500030517578,116.94625091552734,2760200
2013-01-09,133.39999389648438,134.42999267578125,133.27000427246094,134.32000732421875,118.06251525878906,3666500
2013-01-10,135.07000732421875,138.14999389648438,134.1300048828125,137.3699951171875,120.74334716796875,5960700
2013-01-11,137.02000427246094,137.1699981689453,136.1300048828125,137.1300048828125,120.53241729736328,3211700
2013-01-14,137.19000244140625,137.32000732421875,135.66000366210938,136.1300048828125,119.65342712402344,2855800
2013-01-15,135.5500030517578,137.25999450683594,135.1199951171875,135.58999633789062,119.17880249023438,4322800
2013-01-16,138.94000244140625,141.5800018310547,137.89999389648438,141.08999633789062,124.01309204101562,10650800
2013-01-17,140.88999938964844,141.9499969482422,139.6199951171875,141.00999450683594,123.94280242919922,6596000
2013-01-18,141.35000610351562,144.80999755859375,141.24000549316406,144.4499969482422,126.96644592285156,7349000
2013-01-22,144.00999450683594,146.27999877929688,143.33999633789062,145.9499969482422,128.28489685058594,5158400
2013-01-23,145.77999877929688,145.94000244140625,144.80999755859375,145.55999755859375,127.94210052490234,3948700
2013-01-24,145.0,146.74000549316406,144.05999755859375,144.9600067138672,127.4146957397461,4638200
2013-01-25,144.17999267578125,145.27000427246094,143.3000030517578,144.4600067138672,126.97525024414062,4639400
2013-01-28,144.42999267578125,145.25,143.69000244140625,144.14999389648438,126.70274353027344,3045600
2013-01-29,144.10000610351562,147.5,143.83999633789062,147.10000610351562,129.2957000732422,4519800
2013-01-30,146.80999755859375,147.4199981689453,145.91000366210938,147.14999389648438,129.33961486816406,4083100
2013-01-31,146.25999450683594,148.0,146.25999450683594,147.86000061035156,129.96368408203125,3680900
2013-02-01,148.50999450683594,150.39999389648438,147.75999450683594,149.89999389648438,131.75677490234375,4563800
2013-02-04,148.25,148.9499969482422,146.6199951171875,147.52000427246094,129.66485595703125,4679400
2013-02-05,148.35000610351562,150.75,148.17999267578125,150.4499969482422,132.240234375,4219200
2013-02-06,149.75,151.13999938964844,149.1699981689453,151.1199951171875,132.82913208007812,3940600
2013-02-07,150.75999450683594,152.5,149.0,150.25999450683594,132.0731964111328,4890800
2013-02-08,150.77999877929688,151.97000122070312,150.35000610351562,151.60000610351562,133.25103759765625,3612300
2013-02-11,151.4199981689453,152.8699951171875,150.9600067138672,152.24000549316406,133.81356811523438,3751400
2013-02-12,152.47999572753906,154.32000732421875,151.7899932861328,154.11000061035156,135.45718383789062,4309000
2013-02-13,154.11000061035156,154.85000610351562,153.27999877929688,154.52000427246094,135.81761169433594,4369100
2013-02-14,153.83999633789062,156.72000122070312,153.6199951171875,155.92999267578125,137.0569610595703,5035800
2013-02-15,156.39999389648438,156.5399932861328,154.0800018310547,154.99000549316406,136.23069763183594,4254400
2013-02-19,155.69000244140625,159.0,155.25,158.64999389648438,139.44772338867188,5103400
2013-02-20,158.22000122070312,158.5,154.55999755859375,155.17999267578125,136.39767456054688,5029700
2013-02-21,153.72000122070312,153.9499969482422,149.8000030517578,150.8800048828125,132.6181640625,8318000
2013-02-22,152.3699951171875,154.1300048828125,152.0500030517578,154.08999633789062,135.4396514892578,4772700
2013-02-25,155.19000244140625,155.69000244140625,147.60000610351562,147.64999389648438,129.7790985107422,6294200
2013-02-26,148.11000061035156,149.4600067138672,146.7100067138672,148.0,130.52874755859375,5686600
2013-02-27,147.8699951171875,152.0500030517578,147.75999450683594,151.64999389648438,133.7478790283203,4695000
2013-02-28,151.35000610351562,152.39999389648438,149.75999450683594,149.75999450683594,132.0809783935547,4956000
2013-03-01,148.1199951171875,151.6999969482422,147.22000122070312,150.52999877929688,132.7601318359375,4538400
2013-03-04,150.00999450683594,152.47000122070312,149.7100067138672,152.17999267578125,134.21533203125,3209200
2013-03-05,153.4499969482422,154.9600067138672,152.8000030517578,152.9600067138672,134.90330505371094,4589300
2013-03-06,154.05999755859375,155.0500030517578,152.8000030517578,154.1300048828125,135.9351348876953,3593200
2013-03-07,154.6999969482422,157.19000244140625,154.5,156.6199951171875,138.1312255859375,3886300
2013-03-08,155.88999938964844,156.22999572753906,152.00999450683594,152.97999572753906,134.92088317871094,6615000
2013-03-11,152.4499969482422,154.32000732421875,152.36000061035156,153.3000030517578,135.20314025878906,3586400
2013-03-12,153.3000030517578,153.8000030517578,150.4600067138672,151.85000610351562,133.92425537109375,3432200
2013-03-13,152.02999877929688,152.8699951171875,150.5800018310547,151.91000366210938,133.97723388671875,3356400
2013-03-14,152.27000427246094,154.33999633789062,152.16000366210938,154.02000427246094,135.83811950683594,3886600
2013-03-15,151.35000610351562,155.6300048828125,151.3000030517578,154.83999633789062,136.56129455566406,7301200
2013-03-18,152.52999877929688,153.11000061035156,150.88999938964844,151.9499969482422,134.012451171875,3788100
2013-03-19,152.61000061035156,153.08999633789062,147.82000732421875,148.83999633789062,131.2696075439453,4726900
2013-03-20,150.02000427246094,151.47999572753906,149.25,150.1300048828125,132.40736389160156,2883800
2013-03-21,149.2899932861328,150.22000122070312,145.3699951171875,145.3800048828125,128.21804809570312,4704000
2013-03-22,146.50999450683594,147.6999969482422,145.61000061035156,146.60000610351562,129.29403686523438,3456800
2013-03-25,147.99000549316406,148.66000366210938,144.67999267578125,146.11000061035156,128.86187744140625,3775400
2013-03-26,148.2899932861328,148.33999633789062,144.8699951171875,146.5399932861328,129.2410888671875,3860400
2013-03-27,145.8800048828125,148.6300048828125,145.86000061035156,147.83999633789062,130.3876495361328,3964800
2013-03-28,148.1199951171875,149.05999755859375,147.1300048828125,147.14999389648438,129.7790985107422,3701300
2013-04-01,146.6699981689453,148.05999755859375,144.60000610351562,146.0399932861328,128.8001708984375,2581100
2013-04-02,145.27000427246094,147.49000549316406,144.77000427246094,146.67999267578125,129.36456298828125,3374100
2013-04-03,146.75999450683594,146.8699951171875,142.17999267578125,143.41000366210938,126.48063659667969,4373300
2013-04-04,143.52000427246094,144.9499969482422,142.24000549316406,142.99000549316406,126.11021423339844,3423800
2013-04-05,140.61000061035156,143.8000030517578,140.33999633789062,143.69000244140625,126.72756958007812,3864300
2013-04-08,143.8300018310547,144.1199951171875,141.83999633789062,143.82000732421875,126.84225463867188,2908700
2013-04-09,144.32000732421875,147.57000732421875,144.07000732421875,146.52000427246094,129.2235107421875,3262800
2013-04-10,147.3000030517578,149.74000549316406,147.24000549316406,149.4600067138672,131.81640625,3127600
2013-04-11,149.4600067138672,150.58999633789062,148.22000122070312,149.07000732421875,131.47244262695312,2951800
2013-04-12,148.39999389648438,149.60000610351562,147.00999450683594,149.1199951171875,131.51658630371094,3131400
2013-04-15,148.75,151.4499969482422,145.52999877929688,146.4600067138672,129.1705780029297,5554900
2013-04-16,148.1300048828125,148.42999267578125,142.13999938964844,144.10000610351562,127.08914947509766,8274400
2013-04-17,142.99000549316406,143.60000610351562,138.0500030517578,140.60000610351562,124.00234985351562,6361500
2013-04-18,140.08999633789062,140.89999389648438,137.4199981689453,138.60000610351562,122.23841857910156,4819700
2013-04-19,139.30999755859375,139.83999633789062,137.85000610351562,138.72000122070312,122.34427642822266,3962600
2013-04-22,139.00999450683594,139.85000610351562,137.2899932861328,139.52000427246094,123.04979705810547,3187100
2013-04-23,140.44000244140625,143.38999938964844,139.9199981689453,142.94000244140625,126.06609344482422,3698200
2013-04-24,143.27000427246094,144.4499969482422,142.9499969482422,143.92999267578125,126.93922424316406,2785200
2013-04-25,144.11000061035156,146.0500030517578,143.75,144.75999450683594,127.67122650146484,2637400
2013-04-26,144.5,145.41000366210938,143.07000732421875,144.11000061035156,127.09798431396484,2235200
2013-04-29,144.5399932861328,145.89999389648438,143.91000366210938,145.11000061035156,127.97994232177734,2715300
2013-04-30,145.19000244140625,146.5399932861328,144.55999755859375,146.07000732421875,128.82659912109375,2586300
2013-05-01,145.8300018310547,145.8300018310547,142.39999389648438,142.61000061035156,125.77506256103516,3509000
2013-05-02,142.67999267578125,143.6699981689453,140.38999938964844,143.6699981689453,126.70994567871094,4331900
2013-05-03,145.30999755859375,146.83999633789062,145.05999755859375,145.3699951171875,128.209228515625,4018800
2013-05-06,145.9199981689453,149.5399932861328,145.63999938964844,148.4499969482422,130.92564392089844,3740400
2013-05-07,149.41000366210938,149.94000244140625,147.5500030517578,149.32000732421875,131.69296264648438,3137600
2013-05-08,149.1300048828125,150.99000549316406,148.39999389648438,150.25999450683594,132.52195739746094,3519200
2013-05-09,150.10000610351562,150.86000061035156,148.25,148.5399932861328,131.00502014160156,2819500
2013-05-10,148.57000732421875,149.17999267578125,147.5,149.10000610351562,131.49891662597656,2632400
2013-05-13,147.6699981689453,150.3300018310547,147.05999755859375,149.6300048828125,131.96632385253906,2975200
2013-05-14,149.5,154.94000244140625,149.5,154.52000427246094,136.2790985107422,5825300
2013-05-15,154.0399932861328,156.27999877929688,153.7899932861328,155.61000061035156,137.2404022216797,4177800
2013-05-16,154.72999572753906,157.49000549316406,153.9600067138672,154.47000122070312,136.2349853515625,3233800
2013-05-17,155.41000366210938,158.6999969482422,155.0,158.17999267578125,139.50701904296875,4177000
2013-05-20,157.5800018310547,160.49000549316406,157.52000427246094,158.89999389648438,140.14202880859375,4010100
2013-05-21,158.6699981689453,161.74000549316406,158.52999877929688,160.72999572753906,141.7560272216797,4077900
2013-05-22,160.61000061035156,164.47000122070312,158.52999877929688,159.33999633789062,140.5301055908203,6176200
2013-05-23,156.36000061035156,158.88999938964844,154.6199951171875,157.41000366210938,138.82794189453125,5619800
2013-05-24,155.57000732421875,158.9199981689453,155.2899932861328,158.72000122070312,139.9833221435547,3317100
2013-05-28,160.9199981689453,162.67999267578125,159.91000366210938,160.6999969482422,142.17742919921875,4471200
2013-05-29,159.74000549316406,164.1300048828125,159.41000366210938,162.8699951171875,144.09730529785156,4969100
2013-05-30,162.66000366210938,165.4499969482422,161.0,164.35000610351562,145.40672302246094,4336200
2013-05-31,163.9499969482422,165.8300018310547,162.07000732421875,162.0800018310547,143.39837646484375,4404800
2013-06-03,161.55999755859375,163.74000549316406,159.7899932861328,163.55999755859375,144.707763671875,4557300
2013-06-04,163.4600067138672,165.74000549316406,160.5,161.67999267578125,143.04446411132812,3977300
2013-06-05,161.42999267578125,162.88999938964844,157.5500030517578,158.3000030517578,140.05410766601562,4138300
2013-06-06,158.3000030517578,159.7899932861328,156.33999633789062,159.67999267578125,141.2749786376953,3243900
2013-06-07,160.97000122070312,166.1699981689453,160.58999633789062,166.00999450683594,146.8753662109375,5690300
2013-06-10,166.6999969482422,168.1999969482422,165.2899932861328,167.49000549316406,148.18482971191406,3914200
2013-06-11,165.35000610351562,166.39999389648438,163.19000244140625,163.30999755859375,144.48660278320312,3858100
2013-06-12,164.97999572753906,164.97999572753906,161.07000732421875,161.86000061035156,143.20375061035156,3243300
2013-06-13,161.1999969482422,166.38999938964844,161.07000732421875,165.82000732421875,146.70730590820312,3768500
2013-06-14,165.74000549316406,166.11000061035156,162.91000366210938,162.9199981689453,144.14157104492188,2970600
2013-06-17,164.0800018310547,165.6699981689453,162.89999389648438,164.11000061035156,145.1943817138672,2628300
2013-06-18,164.14999389648438,164.8699951171875,163.0500030517578,164.14999389648438,145.22976684570312,2060700
2013-06-19,164.16000366210938,164.92999267578125,161.50999450683594,161.55999755859375,142.93833923339844,3557100
2013-06-20,159.14999389648438,159.99000549316406,154.83999633789062,155.41000366210938,137.49720764160156,6488600
2013-06-21,157.0,157.25999450683594,152.3000030517578,154.25,136.47091674804688,5390200
2013-06-24,151.99000549316406,152.60000610351562,148.7100067138672,150.77999877929688,133.40084838867188,4013200
2013-06-25,152.4499969482422,154.30999755859375,151.5500030517578,153.05999755859375,135.41802978515625,3274600
2013-06-26,154.47999572753906,154.55999755859375,150.75,151.66000366210938,134.17941284179688,3580400
2013-06-27,153.02999877929688,154.99000549316406,152.61000061035156,153.50999450683594,135.81614685058594,2654900
2013-06-28,152.69000244140625,152.77000427246094,151.0,151.25,133.81663513183594,3011300
2013-07-01,152.77999877929688,154.10000610351562,151.6999969482422,151.75,134.259033203125,2496100
2013-07-02,151.16000366210938,153.19000244140625,149.89999389648438,150.9199981689453,133.52468872070312,3091600
2013-07-03,149.6199951171875,151.4199981689453,149.27999877929688,150.42999267578125,133.0911407470703,1267700
2013-07-05,152.3000030517578,153.2899932861328,151.5,153.24000549316406,135.57728576660156,2243700
2013-07-08,154.5800018310547,154.8000030517578,152.8800048828125,153.80999755859375,136.0816192626953,2699100
2013-07-09,154.99000549316406,157.44000244140625,153.1699981689453,156.94000244140625,138.85079956054688,3127100
2013-07-10,156.57000732421875,157.6199951171875,154.6699981689453,155.8300018310547,137.86878967285156,2430100
2013-07-11,158.5,159.74000549316406,156.11000061035156,157.7100067138672,139.53207397460938,2965700
2013-07-12,158.6199951171875,160.27999877929688,158.5500030517578,160.11000061035156,141.6554412841797,2844600
2013-07-15,162.8000030517578,163.38999938964844,161.16000366210938,163.0,144.21234130859375,4129900
2013-07-16,163.9199981689453,164.3000030517578,159.42999267578125,160.24000549316406,141.7704620361328,5972700
2013-07-17,159.83999633789062,161.99000549316406,159.5,161.5,142.88528442382812,3715000
2013-07-18,161.5800018310547,164.5800018310547,161.5,164.05999755859375,145.15008544921875,3462700
2013-07-19,163.75,164.85000610351562,162.5800018310547,164.36000061035156,145.4155731201172,3329700
2013-07-22,163.9499969482422,166.3300018310547,163.8800048828125,166.25,147.08773803710938,2741100
2013-07-23,166.5,167.41000366210938,165.47999572753906,166.25999450683594,147.09657287597656,2545400
2013-07-24,166.75,166.88999938964844,164.44000244140625,165.0399932861328,146.0172119140625,2548100
2013-07-25,164.27999877929688,166.0,163.69000244140625,165.91000366210938,146.78697204589844,2236200
2013-07-26,165.0500030517578,165.64999389648438,164.27000427246094,165.25999450683594,146.2118377685547,2372200
2013-07-29,164.6300048828125,164.8300018310547,162.02000427246094,163.1699981689453,144.3627166748047,2823600
2013-07-30,163.49000549316406,164.00999450683594,162.3300018310547,162.42999267578125,143.7080078125,2553300
2013-07-31,162.52999877929688,165.97000122070312,162.42999267578125,164.02999877929688,145.12364196777344,3700300
2013-08-01,165.74000549316406,167.89999389648438,164.8800048828125,167.49000549316406,148.18482971191406,3251900
2013-08-02,166.8300018310547,167.89999389648438,166.4600067138672,167.6199951171875,148.29981994628906,1866700
2013-08-05,167.27999877929688,169.69000244140625,166.44000244140625,168.32000732421875,148.919189453125,2618400
2013-08-06,168.07000732421875,168.27999877929688,164.47000122070312,164.77999877929688,145.7871856689453,3598500
2013-08-07,164.0,164.22999572753906,162.0500030517578,163.4499969482422,144.6105194091797,2131000
2013-08-08,164.75,166.42999267578125,162.8300018310547,162.83999633789062,144.07077026367188,2818400
2013-08-09,162.39999389648438,164.10000610351562,162.02000427246094,162.1300048828125,143.44265747070312,2012000
2013-08-12,161.72999572753906,162.3800048828125,160.5500030517578,161.69000244140625,143.05331420898438,1982000
2013-08-13,161.99000549316406,164.5500030517578,160.9499969482422,163.7100067138672,144.8405303955078,2309600
2013-08-14,163.85000610351562,164.8000030517578,162.92999267578125,163.33999633789062,144.5131378173828,1667400
2013-08-15,161.91000366210938,161.97000122070312,160.07000732421875,160.75,142.22171020507812,2206900
2013-08-16,160.27999877929688,162.2899932861328,160.02999877929688,160.66000366210938,142.1420135498047,2024300
2013-08-19,160.1699981689453,160.7899932861328,158.52999877929688,158.6300048828125,140.34605407714844,2228400
2013-08-20,158.72000122070312,160.02999877929688,157.77999877929688,159.55999755859375,141.16885375976562,2288700
2013-08-21,158.77999877929688,159.22999572753906,156.50999450683594,157.11000061035156,139.001220703125,3053800
2013-08-22,157.80999755859375,159.66000366210938,157.1999969482422,159.41000366210938,141.0361328125,2302700
2013-08-23,159.58999633789062,159.7899932861328,158.0,158.64999389648438,140.36375427246094,1495800
2013-08-26,158.41000366210938,160.6999969482422,157.75,157.89999389648438,139.70013427734375,1885200
2013-08-27,155.72000122070312,156.52999877929688,152.92999267578125,153.22999572753906,135.5684814453125,3672000
2013-08-28,153.0,154.14999389648438,151.4499969482422,152.97000122070312,135.78150939941406,2343200
2013-08-29,152.3699951171875,154.67999267578125,152.08999633789062,153.6300048828125,136.36729431152344,2133000
2013-08-30,153.77000427246094,153.97999572753906,151.3300018310547,152.1300048828125,135.0358428955078,2234000
2013-09-03,154.47999572753906,156.0399932861328,153.52000427246094,154.75999450683594,137.37034606933594,2464800
2013-09-04,154.75999450683594,157.25,154.35000610351562,155.74000549316406,138.2401885986328,2194200
2013-09-05,155.99000549316406,158.0500030517578,155.57000732421875,156.1699981689453,138.6219024658203,2443900
2013-09-06,156.97999572753906,157.7100067138672,153.4199981689453,156.66000366210938,139.0568389892578,2464000
2013-09-09,157.41000366210938,159.6999969482422,157.16000366210938,159.49000549316406,141.56887817382812,2150400
2013-09-10,162.97999572753906,165.52999877929688,162.55999755859375,165.13999938964844,146.583984375,5265900
2013-09-11,164.92999267578125,165.7899932861328,163.77999877929688,165.05999755859375,146.5129852294922,2233100
2013-09-12,164.83999633789062,165.30999755859375,163.07000732421875,163.35000610351562,144.99513244628906,2690000
2013-09-13,164.3800048828125,164.72000122070312,162.9600067138672,164.0,145.572021484375,2231500
2013-09-16,166.30999755859375,168.57000732421875,165.19000244140625,167.02999877929688,148.2615966796875,3553100
2013-09-17,167.19000244140625,167.5800018310547,165.66000366210938,167.4199981689453,148.6077880859375,2653700
2013-09-18,166.5,169.08999633789062,165.63999938964844,168.05999755859375,149.17588806152344,3422400
2013-09-19,169.69000244140625,170.0,166.8800048828125,167.77999877929688,148.92733764648438,3534700
2013-09-20,168.0,169.75,164.02999877929688,169.75,150.67599487304688,20410100
2013-09-23,168.17999267578125,168.4600067138672,164.72000122070312,165.25,146.6815948486328,4816200
2013-09-24,165.52000427246094,166.39999389648438,162.97000122070312,162.97000122070312,144.65782165527344,3422600
2013-09-25,163.25999450683594,163.69000244140625,161.16000366210938,162.30999755859375,144.0719757080078,3614600
2013-09-26,162.89999389648438,163.92999267578125,161.0399932861328,162.2899932861328,144.05422973632812,2711400
2013-09-27,160.69000244140625,160.9499969482422,159.42999267578125,159.85000610351562,141.8883819580078,3679100
2013-09-30,157.72000122070312,159.13999938964844,156.57000732421875,158.2100067138672,140.4326934814453,2803600
2013-10-01,158.86000061035156,160.30999755859375,157.55999755859375,159.0,141.1339111328125,2465300
2013-10-02,157.69000244140625,159.5800018310547,157.52000427246094,158.6699981689453,140.84097290039062,2431000
2013-10-03,158.6300048828125,159.16000366210938,155.4600067138672,156.85000610351562,139.22549438476562,2949500
2013-10-04,157.0800018310547,157.25,156.08999633789062,156.5500030517578,138.959228515625,2984500
2013-10-07,155.1699981689453,156.1999969482422,154.22000122070312,154.25,136.91766357421875,2618000
2013-10-08,154.6199951171875,155.85000610351562,153.0,153.0500030517578,135.85247802734375,2917200
2013-10-09,153.55999755859375,155.32000732421875,152.8300018310547,154.44000244140625,137.08627319335938,3227500
2013-10-10,156.8300018310547,158.24000549316406,156.0,158.00999450683594,140.25514221191406,3639000
2013-10-11,158.49000549316406,160.49000549316406,157.52000427246094,160.0,142.0215301513672,3124900
2013-10-14,158.22000122070312,159.9199981689453,157.5,159.4600067138672,141.54225158691406,2428100
2013-10-15,159.80999755859375,160.0399932861328,157.50999450683594,157.6300048828125,139.9178466796875,3038000
2013-10-16,158.5800018310547,162.5,157.5,162.25,144.01873779296875,3649300
2013-10-17,156.47999572753906,159.1999969482422,155.99000549316406,158.32000732421875,140.5303192138672,7522100
2013-10-18,158.83999633789062,159.6999969482422,156.67999267578125,158.69000244140625,140.85877990722656,4982100
2013-10-21,158.6699981689453,160.64999389648438,158.25,159.77000427246094,141.81739807128906,2695400
2013-10-22,160.63999938964844,160.7100067138672,158.22999572753906,159.25,141.3558349609375,3239400
2013-10-23,158.02000427246094,158.0800018310547,156.55999755859375,157.74000549316406,140.01548767089844,2735800
2013-10-24,159.4499969482422,160.35000610351562,158.8300018310547,159.9600067138672,141.98602294921875,2591000
2013-10-25,160.0,162.24000549316406,159.91000366210938,162.08999633789062,143.87672424316406,3721000
2013-10-28,162.0,162.19000244140625,160.25,161.4499969482422,143.3086395263672,3341500
2013-10-29,162.07000732421875,163.11000061035156,161.00999450683594,162.11000061035156,143.89443969726562,3702100
2013-10-30,162.55999755859375,162.97000122070312,161.14999389648438,162.0500030517578,143.84120178222656,2344200
2013-10-31,162.08999633789062,163.35000610351562,160.86000061035156,160.86000061035156,142.7849578857422,2785000
2013-11-01,161.02999877929688,162.60000610351562,160.72000122070312,162.0500030517578,143.84120178222656,2738400
2013-11-04,162.4199981689453,163.24000549316406,161.58999633789062,163.16000366210938,144.8264617919922,1711000
2013-11-05,161.6699981689453,162.6300048828125,160.77999877929688,161.9499969482422,143.75242614746094,2529400
2013-11-06,162.52999877929688,164.3000030517578,162.3300018310547,163.52000427246094,145.14599609375,3593700
2013-11-07,164.0399932861328,164.2100067138672,159.61000061035156,159.63999938964844,141.70199584960938,3490300
2013-11-08,160.38999938964844,163.69000244140625,159.8800048828125,163.1699981689453,144.83534240722656,3856000
2013-11-11,162.5,164.75,162.16000366210938,163.83999633789062,145.43003845214844,2289000
2013-11-12,163.10000610351562,164.3800048828125,162.1300048828125,162.88999938964844,144.58677673339844,2239600
2013-11-13,161.77999877929688,163.7100067138672,161.1999969482422,162.94000244140625,144.6311798095703,3398300
2013-11-14,163.5500030517578,163.9499969482422,162.41000366210938,163.1999969482422,144.86196899414062,3648200
2013-11-15,163.17999267578125,165.4199981689453,163.17999267578125,164.39999389648438,145.9271240234375,2667200
2013-11-18,164.74000549316406,167.64999389648438,164.1999969482422,165.67999267578125,147.06333923339844,3555000
2013-11-19,165.8699951171875,168.0,165.6300048828125,166.60000610351562,147.87991333007812,2691900
2013-11-20,166.75999450683594,167.25,164.86000061035156,165.0,146.459716796875,2793100
2013-11-21,165.25,167.32000732421875,165.00999450683594,167.07000732421875,148.2971649169922,3158500
2013-11-22,166.77000427246094,168.24000549316406,165.52999877929688,168.10000610351562,149.21139526367188,2680500
2013-11-25,168.5,170.5,168.5,169.47999572753906,150.43629455566406,3101700
2013-11-26,169.36000061035156,170.69000244140625,168.0,168.0399932861328,149.1581268310547,2953400
2013-11-27,168.0500030517578,168.80999755859375,166.8699951171875,168.22000122070312,149.8081817626953,2285300
2013-11-29,167.88999938964844,170.3800048828125,167.69000244140625,168.94000244140625,150.449462890625,2018700
2013-12-02,169.8800048828125,171.5800018310547,168.67999267578125,169.72000122070312,151.14402770996094,3121100
2013-12-03,169.08999633789062,170.75999450683594,167.91000366210938,168.0500030517578,149.65682983398438,3288200
2013-12-04,167.30999755859375,169.92999267578125,167.30999755859375,168.6999969482422,150.23570251464844,2328200
2013-12-05,167.41000366210938,167.9600067138672,165.35000610351562,165.55999755859375,147.43931579589844,3564100
2013-12-06,167.5800018310547,167.9600067138672,164.77000427246094,167.2100067138672,148.90879821777344,2708500
2013-12-09,168.0,169.1300048828125,166.83999633789062,167.6699981689453,149.31845092773438,2589500
2013-12-10,167.8699951171875,172.1999969482422,167.52000427246094,169.72999572753906,151.15293884277344,4235400
2013-12-11,169.50999450683594,169.8300018310547,167.1300048828125,167.60000610351562,149.25611877441406,2977100
2013-12-12,166.58999633789062,168.9600067138672,166.52000427246094,168.3300018310547,149.90614318847656,2911900
2013-12-13,168.58999633789062,169.2899932861328,167.60000610351562,168.38999938964844,149.95960998535156,2490600
2013-12-16,169.30999755859375,171.49000549316406,169.08999633789062,170.9499969482422,152.23944091796875,2980000
2013-12-17,171.27000427246094,171.27000427246094,169.7100067138672,170.49000549316406,151.82977294921875,2856700
2013-12-18,171.0,174.9199981689453,169.99000549316406,174.83999633789062,155.70367431640625,4509600
2013-12-19,174.61000061035156,175.8000030517578,174.0,174.77000427246094,155.6412811279297,3094400
2013-12-20,174.66000366210938,175.7899932861328,173.75,175.16000366210938,155.9886474609375,3754300
2013-12-23,175.8800048828125,176.69000244140625,175.5,176.47000122070312,157.1552276611328,1585300
2013-12-24,176.6699981689453,176.67999267578125,175.44000244140625,176.16000366210938,156.87921142578125,781300
2013-12-26,176.60000610351562,176.75999450683594,175.17999267578125,176.4499969482422,157.13743591308594,1320100
2013-12-27,176.38999938964844,176.4499969482422,175.57000732421875,176.35000610351562,157.04837036132812,1716900
2013-12-30,176.5,177.1199951171875,175.25999450683594,175.72999572753906,156.49618530273438,1241000
2013-12-31,176.22000122070312,177.44000244140625,176.22000122070312,177.25999450683594,157.85879516601562,1663900
2014-01-02,176.9499969482422,178.3800048828125,176.36000061035156,176.88999938964844,157.52932739257812,1982100
2014-01-03,176.35000610351562,178.85000610351562,176.22000122070312,178.14999389648438,158.65139770507812,2147400
2014-01-06,179.14999389648438,181.1300048828125,178.8800048828125,179.3699951171875,159.7378692626953,2954000
2014-01-07,180.72999572753906,180.97999572753906,177.52000427246094,178.2899932861328,158.7760009765625,2734700
2014-01-08,178.5,178.89999389648438,177.25999450683594,178.44000244140625,158.90963745117188,2208600
2014-01-09,179.0800018310547,179.0800018310547,176.61000061035156,177.39999389648438,157.98350524902344,2149500
2014-01-10,177.39999389648438,178.7100067138672,177.0,178.38999938964844,158.8651123046875,2506500
2014-01-13,178.3000030517578,178.3000030517578,175.69000244140625,175.8800048828125,156.62986755371094,2823800
2014-01-14,176.25999450683594,177.5,175.7100067138672,176.60000610351562,157.27102661132812,2208800
2014-01-15,177.0,179.74000549316406,177.0,178.75,159.1857452392578,3540200
2014-01-16,178.75,178.7899932861328,174.5,175.1699981689453,155.99754333496094,4712200
2014-01-17,175.00999450683594,177.27999877929688,174.5,176.27999877929688,156.98605346679688,3451000
2014-01-21,175.10000610351562,175.58999633789062,171.33999633789062,173.1999969482422,154.24317932128906,5141200
2014-01-22,173.4499969482422,174.63999938964844,172.77999877929688,173.67999267578125,154.6706085205078,2476900
2014-01-23,172.4199981689453,172.4199981689453,169.02000427246094,170.75,152.06134033203125,3977700
2014-01-24,168.52999877929688,169.9600067138672,167.22000122070312,167.63999938964844,149.2917022705078,4156200
2014-01-27,167.0800018310547,167.60000610351562,163.42999267578125,164.69000244140625,146.66458129882812,5589600
2014-01-28,165.02999877929688,166.5500030517578,164.58999633789062,166.25,148.0538787841797,3170400
2014-01-29,163.97000122070312,166.10000610351562,163.6199951171875,163.89999389648438,145.9610137939453,3473700
2014-01-30,165.3300018310547,166.1699981689453,164.57000732421875,165.83999633789062,147.688720703125,2829400
2014-01-31,163.8000030517578,165.97999572753906,163.3000030517578,164.1199951171875,146.156982421875,3415500
2014-02-03,165.14999389648438,165.52000427246094,159.77000427246094,159.82000732421875,142.32762145996094,5079700
2014-02-04,160.89999389648438,162.57000732421875,159.85000610351562,161.75999450683594,144.0552520751953,3346600
2014-02-05,160.58999633789062,162.64999389648438,160.32000732421875,160.4199981689453,142.8619384765625,3212900
2014-02-06,161.16000366210938,162.0,160.10000610351562,161.75,144.0463409423828,3798000
2014-02-07,162.77999877929688,162.89999389648438,160.27000427246094,161.92999267578125,144.20669555664062,4879900
2014-02-10,161.02000427246094,161.77000427246094,160.27999877929688,161.0,143.3784637451172,4321700
2014-02-11,161.2100067138672,164.9600067138672,160.30999755859375,164.38999938964844,146.39744567871094,4996300
2014-02-12,164.5,165.22999572753906,163.22999572753906,163.5,145.60484313964844,3046600
2014-02-13,162.5500030517578,164.39999389648438,162.10000610351562,164.05999755859375,146.10353088378906,3119600
2014-02-14,163.3300018310547,164.5,162.92999267578125,163.72000122070312,145.80076599121094,3287900
2014-02-18,164.0399932861328,165.58999633789062,163.72000122070312,164.64999389648438,146.6289520263672,3399900
2014-02-19,163.91000366210938,166.17999267578125,162.97999572753906,163.25999450683594,145.39109802246094,3669700
2014-02-20,163.49000549316406,164.97000122070312,162.6699981689453,164.5,146.49539184570312,2631900
2014-02-21,164.3000030517578,165.64999389648438,164.14999389648438,164.5,146.49539184570312,2594500
2014-02-24,164.0800018310547,167.41000366210938,164.0800018310547,166.5399932861328,148.3120574951172,3242900
2014-02-25,166.11000061035156,166.3000030517578,163.16000366210938,163.47999572753906,145.5870361328125,3682300
2014-02-26,163.25999450683594,163.89999389648438,160.77000427246094,162.8000030517578,145.47085571289062,3978300
2014-02-27,162.66000366210938,165.7899932861328,162.33999633789062,165.3800048828125,147.7761993408203,3806600
2014-02-28,164.80999755859375,167.82000732421875,164.57000732421875,166.4499969482422,148.73233032226562,4291500
2014-03-03,164.22000122070312,165.30999755859375,163.66000366210938,164.74000549316406,147.20436096191406,3122900
2014-03-04,166.63999938964844,168.75999450683594,166.1999969482422,168.72999572753906,150.76963806152344,3400500
2014-03-05,168.8000030517578,172.89999389648438,168.25,171.89999389648438,153.6022491455078,4451200
2014-03-06,172.7100067138672,174.0,172.49000549316406,172.60000610351562,154.22772216796875,3403500
2014-03-07,173.97999572753906,175.58999633789062,173.11000061035156,174.25999450683594,155.71104431152344,4088900
2014-03-10,173.60000610351562,174.49000549316406,172.47000122070312,173.50999450683594,155.04083251953125,2179100
2014-03-11,173.9600067138672,173.9600067138672,169.85000610351562,169.88999938964844,151.80618286132812,3832300
2014-03-12,169.1300048828125,169.99000549316406,167.80999755859375,169.72000122070312,151.65426635742188,2550000
2014-03-13,170.47999572753906,171.24000549316406,166.57000732421875,166.6999969482422,148.9557342529297,3421400
2014-03-14,166.89999389648438,167.39999389648438,165.02999877929688,165.35000610351562,147.7494354248047,2762100
2014-03-17,166.3800048828125,168.8000030517578,166.3300018310547,166.83999633789062,149.08082580566406,3198000
2014-03-18,167.27000427246094,169.0,167.00999450683594,168.08999633789062,150.19776916503906,1941300
2014-03-19,168.49000549316406,170.16000366210938,166.8000030517578,168.17999267578125,150.2781982421875,3534100
2014-03-20,167.8800048828125,170.4499969482422,167.27000427246094,169.22000122070312,151.20748901367188,3950500
2014-03-21,169.69000244140625,170.0,166.91000366210938,166.9499969482422,149.17910766601562,4779100
2014-03-24,167.1300048828125,167.97999572753906,165.10000610351562,165.72000122070312,148.08001708984375,2723000
2014-03-25,166.58999633789062,167.4199981689453,162.8000030517578,163.25,145.87298583984375,4437500
2014-03-26,164.74000549316406,165.0,161.72000122070312,161.72999572753906,144.51470947265625,2590300
2014-03-27,161.8000030517578,163.30999755859375,160.77000427246094,162.2899932861328,145.01513671875,3890200
2014-03-28,162.2100067138672,164.19000244140625,161.2899932861328,162.3000030517578,145.0241241455078,2630500
2014-03-31,163.22000122070312,164.13999938964844,162.22000122070312,163.85000610351562,146.4091339111328,2494300
2014-04-01,164.75999450683594,166.2899932861328,164.22000122070312,165.9199981689453,148.25875854492188,3325500
2014-04-02,165.89999389648438,167.5399932861328,165.72999572753906,167.27000427246094,149.46507263183594,2407600
2014-04-03,167.30999755859375,167.6699981689453,165.0,166.08999633789062,148.41062927246094,2337300
2014-04-04,167.00999450683594,167.0399932861328,162.85000610351562,163.24000549316406,145.86402893066406,3262500
2014-04-07,162.9499969482422,163.1999969482422,158.44000244140625,158.55999755859375,141.68222045898438,4650800
2014-04-08,158.6999969482422,158.75999450683594,155.47999572753906,156.55999755859375,139.8950653076172,6839900
2014-04-09,157.11000061035156,159.0,156.4199981689453,158.16000366210938,141.3247528076172,4010000
2014-04-10,158.41000366210938,158.8800048828125,155.80999755859375,155.97999572753906,139.37681579589844,4806600
2014-04-11,154.4499969482422,154.49000549316406,151.64999389648438,152.72000122070312,136.46383666992188,6460700
2014-04-14,154.8000030517578,155.1300048828125,153.4199981689453,154.74000549316406,138.26876831054688,3053700
2014-04-15,155.0,156.02000427246094,153.10000610351562,154.9199981689453,138.42962646484375,3639600
2014-04-16,156.33999633789062,157.2899932861328,155.1199951171875,157.22000122070312,140.48483276367188,3194200
2014-04-17,161.02999877929688,161.44000244140625,157.35000610351562,157.44000244140625,140.68138122558594,4525200
2014-04-21,157.5,158.27000427246094,156.22999572753906,157.8000030517578,141.00311279296875,4551700
2014-04-22,157.63999938964844,160.80999755859375,157.27000427246094,160.4600067138672,143.37994384765625,4547300
2014-04-23,160.25999450683594,160.94000244140625,159.27999877929688,160.4499969482422,143.3710174560547,2040600
2014-04-24,161.0399932861328,162.11000061035156,160.58999633789062,160.85000610351562,143.7284393310547,2934200
2014-04-25,160.47999572753906,160.77000427246094,157.91000366210938,158.24000549316406,141.39625549316406,3302100
2014-04-28,158.60000610351562,158.8300018310547,154.0,156.5399932861328,139.877197265625,3897800
2014-04-29,157.02999877929688,158.3800048828125,156.63999938964844,158.24000549316406,141.39625549316406,2160500
2014-04-30,158.3800048828125,160.36000061035156,158.19000244140625,159.82000732421875,142.80807495117188,2745700
2014-05-01,159.8000030517578,161.0,159.6999969482422,160.3699951171875,143.29954528808594,2079500
2014-05-02,160.4600067138672,161.83999633789062,158.57000732421875,158.8800048828125,141.96812438964844,2561500
2014-05-05,156.5,156.89999389648438,154.52000427246094,156.35000610351562,139.70742797851562,3015700
2014-05-06,155.85000610351562,155.85000610351562,154.17999267578125,154.5399932861328,138.090087890625,3073100
2014-05-07,155.41000366210938,156.30999755859375,153.7100067138672,155.52000427246094,138.96578979492188,3260900
2014-05-08,155.75999450683594,158.22000122070312,155.1999969482422,157.39999389648438,140.6456298828125,2719600
2014-05-09,157.57000732421875,157.89999389648438,155.67999267578125,157.1999969482422,140.46694946289062,2637000
2014-05-12,157.91000366210938,159.9499969482422,157.91000366210938,159.5500030517578,142.5667724609375,2256100
2014-05-13,159.55999755859375,160.89999389648438,159.1300048828125,160.27999877929688,143.21910095214844,1901500
2014-05-14,160.1999969482422,160.88999938964844,159.27999877929688,159.4499969482422,142.47747802734375,2128700
2014-05-15,158.69000244140625,158.9600067138672,155.9199981689453,156.63999938964844,139.96658325195312,2769300
2014-05-16,155.61000061035156,156.97000122070312,154.83999633789062,156.42999267578125,139.7788848876953,2845600
2014-05-19,156.25,157.99000549316406,156.00999450683594,157.6699981689453,140.8869171142578,1618000
2014-05-20,157.47999572753906,157.91000366210938,155.61000061035156,156.35000610351562,139.70742797851562,2034900
2014-05-21,157.16000366210938,159.75,157.1300048828125,159.35000610351562,142.38809204101562,4226300
2014-05-22,158.9499969482422,160.3000030517578,158.64999389648438,159.85000610351562,142.8348846435547,1645100
2014-05-23,159.91000366210938,160.47999572753906,159.50999450683594,160.16000366210938,143.11184692382812,1210200
2014-05-27,161.1199951171875,163.42999267578125,160.5800018310547,161.77000427246094,144.55052185058594,3248800
2014-05-28,160.91000366210938,161.61000061035156,159.77999877929688,161.19000244140625,144.5236358642578,1855200
2014-05-29,161.13999938964844,162.0,159.6199951171875,160.74000549316406,144.1201629638672,1779200
2014-05-30,160.4199981689453,160.63999938964844,159.16000366210938,159.80999755859375,143.2862548828125,2206300
2014-06-02,159.77999877929688,160.1999969482422,157.91000366210938,160.02999877929688,143.4835662841797,2162500
2014-06-03,159.85000610351562,161.92999267578125,159.27999877929688,161.8000030517578,145.070556640625,2408600
2014-06-04,161.44000244140625,162.72999572753906,160.86000061035156,162.38999938964844,145.59954833984375,2098400
2014-06-05,162.72000122070312,163.42999267578125,161.55999755859375,162.5800018310547,145.76988220214844,1859600
2014-06-06,162.89999389648438,166.25999450683594,162.89999389648438,166.19000244140625,149.006591796875,3478100
2014-06-09,166.0399932861328,166.86000061035156,165.63999938964844,166.0,148.83624267578125,2377500
2014-06-10,165.86000061035156,167.25999450683594,165.47999572753906,166.36000061035156,149.1590576171875,1684500
2014-06-11,165.08999633789062,166.16000366210938,164.69000244140625,165.42999267578125,148.3251953125,2004100
2014-06-12,165.75999450683594,166.64999389648438,165.02000427246094,165.9600067138672,148.80039978027344,2309900
2014-06-13,166.1699981689453,167.07000732421875,165.4199981689453,165.88999938964844,148.7376251220703,1761100
2014-06-16,165.52000427246094,166.52999877929688,164.4499969482422,165.85000610351562,148.70179748535156,1756400
2014-06-17,165.63999938964844,168.75,165.4499969482422,168.22000122070312,150.82669067382812,2450000
2014-06-18,167.88999938964844,170.10000610351562,167.2899932861328,169.86000061035156,152.29714965820312,2873200
2014-06-19,170.0,170.16000366210938,168.92999267578125,169.72999572753906,152.1806182861328,2306900
2014-06-20,170.32000732421875,171.0800018310547,169.4199981689453,169.83999633789062,152.27920532226562,4688200
2014-06-23,170.17999267578125,170.6199951171875,169.2100067138672,170.24000549316406,152.6378631591797,1738500
2014-06-24,169.5500030517578,170.5500030517578,167.9499969482422,168.22999572753906,150.83570861816406,1608000
2014-06-25,167.82000732421875,169.02000427246094,167.39999389648438,168.3800048828125,150.9701690673828,1601200
2014-06-26,167.0,168.11000061035156,166.3699951171875,168.00999450683594,150.63841247558594,2131200
2014-06-27,167.25,167.64999389648438,166.3699951171875,166.77999877929688,149.53562927246094,3111200
2014-06-30,166.8699951171875,167.91000366210938,166.3699951171875,167.44000244140625,150.1273956298828,1885200
2014-07-01,166.35000610351562,168.27000427246094,166.05999755859375,166.80999755859375,149.56251525878906,2947800
2014-07-02,167.0,167.80999755859375,166.57000732421875,166.88999938964844,149.63426208496094,1877600
2014-07-03,167.8300018310547,169.89999389648438,167.72000122070312,169.4600067138672,151.93853759765625,1801200
2014-07-07,168.97000122070312,168.97000122070312,166.89999389648438,167.77999877929688,150.43223571777344,1774000
2014-07-08,166.74000549316406,166.77999877929688,163.72999572753906,164.91000366210938,147.85897827148438,2422200
2014-07-09,165.24000549316406,165.3300018310547,163.6300048828125,164.6699981689453,147.64378356933594,1943800
2014-07-10,162.22000122070312,163.77999877929688,161.52999877929688,163.4199981689453,146.5230255126953,2204100
2014-07-11,163.02000427246094,165.13999938964844,162.3800048828125,164.8000030517578,147.76034545898438,2293300
2014-07-14,167.17999267578125,167.72000122070312,166.4600067138672,167.0,149.73287963867188,3007700
2014-07-15,169.6999969482422,170.14999389648438,167.14999389648438,169.1699981689453,151.67849731445312,4802300
2014-07-16,169.1999969482422,170.99000549316406,169.0,170.47000122070312,152.8440704345703,3295100
2014-07-17,170.2100067138672,171.60000610351562,168.9199981689453,170.13999938964844,152.54820251464844,3815500
2014-07-18,170.41000366210938,171.7899932861328,169.64999389648438,171.47000122070312,153.74070739746094,2558600
2014-07-21,170.1699981689453,172.10000610351562,170.0500030517578,171.72000122070312,153.96487426757812,2227400
2014-07-22,172.3800048828125,175.3800048828125,172.3800048828125,175.02000427246094,156.9236602783203,3849500
2014-07-23,175.2100067138672,177.22000122070312,174.6300048828125,176.82000732421875,158.53756713867188,3436100
2014-07-24,176.8000030517578,177.32000732421875,175.61000061035156,176.25999450683594,158.03541564941406,2012800
2014-07-25,175.91000366210938,176.4600067138672,174.72000122070312,175.39999389648438,157.2643280029297,2114900
2014-07-28,175.0,176.4600067138672,174.6699981689453,175.9499969482422,157.7574920654297,2303400
2014-07-29,176.1699981689453,177.11000061035156,175.4499969482422,175.5399932861328,157.38983154296875,3055600
2014-07-30,175.9600067138672,177.47999572753906,175.36000061035156,175.75999450683594,157.58709716796875,2345600
2014-07-31,174.44000244140625,175.27000427246094,172.7899932861328,172.8699951171875,154.9959259033203,3797600
2014-08-01,172.3800048828125,172.75999450683594,169.39999389648438,170.25,152.64683532714844,3140000
2014-08-04,170.57000732421875,171.88999938964844,170.0500030517578,171.69000244140625,153.93795776367188,2103900
2014-08-05,171.3000030517578,171.77000427246094,168.88999938964844,169.4199981689453,151.90267944335938,2746200
2014-08-06,168.14999389648438,170.85000610351562,168.02000427246094,169.74000549316406,152.18955993652344,1711700
2014-08-07,170.3000030517578,171.07000732421875,168.74000549316406,169.10000610351562,151.61578369140625,1920900
2014-08-08,169.35000610351562,172.49000549316406,168.67999267578125,172.25999450683594,154.44898986816406,2250900
2014-08-11,172.75,173.41000366210938,171.6199951171875,172.4600067138672,154.62832641601562,2098000
2014-08-12,171.77999877929688,173.11000061035156,171.3800048828125,172.3300018310547,154.5117645263672,1362900
2014-08-13,172.39999389648438,172.88999938964844,171.27000427246094,172.3699951171875,154.54763793945312,1708200
2014-08-14,172.8000030517578,173.10000610351562,171.69000244140625,172.72999572753906,154.87037658691406,1431400
2014-08-15,172.83999633789062,174.60000610351562,171.44000244140625,171.89999389648438,154.12625122070312,2446000
2014-08-18,173.25,174.6300048828125,172.6999969482422,174.5500030517578,156.502197265625,1877700
2014-08-19,174.91000366210938,175.10000610351562,173.6300048828125,173.9600067138672,155.9732666015625,1916100
2014-08-20,173.27000427246094,174.17999267578125,172.60000610351562,174.02999877929688,156.0360107421875,1755100
2014-08-21,174.24000549316406,175.9199981689453,173.44000244140625,175.14999389648438,157.0401611328125,2075200
2014-08-22,175.35000610351562,176.97999572753906,174.8300018310547,175.47000122070312,157.32711791992188,2682000
2014-08-25,176.7100067138672,179.86000061035156,176.4600067138672,177.8699951171875,159.47894287109375,3063500
2014-08-26,178.47000122070312,179.14999389648438,177.80999755859375,177.89999389648438,159.5058135986328,3110600
2014-08-27,178.36000061035156,178.36000061035156,177.00999450683594,177.80999755859375,159.91957092285156,2073700
2014-08-28,177.0500030517578,177.75,175.88999938964844,177.64999389648438,159.77565002441406,1961800
2014-08-29,178.32000732421875,179.5,177.85000610351562,179.11000061035156,161.0887908935547,2560600
2014-09-02,179.25999450683594,180.22000122070312,178.3800048828125,179.77000427246094,161.682373046875,1986300
2014-09-03,180.47999572753906,182.07000732421875,179.42999267578125,179.60000610351562,161.52944946289062,2397700
2014-09-04,179.92999267578125,181.60000610351562,179.5500030517578,180.0800018310547,161.96115112304688,1678500
2014-09-05,179.5800018310547,179.91000366210938,177.8800048828125,179.75,161.66439819335938,2562800
2014-09-08,179.5800018310547,180.9199981689453,179.22000122070312,180.11000061035156,161.9881591796875,1746400
2014-09-09,177.92999267578125,178.63999938964844,176.6199951171875,177.39999389648438,159.5508575439453,2598500
2014-09-10,178.3300018310547,180.17999267578125,178.1199951171875,179.8699951171875,161.77227783203125,2457800
2014-09-11,178.77000427246094,181.44000244140625,178.5,181.0,162.7886505126953,1905300
2014-09-12,180.6300048828125,183.47000122070312,180.6300048828125,183.1699981689453,164.74024963378906,3358600
2014-09-15,182.91000366210938,184.39999389648438,182.50999450683594,183.97999572753906,165.4687957763672,2308000
2014-09-16,183.89999389648438,184.55999755859375,182.8000030517578,184.0399932861328,165.5227508544922,2137600
2014-09-17,183.82000732421875,185.77000427246094,183.4600067138672,184.82000732421875,166.22425842285156,2820300
2014-09-18,185.8300018310547,188.42999267578125,185.5,187.88999938964844,168.98536682128906,3566600
2014-09-19,188.25999450683594,188.5800018310547,185.8800048828125,186.1999969482422,167.46542358398438,5442900
2014-09-22,186.0,186.9499969482422,185.10000610351562,185.2899932861328,166.64698791503906,1826100
2014-09-23,184.57000732421875,186.86000061035156,184.57000732421875,185.08999633789062,166.4670867919922,1977600
2014-09-24,185.25999450683594,188.1199951171875,184.47000122070312,187.80999755859375,168.91342163085938,2834200
2014-09-25,187.4600067138672,187.8000030517578,183.4600067138672,184.08999633789062,165.5677032470703,3074600
2014-09-26,184.75,185.60000610351562,183.22000122070312,185.1199951171875,166.4940643310547,1932500
2014-09-29,183.11000061035156,184.55999755859375,182.1999969482422,183.8300018310547,165.3339080810547,1745400
2014-09-30,184.41000366210938,184.99000549316406,182.67999267578125,183.57000732421875,165.10003662109375,2037700
2014-10-01,183.19000244140625,183.85000610351562,180.3300018310547,180.6999969482422,162.51882934570312,4196300
2014-10-02,180.60000610351562,183.42999267578125,180.58999633789062,182.8800048828125,164.4794464111328,2782600
2014-10-03,184.61000061035156,188.5399932861328,184.57000732421875,188.07000732421875,169.14727783203125,3271400
2014-10-06,189.07000732421875,189.5,187.14999389648438,187.47999572753906,168.61660766601562,1934800
2014-10-07,186.55999755859375,186.55999755859375,183.6199951171875,183.8000030517578,165.30686950683594,2927100
2014-10-08,184.02999877929688,187.0,182.14999389648438,186.63999938964844,167.86117553710938,3154500
2014-10-09,185.82000732421875,186.1699981689453,180.75,181.27000427246094,163.03147888183594,4892900
2014-10-10,181.57000732421875,182.9499969482422,180.05999755859375,180.3800048828125,162.23097229003906,4405600
2014-10-13,181.0,183.19000244140625,178.5,178.77000427246094,160.78298950195312,3436500
2014-10-14,179.47999572753906,181.7899932861328,177.77000427246094,178.6999969482422,160.7200164794922,3557200
2014-10-15,176.49000549316406,177.9499969482422,171.52000427246094,177.24000549316406,159.4069366455078,6330500
2014-10-16,172.02000427246094,176.2899932861328,171.25999450683594,172.5800018310547,155.21578979492188,7797500
2014-10-17,175.8000030517578,177.5399932861328,175.10000610351562,176.91000366210938,159.11013793945312,4951000
2014-10-20,176.22000122070312,178.0,175.82000732421875,177.83999633789062,159.9465789794922,2307900
2014-10-21,179.22000122070312,180.36000061035156,178.36000061035156,180.17999267578125,162.05113220214844,2649500
2014-10-22,180.5500030517578,180.8000030517578,176.8300018310547,176.8300018310547,159.0382080078125,3088300
2014-10-23,178.8000030517578,181.10000610351562,178.7100067138672,180.05999755859375,161.94322204589844,3397000
2014-10-24,180.27000427246094,183.49000549316406,180.00999450683594,183.35000610351562,164.9021759033203,2900900
2014-10-27,182.86000061035156,184.16000366210938,182.30999755859375,183.91000366210938,165.4058074951172,2383700
2014-10-28,184.16000366210938,186.32000732421875,183.1999969482422,186.32000732421875,167.57330322265625,3027700
2014-10-29,186.08999633789062,187.30999755859375,185.38999938964844,186.0800018310547,167.35745239257812,3379000
2014-10-30,185.47999572753906,187.10000610351562,185.1699981689453,186.97000122070312,168.15794372558594,2794800
2014-10-31,189.24000549316406,190.0,188.1199951171875,189.99000549316406,170.87408447265625,3357000
2014-11-03,190.35000610351562,191.97999572753906,189.75,190.8300018310547,171.62954711914062,2298100
2014-11-04,190.47000122070312,190.97000122070312,188.82000732421875,190.27000427246094,171.1259002685547,2027300
2014-11-05,191.5800018310547,191.8699951171875,189.61000061035156,189.83999633789062,170.73916625976562,3141100
2014-11-06,190.3800048828125,191.44000244140625,189.77999877929688,191.0,171.78248596191406,1915400
2014-11-07,191.25,191.47999572753906,189.3000030517578,190.7100067138672,171.52163696289062,1981400
2014-11-10,190.50999450683594,191.8699951171875,190.50999450683594,191.8000030517578,172.50193786621094,1553900
2014-11-11,191.80999755859375,192.67999267578125,190.52999877929688,191.8800048828125,172.57395935058594,1620100
2014-11-12,190.66000366210938,190.88999938964844,189.3300018310547,190.17999267578125,171.0449676513672,2322200
2014-11-13,190.83999633789062,191.19000244140625,189.1999969482422,190.24000549316406,171.0989532470703,1749600
2014-11-14,190.36000061035156,190.83999633789062,189.6199951171875,189.97999572753906,170.86508178710938,1691600
2014-11-17,189.52000427246094,191.19000244140625,189.22000122070312,189.92999267578125,170.82012939453125,1593400
2014-11-18,189.6199951171875,190.66000366210938,189.58999633789062,189.63999938964844,170.55929565429688,1810300
2014-11-19,189.7100067138672,189.99000549316406,188.19000244140625,189.19000244140625,170.15457153320312,2260100
2014-11-20,187.82000732421875,189.86000061035156,187.5500030517578,189.75,170.65821838378906,2850000
2014-11-21,191.52000427246094,191.66000366210938,189.3699951171875,189.58999633789062,170.51431274414062,2367900
2014-11-24,190.13999938964844,190.88999938964844,189.6699981689453,190.07000732421875,170.946044921875,2028800
2014-11-25,190.5,190.5,188.1999969482422,188.86000061035156,169.85777282714844,3677900
2014-11-26,189.9199981689453,189.9199981689453,187.72999572753906,188.52000427246094,169.55198669433594,2024000
2014-11-28,188.39999389648438,189.49000549316406,188.1199951171875,188.41000366210938,169.9940948486328,1195200
2014-12-01,188.0,188.6199951171875,185.58999633789062,188.1999969482422,169.80462646484375,2469000
2014-12-02,189.30999755859375,190.94000244140625,188.80999755859375,190.19000244140625,171.60008239746094,3116100
2014-12-03,189.75,191.82000732421875,189.3300018310547,190.9499969482422,172.28582763671875,3049600
2014-12-04,190.77999877929688,192.33999633789062,189.9600067138672,191.9499969482422,173.18807983398438,3123400
2014-12-05,192.72000122070312,196.92999267578125,192.5399932861328,195.4499969482422,176.34597778320312,3625500
2014-12-08,195.4499969482422,198.05999755859375,194.50999450683594,196.6199951171875,177.40164184570312,2715000
2014-12-09,193.69000244140625,197.22000122070312,192.89999389648438,196.88999938964844,177.6452178955078,4568400
2014-12-10,195.47999572753906,195.99000549316406,191.60000610351562,192.0,173.23318481445312,6506700
2014-12-11,193.0,194.94000244140625,192.5,193.5399932861328,174.6226806640625,3179500
2014-12-12,191.7100067138672,192.63999938964844,188.07000732421875,188.82000732421875,170.364013671875,3838900
2014-12-15,190.24000549316406,190.80999755859375,185.41000366210938,185.5399932861328,167.40460205078125,4729100
2014-12-16,183.9600067138672,186.92999267578125,182.39999389648438,183.30999755859375,165.39256286621094,4181900
2014-12-17,184.11000061035156,186.5,183.6300048828125,185.02999877929688,166.94448852539062,5074800
2014-12-18,188.0,191.66000366210938,187.80999755859375,191.61000061035156,172.88128662109375,4209600
2014-12-19,192.25999450683594,195.0,192.02999877929688,193.27999877929688,174.38807678222656,4798200
2014-12-22,193.9199981689453,194.5,192.75999450683594,194.44000244140625,175.43472290039062,3056400
2014-12-23,195.33999633789062,196.10000610351562,194.72999572753906,195.5,176.39108276367188,2346100
2014-12-24,196.61000061035156,196.75,195.00999450683594,195.88999938964844,176.7429656982422,694200
2014-12-26,196.08999633789062,196.49000549316406,195.39999389648438,195.4499969482422,176.34597778320312,1016300
2014-12-29,195.57000732421875,196.9600067138672,194.82000732421875,196.19000244140625,177.01365661621094,1219900
2014-12-30,195.5,196.5,194.5800018310547,195.7100067138672,176.58053588867188,1136200
2014-12-31,196.64999389648438,196.8300018310547,193.77000427246094,193.8300018310547,174.88430786132812,1566800
2015-01-02,195.3000030517578,195.72999572753906,192.6999969482422,194.41000366210938,175.40762329101562,1877700
2015-01-05,193.05999755859375,194.0399932861328,187.47999572753906,188.33999633789062,169.930908203125,3413200
2015-01-06,188.3000030517578,188.66000366210938,183.92999267578125,184.52999877929688,166.4933319091797,3429200
2015-01-07,186.85000610351562,187.99000549316406,185.77000427246094,187.27999877929688,168.97451782226562,1896800
2015-01-08,189.35000610351562,190.82000732421875,189.25,190.27000427246094,171.6723175048828,1962500
2015-01-09,190.47999572753906,191.30999755859375,186.9600067138672,187.35000610351562,169.0377197265625,1980700
2015-01-12,187.36000061035156,187.52999877929688,184.11000061035156,185.07000732421875,166.98052978515625,2084200
2015-01-13,186.5800018310547,189.3800048828125,183.3699951171875,184.92999267578125,166.85423278808594,2745300
2015-01-14,181.17999267578125,182.50999450683594,178.10000610351562,180.22999572753906,162.61361694335938,5204700
2015-01-15,180.17999267578125,181.60000610351562,177.5,178.49000549316406,161.04371643066406,3146000
2015-01-16,176.72999572753906,180.10000610351562,174.05999755859375,177.22999572753906,159.90687561035156,5124100
2015-01-20,177.57000732421875,178.3300018310547,174.22999572753906,175.6300048828125,158.4632110595703,3606600
2015-01-21,174.5500030517578,178.38999938964844,172.82000732421875,177.14999389648438,159.83468627929688,3737000
2015-01-22,178.80999755859375,182.58999633789062,177.25,182.0399932861328,164.2467498779297,6228200
2015-01-23,181.42999267578125,182.97999572753906,180.4199981689453,180.49000549316406,162.8482666015625,3123800
2015-01-26,178.72000122070312,180.99000549316406,178.05999755859375,180.4199981689453,162.78506469726562,2736500
2015-01-27,177.24000549316406,178.63999938964844,176.3000030517578,176.49000549316406,159.2392120361328,3335600
2015-01-28,177.72999572753906,177.97000122070312,172.97000122070312,173.0500030517578,156.13540649414062,3017300
2015-01-29,173.17999267578125,176.3000030517578,173.07000732421875,175.99000549316406,158.78807067871094,2421400
2015-01-30,174.1300048828125,175.69000244140625,172.32000732421875,172.41000366210938,155.5579833984375,3037400
2015-02-02,172.99000549316406,175.60000610351562,172.25999450683594,175.49000549316406,158.3369598388672,2975300
2015-02-03,176.00999450683594,180.47999572753906,175.91000366210938,180.24000549316406,162.6226348876953,3766900
2015-02-04,178.72000122070312,180.7100067138672,178.52999877929688,178.77999877929688,161.30535888671875,2980500
2015-02-05,179.44000244140625,181.60000610351562,179.22999572753906,180.77000427246094,163.10086059570312,2434400
2015-02-06,182.0500030517578,184.6199951171875,181.13999938964844,183.42999267578125,165.5008544921875,3250900
2015-02-09,181.69000244140625,182.9499969482422,181.14999389648438,182.22000122070312,164.4091339111328,2421900
2015-02-10,183.35000610351562,184.8000030517578,182.35000610351562,184.55999755859375,166.5204315185547,2556300
2015-02-11,184.07000732421875,188.19000244140625,183.75,187.64999389648438,169.308349609375,4079600
2015-02-12,188.25,190.0,187.39999389648438,189.77999877929688,171.2301788330078,3086700
2015-02-13,189.8699951171875,191.3300018310547,188.33999633789062,189.0,170.5264434814453,2720400
2015-02-17,188.77999877929688,190.6300048828125,188.30999755859375,190.02000427246094,171.4467315673828,2123300
2015-02-18,189.5399932861328,190.0399932861328,187.82000732421875,188.6699981689453,170.22866821289062,1850700
2015-02-19,187.67999267578125,189.85000610351562,187.27000427246094,189.11000061035156,170.6256561279297,1470400
2015-02-20,188.35000610351562,191.63999938964844,187.0500030517578,191.50999450683594,172.7910919189453,2317100
2015-02-23,190.74000549316406,190.74000549316406,189.27000427246094,190.30999755859375,171.7083740234375,1691100
2015-02-24,190.02999877929688,193.27999877929688,189.67999267578125,192.22000122070312,173.4317169189453,2627300
2015-02-25,191.5500030517578,192.4499969482422,190.4600067138672,191.72000122070312,172.98056030273438,2775700
2015-02-26,190.50999450683594,192.47000122070312,190.0,192.1999969482422,173.9580535888672,2449300
2015-02-27,191.19000244140625,192.5,189.7899932861328,189.7899932861328,171.77674865722656,2572400
2015-03-02,190.0,191.9199981689453,189.77999877929688,191.7899932861328,173.58697509765625,1659400
2015-03-03,190.6999969482422,192.8699951171875,190.57000732421875,191.27000427246094,173.11634826660156,1487800
2015-03-04,190.35000610351562,190.82000732421875,188.97999572753906,189.6699981689453,171.66822814941406,1648500
2015-03-05,190.1300048828125,190.72000122070312,189.07000732421875,190.0800018310547,172.03929138183594,1330100
2015-03-06,187.5800018310547,191.39999389648438,186.5800018310547,186.91000366210938,169.17015075683594,4103600
2015-03-09,187.3000030517578,188.7899932861328,186.57000732421875,187.92999267578125,170.09336853027344,2233700
2015-03-10,185.58999633789062,186.13999938964844,182.7100067138672,182.7100067138672,165.36875915527344,2768500
2015-03-11,183.3000030517578,185.83999633789062,183.00999450683594,184.17999267578125,166.69923400878906,2098600
2015-03-12,185.94000244140625,190.0,185.94000244140625,189.9499969482422,171.92161560058594,3114800
2015-03-13,188.8699951171875,189.74000549316406,186.16000366210938,189.33999633789062,171.3695068359375,3095100
2015-03-16,190.0399932861328,192.49000549316406,189.89999389648438,191.89999389648438,173.6865234375,2127700
2015-03-17,190.97000122070312,191.24000549316406,188.8000030517578,190.57000732421875,172.48277282714844,1883200
2015-03-18,189.6699981689453,193.0399932861328,189.1999969482422,192.32000732421875,174.06666564941406,2790100
2015-03-19,191.75999450683594,191.75999450683594,189.08999633789062,189.97000122070312,171.93972778320312,2097100
2015-03-20,190.47000122070312,193.9199981689453,189.89999389648438,193.1300048828125,174.7998046875,3473800
2015-03-23,193.27000427246094,194.25,191.9600067138672,191.9600067138672,173.74082946777344,1590500
2015-03-24,191.94000244140625,192.50999450683594,191.16000366210938,191.27999877929688,173.1253662109375,1799100
2015-03-25,191.0800018310547,191.22999572753906,187.35000610351562,187.35000610351562,169.56834411621094,2542000
2015-03-26,186.52000427246094,187.97000122070312,185.02000427246094,187.24000549316406,169.46881103515625,2377200
2015-03-27,187.19000244140625,188.47999572753906,186.27000427246094,188.05999755859375,170.21099853515625,1539600
2015-03-30,189.24000549316406,192.0,189.19000244140625,191.02000427246094,172.89007568359375,2403800
2015-03-31,190.33999633789062,190.5500030517578,187.97000122070312,187.97000122070312,170.12953186035156,2146600
2015-04-01,187.94000244140625,192.3300018310547,186.9600067138672,192.22999572753906,173.98513793945312,4031400
2015-04-02,191.72999572753906,192.72999572753906,190.85000610351562,191.5500030517578,173.36973571777344,2296300
2015-04-06,190.17999267578125,192.63999938964844,188.9499969482422,192.0500030517578,173.82229614257812,1997000
2015-04-07,192.52000427246094,193.63999938964844,192.24000549316406,192.38999938964844,174.13002014160156,1778000
2015-04-08,193.0399932861328,193.85000610351562,192.1999969482422,192.55999755859375,174.28392028808594,1997300
2015-04-09,192.86000061035156,195.08999633789062,192.41000366210938,194.88999938964844,176.3927459716797,1986500
2015-04-10,194.64999389648438,195.86000061035156,194.08999633789062,195.63999938964844,177.07154846191406,1764800
2015-04-13,195.32000732421875,197.3800048828125,194.77000427246094,195.5800018310547,177.0172576904297,2196100
2015-04-14,196.97999572753906,198.49000549316406,195.7100067138672,197.72000122070312,178.9541473388672,3267400
2015-04-15,198.2100067138672,202.13999938964844,197.38999938964844,201.10000610351562,182.0133819580078,5066100
2015-04-16,202.6999969482422,202.8699951171875,198.6999969482422,200.2100067138672,181.2078399658203,5976900
2015-04-17,197.83999633789062,198.25,195.64999389648438,197.35000610351562,178.61923217773438,4578400
2015-04-20,199.07000732421875,199.60000610351562,197.9199981689453,198.10000610351562,179.29808044433594,2616600
2015-04-21,198.97000122070312,199.5,196.5800018310547,196.83999633789062,178.1576690673828,1868300
2015-04-22,197.91000366210938,199.16000366210938,196.57000732421875,198.32000732421875,179.49722290039062,1938100
2015-04-23,198.16000366210938,200.49000549316406,197.60000610351562,199.30999755859375,180.39324951171875,2053400
2015-04-24,199.0,199.10000610351562,197.4499969482422,197.99000549316406,179.19854736328125,1445700
2015-04-27,198.75999450683594,199.30999755859375,196.3699951171875,196.52000427246094,177.86801147460938,1767100
2015-04-28,196.1999969482422,197.61000061035156,194.39999389648438,197.49000549316406,178.74595642089844,1909400
2015-04-29,195.7899932861328,199.72999572753906,195.47999572753906,198.55999755859375,179.71441650390625,2480600
2015-04-30,198.39999389648438,199.75,195.39999389648438,196.4199981689453,177.7775421142578,2732800
2015-05-01,198.4499969482422,198.57000732421875,196.8300018310547,197.52999877929688,178.78219604492188,2029500
2015-05-04,198.25999450683594,199.72000122070312,197.89999389648438,199.3000030517578,180.38418579101562,1581600
2015-05-05,198.30999755859375,200.38999938964844,196.72000122070312,197.2899932861328,178.56491088867188,2287500
2015-05-06,197.75,198.58999633789062,194.00999450683594,196.25,177.62364196777344,2433700
2015-05-07,196.25999450683594,197.9499969482422,194.80999755859375,197.38999938964844,178.65545654296875,1795300
2015-05-08,199.10000610351562,201.33999633789062,199.10000610351562,200.5,181.47027587890625,3192500
2015-05-11,200.2899932861328,201.9499969482422,200.2899932861328,201.72999572753906,182.58355712890625,1966700
2015-05-12,200.47999572753906,201.0399932861328,198.07000732421875,200.52999877929688,181.4974365234375,2247500
2015-05-13,200.47000122070312,201.75,199.85000610351562,201.42999267578125,182.31202697753906,2143300
2015-05-14,202.3300018310547,202.8800048828125,201.42999267578125,202.6199951171875,183.3890838623047,1957000
2015-05-15,202.5500030517578,202.97000122070312,201.82000732421875,202.97000122070312,183.7058563232422,1742900
2015-05-18,202.64999389648438,205.17999267578125,202.63999938964844,204.66000366210938,185.23550415039062,2164600
2015-05-19,204.99000549316406,206.1999969482422,204.5500030517578,205.39999389648438,185.9052276611328,2370100
2015-05-20,205.1699981689453,205.9600067138672,204.14999389648438,205.0800018310547,185.61561584472656,1831200
2015-05-21,204.60000610351562,205.2100067138672,204.17999267578125,204.9499969482422,185.4979248046875,2225000
2015-05-22,204.66000366210938,208.25999450683594,204.6300048828125,207.8000030517578,188.07742309570312,3040400
2015-05-26,207.52000427246094,207.52000427246094,205.0,206.3800048828125,186.792236328125,3336300
2015-05-27,206.88999938964844,209.67999267578125,205.8699951171875,209.05999755859375,189.2178497314453,3011500
2015-05-28,208.0800018310547,208.58999633789062,207.27999877929688,208.47999572753906,189.2814178466797,3084900
2015-05-29,208.22999572753906,208.27000427246094,205.6199951171875,206.19000244140625,187.20228576660156,2255500
2015-06-01,207.32000732421875,208.82000732421875,206.88999938964844,207.80999755859375,188.67308044433594,2088200
2015-06-02,206.85000610351562,207.83999633789062,205.64999389648438,206.42999267578125,187.42015075683594,2230700
2015-06-03,207.52000427246094,210.1699981689453,206.77000427246094,208.2899932861328,189.10887145996094,2417000
2015-06-04,207.60000610351562,210.05999755859375,207.0,208.8699951171875,189.63546752929688,3462500
2015-06-05,210.6999969482422,211.94000244140625,208.5500030517578,210.4499969482422,191.0699920654297,3225100
2015-06-08,211.14999389648438,211.6999969482422,209.4499969482422,209.7899932861328,190.47079467773438,2180700
2015-06-09,210.0,210.44000244140625,207.6199951171875,209.02000427246094,189.77166748046875,2278800
2015-06-10,209.72000122070312,213.39999389648438,209.36000061035156,213.1300048828125,193.5032196044922,2677300
2015-06-11,213.1699981689453,214.61000061035156,212.8699951171875,213.94000244140625,194.23861694335938,2024100
2015-06-12,213.47999572753906,214.00999450683594,212.00999450683594,213.05999755859375,193.4396514892578,2006200
2015-06-15,210.88999938964844,212.33999633789062,210.3800048828125,211.75999450683594,192.2593536376953,1903800
2015-06-16,211.85000610351562,213.57000732421875,211.1300048828125,213.55999755859375,193.89356994628906,1954200
2015-06-17,213.58999633789062,214.5,212.57000732421875,212.92999267578125,193.32162475585938,1778400
2015-06-18,213.4499969482422,215.00999450683594,212.00999450683594,214.60000610351562,194.8378448486328,2167200
2015-06-19,214.1199951171875,215.0,213.19000244140625,213.19000244140625,193.55764770507812,4163400
2015-06-22,215.05999755859375,216.80999755859375,215.0,216.50999450683594,196.57191467285156,2006100
2015-06-23,216.9199981689453,218.77000427246094,216.63999938964844,218.39999389648438,198.2879180908203,2735600
2015-06-24,216.1999969482422,217.0,213.6999969482422,214.42999267578125,194.68348693847656,3945200
2015-06-25,215.14999389648438,215.8000030517578,212.49000549316406,212.82000732421875,193.22177124023438,2434700
2015-06-26,213.6199951171875,214.61000061035156,212.5500030517578,213.1699981689453,193.5395050048828,2762600
2015-06-29,210.13999938964844,211.22000122070312,207.64999389648438,207.64999389648438,188.52784729003906,3292800
2015-06-30,209.88999938964844,210.7899932861328,208.14999389648438,208.7899932861328,189.56285095214844,4167300
2015-07-01,211.6300048828125,212.49000549316406,208.9499969482422,209.94000244140625,190.60693359375,2820300
2015-07-02,209.94000244140625,210.6300048828125,208.5,209.1999969482422,189.93508911132812,1816600
2015-07-06,206.7100067138672,208.52999877929688,206.25999450683594,208.0399932861328,188.88192749023438,2816800
2015-07-07,207.97999572753906,208.97000122070312,203.1999969482422,208.2100067138672,189.03622436523438,3304200
2015-07-08,206.3000030517578,206.7899932861328,203.6999969482422,204.05999755859375,185.26844787597656,2185100
2015-07-09,207.1300048828125,207.5500030517578,204.44000244140625,204.80999755859375,185.94940185546875,2256200
2015-07-10,207.72000122070312,207.97999572753906,206.17999267578125,207.19000244140625,188.11021423339844,1840600
2015-07-13,209.44000244140625,210.30999755859375,208.64999389648438,210.1199951171875,190.7703857421875,2041700
2015-07-14,210.00999450683594,212.75999450683594,209.6999969482422,212.16000366210938,192.62254333496094,2090700
2015-07-15,213.5399932861328,213.61000061035156,211.42999267578125,212.9600067138672,193.34886169433594,2536700
2015-07-16,211.38999938964844,214.13999938964844,209.32000732421875,211.17999267578125,191.73275756835938,4405200
2015-07-17,210.75999450683594,212.8000030517578,209.7899932861328,212.4600067138672,192.8948974609375,2849000
2015-07-20,212.67999267578125,214.0,211.2100067138672,212.38999938964844,192.8313446044922,2175400
2015-07-21,211.97999572753906,212.8000030517578,210.75,211.5,192.0233154296875,1985300
2015-07-22,211.8000030517578,213.72000122070312,211.75,213.25,193.61216735839844,2301300
2015-07-23,213.66000366210938,214.61000061035156,210.6999969482422,211.0500030517578,191.61473083496094,2192700
2015-07-24,211.4499969482422,211.4499969482422,206.89999389648438,207.35000610351562,188.25547790527344,2453900
2015-07-27,205.4499969482422,205.83999633789062,203.5,205.02000427246094,186.1400604248047,2910500
2015-07-28,207.13999938964844,207.17999267578125,204.60000610351562,206.24000549316406,187.24769592285156,2018100
2015-07-29,206.57000732421875,208.1300048828125,205.6699981689453,206.83999633789062,187.79241943359375,1987300
2015-07-30,206.02999877929688,207.35000610351562,205.10000610351562,207.1999969482422,188.11929321289062,1342900
2015-07-31,207.39999389648438,207.47000122070312,204.89999389648438,205.07000732421875,186.18544006347656,1644000
2015-08-03,205.75,205.9499969482422,202.83999633789062,204.69000244140625,185.84046936035156,2075500
2015-08-04,205.00999450683594,207.14999389648438,204.8000030517578,205.1699981689453,186.27618408203125,1451500
2015-08-05,206.94000244140625,207.77999877929688,204.92999267578125,205.6999969482422,186.7574462890625,1535500
2015-08-06,206.0,206.6999969482422,204.3000030517578,205.08999633789062,186.20361328125,1485800
2015-08-07,205.3000030517578,206.63999938964844,202.32000732421875,203.44000244140625,184.70550537109375,1691100
2015-08-10,204.58999633789062,206.57000732421875,204.33999633789062,205.97000122070312,187.0025634765625,1640300
2015-08-11,203.5,203.9199981689453,200.66000366210938,201.6999969482422,183.12576293945312,2554000
2015-08-12,199.89999389648438,201.5500030517578,196.5800018310547,201.1300048828125,182.60826110839844,2771900
2015-08-13,200.72000122070312,201.9499969482422,199.5800018310547,200.74000549316406,182.25421142578125,3353600
2015-08-14,200.8300018310547,202.5500030517578,200.74000549316406,202.02000427246094,183.4163360595703,3567100
2015-08-17,201.00999450683594,202.86000061035156,199.77999877929688,202.57000732421875,183.91563415527344,1600700
2015-08-18,202.1199951171875,203.10000610351562,201.17999267578125,201.17999267578125,182.6536407470703,1665400
2015-08-19,200.02000427246094,202.75,199.13999938964844,200.9499969482422,182.44482421875,2721400
2015-08-20,198.42999267578125,199.22000122070312,196.75,196.75,178.63160705566406,3140000
2015-08-21,193.66000366210938,194.60000610351562,187.5800018310547,187.74000549316406,170.4513397216797,5406200
2015-08-24,178.4600067138672,186.88999938964844,172.10000610351562,179.4600067138672,162.933837890625,7183600
2015-08-25,185.88999938964844,187.3300018310547,177.7100067138672,178.22000122070312,161.80799865722656,7204800
2015-08-26,183.0399932861328,185.05999755859375,179.11000061035156,184.39999389648438,167.41885375976562,5561800
2015-08-27,186.80999755859375,189.86000061035156,185.42999267578125,189.2100067138672,171.78594970703125,3798500
2015-08-28,187.58999633789062,188.85000610351562,186.25999450683594,187.75,171.0480194091797,2413100
2015-08-31,187.69000244140625,190.25,187.17999267578125,188.60000610351562,171.82235717773438,2858000
2015-09-01,184.24000549316406,186.47000122070312,181.0800018310547,182.1199951171875,165.91883850097656,5494500
2015-09-02,184.8699951171875,185.82000732421875,182.50999450683594,184.50999450683594,168.09619140625,3043800
2015-09-03,185.0,187.88999938964844,184.27999877929688,185.05999755859375,168.5972900390625,2902200
2015-09-04,182.25999450683594,182.8300018310547,179.1300048828125,180.3800048828125,164.3336181640625,4295600
2015-09-08,183.91000366210938,186.30999755859375,183.64999389648438,185.8800048828125,169.3443603515625,3060100
2015-09-09,189.5500030517578,191.75,185.25999450683594,185.67999267578125,169.16212463378906,4756800
2015-09-10,185.4499969482422,187.82000732421875,184.77000427246094,185.91000366210938,169.37171936035156,3042600
2015-09-11,185.42999267578125,185.82000732421875,183.32000732421875,185.27000427246094,168.78863525390625,2536800
2015-09-14,185.60000610351562,185.86000061035156,183.3000030517578,183.94000244140625,167.57691955566406,2746000
2015-09-15,184.77999877929688,188.02000427246094,184.19000244140625,187.4499969482422,170.77468872070312,3092800
2015-09-16,187.9600067138672,189.3000030517578,186.58999633789062,188.63999938964844,171.8588104248047,2717800
2015-09-17,188.4499969482422,190.57000732421875,186.0,186.4499969482422,169.8636474609375,3712600
2015-09-18,183.1999969482422,183.3800048828125,180.5500030517578,180.94000244140625,164.8438262939453,6529900
2015-09-21,183.3000030517578,184.41000366210938,181.6999969482422,183.35000610351562,167.0394287109375,2947200
2015-09-22,180.88999938964844,181.0,178.00999450683594,179.72000122070312,163.73231506347656,4166900
2015-09-23,179.80999755859375,180.19000244140625,177.75,179.41000366210938,163.449951171875,2732600
2015-09-24,177.66000366210938,177.97999572753906,174.82000732421875,176.91000366210938,161.17233276367188,3910000
2015-09-25,179.1999969482422,181.11000061035156,178.16000366210938,179.8300018310547,163.8325653076172,3026500
2015-09-28,178.4600067138672,178.4600067138672,172.75,173.02000427246094,157.6283416748047,3898500
2015-09-29,173.00999450683594,173.3000030517578,167.49000549316406,171.86000061035156,156.57156372070312,4419100
2015-09-30,174.5800018310547,175.0800018310547,172.16000366210938,173.75999450683594,158.30252075195312,2931500
2015-10-01,174.39999389648438,176.1699981689453,173.0399932861328,176.02000427246094,160.3615264892578,3613000
2015-10-02,172.13999938964844,177.10000610351562,169.8699951171875,177.00999450683594,161.26339721679688,4469900
2015-10-05,178.22999572753906,181.05999755859375,177.8300018310547,180.6999969482422,164.62515258789062,3411900
2015-10-06,180.1999969482422,181.27999877929688,179.47000122070312,180.32000732421875,164.27896118164062,1859100
2015-10-07,181.8000030517578,183.7899932861328,180.5399932861328,182.22999572753906,166.01904296875,2572200
2015-10-08,181.17999267578125,182.47000122070312,179.75,181.07000732421875,164.96226501464844,3253400
2015-10-09,180.9600067138672,182.2899932861328,178.2100067138672,179.19000244140625,163.24949645996094,3334900
2015-10-12,180.8000030517578,181.1999969482422,179.00999450683594,180.22999572753906,164.1969757080078,3059800
2015-10-13,179.57000732421875,183.13999938964844,179.5,180.97000122070312,164.87112426757812,2918800
2015-10-14,180.72999572753906,182.22000122070312,179.13999938964844,179.50999450683594,163.54103088378906,3252000
2015-10-15,176.72999572753906,185.75,175.75999450683594,184.9600067138672,168.5061798095703,5720100
2015-10-16,185.1199951171875,186.64999389648438,183.6300048828125,185.17999267578125,168.70660400390625,2977500
2015-10-19,183.47999572753906,186.5,183.14999389648438,185.74000549316406,169.21682739257812,2665700
2015-10-20,185.1999969482422,185.97000122070312,183.89999389648438,185.50999450683594,169.0072479248047,2736200
2015-10-21,186.22000122070312,186.22000122070312,179.5500030517578,179.6999969482422,163.71414184570312,3613800
2015-10-22,180.22999572753906,184.19000244140625,180.1999969482422,183.55999755859375,167.230712890625,2609600
2015-10-23,185.16000366210938,186.36000061035156,184.42999267578125,185.5,168.9981689453125,2935700
2015-10-26,187.10000610351562,188.0,186.6199951171875,187.00999450683594,170.37384033203125,2573700
2015-10-27,186.0,186.8300018310547,184.5,186.30999755859375,169.73609924316406,1932300
2015-10-28,186.7100067138672,191.47999572753906,186.1699981689453,191.32000732421875,174.30043029785156,3231900
2015-10-29,191.0,191.9600067138672,189.3300018310547,189.88999938964844,172.99761962890625,3068100
2015-10-30,189.75999450683594,190.08999633789062,187.24000549316406,187.5,170.82025146484375,2791600
2015-11-02,188.32000732421875,190.42999267578125,187.67999267578125,189.67999267578125,172.80628967285156,2531500
2015-11-03,189.25,191.8699951171875,189.0500030517578,190.69000244140625,173.72645568847656,2443200
2015-11-04,191.0,192.88999938964844,190.30999755859375,191.64999389648438,174.60105895996094,2174300
2015-11-05,192.5399932861328,193.27999877929688,191.0,192.02000427246094,174.93814086914062,2186300
2015-11-06,196.0,199.47000122070312,195.89999389648438,199.1699981689453,181.4521026611328,4270800
2015-11-09,199.0399932861328,199.89999389648438,196.32000732421875,196.75999450683594,179.25650024414062,2604400
2015-11-10,196.5800018310547,198.22000122070312,195.27999877929688,197.80999755859375,180.21307373046875,2149900
2015-11-11,198.2899932861328,198.92999267578125,196.72999572753906,197.38999938964844,179.83045959472656,1637500
2015-11-12,196.19000244140625,196.19000244140625,192.25999450683594,192.77000427246094,175.62142944335938,3166900
2015-11-13,192.6300048828125,193.3800048828125,190.05999755859375,190.38999938964844,173.453125,2484000
2015-11-16,189.99000549316406,192.16000366210938,188.00999450683594,192.16000366210938,175.06570434570312,4626600
2015-11-17,192.6699981689453,193.0,190.32000732421875,190.57000732421875,173.61715698242188,1783800
2015-11-18,191.0500030517578,194.0500030517578,191.00999450683594,193.66000366210938,176.4322509765625,2509200
2015-11-19,193.82000732421875,194.2100067138672,191.6699981689453,193.02999877929688,175.85829162597656,1835800
2015-11-20,193.0,193.49000549316406,191.11000061035156,191.47000122070312,174.4370574951172,2932100
2015-11-23,191.3000030517578,191.49000549316406,188.52000427246094,189.19000244140625,172.3599090576172,2671700
2015-11-24,188.02000427246094,189.8000030517578,186.55999755859375,188.6699981689453,171.8861083984375,2679400
2015-11-25,188.99000549316406,189.77000427246094,188.14999389648438,189.14999389648438,172.32345581054688,1495600
2015-11-27,189.16000366210938,191.19000244140625,188.85000610351562,190.47000122070312,173.52603149414062,1092700
2015-11-30,190.5,191.0800018310547,189.24000549316406,190.02000427246094,173.7088623046875,3415000
2015-12-01,191.22000122070312,193.14999389648438,190.00999450683594,193.07000732421875,176.49708557128906,4140900
2015-12-02,193.3000030517578,193.83999633789062,189.8000030517578,190.25999450683594,173.92820739746094,1817200
2015-12-03,190.66000366210938,191.64999389648438,184.72999572753906,185.1999969482422,169.30258178710938,3599000
2015-12-04,185.61000061035156,190.6199951171875,184.75,189.99000549316406,173.6814727783203,3517200
2015-12-07,190.0,190.1199951171875,185.0,185.49000549316406,169.56773376464844,3499900
2015-12-08,183.9199981689453,184.47000122070312,181.83999633789062,182.9199981689453,167.21832275390625,2663800
2015-12-09,182.02000427246094,184.85000610351562,179.8300018310547,180.7100067138672,165.19802856445312,3907500
2015-12-10,180.99000549316406,183.92999267578125,180.30999755859375,182.11000061035156,166.47784423828125,2212300
2015-12-11,179.67999267578125,180.14999389648438,175.47000122070312,176.55999755859375,161.40426635742188,3750100
2015-12-14,176.6699981689453,178.6300048828125,172.89999389648438,176.39999389648438,161.2579803466797,5102400
2015-12-15,178.97999572753906,183.27999877929688,178.85000610351562,182.00999450683594,166.38641357421875,3398700
2015-12-16,184.00999450683594,186.8800048828125,181.67999267578125,186.2100067138672,170.2259063720703,3191700
2015-12-17,186.8800048828125,187.88999938964844,182.61000061035156,182.61000061035156,166.93490600585938,2807900
2015-12-18,181.1999969482422,181.89999389648438,175.38999938964844,175.49000549316406,160.42611694335938,6740800
2015-12-21,177.5,178.14999389648438,175.8300018310547,177.75,162.49208068847656,2472900
2015-12-22,178.89999389648438,180.69000244140625,177.0500030517578,180.0500030517578,164.59469604492188,2312800
2015-12-23,180.6999969482422,183.0,180.4600067138672,182.9499969482422,167.24575805664062,2367900
2015-12-24,182.27000427246094,183.1699981689453,182.02000427246094,182.47000122070312,166.80694580078125,1107600
2015-12-28,181.77000427246094,181.92999267578125,179.83999633789062,181.6199951171875,166.02993774414062,1723300
2015-12-29,182.82000732421875,184.17999267578125,182.5,183.52999877929688,167.7759246826172,1848900
2015-12-30,183.27999877929688,183.52999877929688,181.83999633789062,182.00999450683594,166.38641357421875,1514300
2015-12-31,181.16000366210938,182.88999938964844,180.02999877929688,180.22999572753906,164.75921630859375,1773900
2016-01-04,175.7899932861328,177.19000244140625,173.75999450683594,177.13999938964844,161.93446350097656,3745500
2016-01-05,176.7100067138672,177.5,172.9199981689453,174.08999633789062,159.14625549316406,4521600
2016-01-06,171.30999755859375,172.02000427246094,169.10000610351562,169.83999633789062,155.2610626220703,5539400
2016-01-07,166.6699981689453,169.5,163.60000610351562,164.6199951171875,150.48916625976562,5687900
2016-01-08,166.75,168.4199981689453,163.6300048828125,163.94000244140625,149.86752319335938,4929800
2016-01-11,165.0,166.4600067138672,163.33999633789062,165.72999572753906,151.50393676757812,4386500
2016-01-12,166.88999938964844,168.17999267578125,163.3000030517578,165.7100067138672,151.48562622070312,4441300
2016-01-13,166.4600067138672,167.10000610351562,157.9199981689453,158.99000549316406,145.3424835205078,5252500
2016-01-14,160.3000030517578,162.50999450683594,156.75999450683594,161.38999938964844,147.5364227294922,4272500
2016-01-15,156.6999969482422,157.99000549316406,153.80999755859375,155.61000061035156,142.25259399414062,6237200
2016-01-19,157.55999755859375,158.75999450683594,155.27999877929688,156.82000732421875,143.35874938964844,5860600
2016-01-20,154.10000610351562,158.3699951171875,151.64999389648438,153.75,140.5522918701172,9369100
2016-01-21,153.97000122070312,155.16000366210938,151.49000549316406,151.64999389648438,138.63253784179688,5738800
2016-01-22,154.5800018310547,156.99000549316406,153.86000061035156,156.86000061035156,143.395263671875,5583800
2016-01-25,156.39999389648438,156.52999877929688,151.1199951171875,151.1199951171875,138.14797973632812,5051700
2016-01-26,151.1199951171875,156.10000610351562,151.1199951171875,154.4499969482422,141.19215393066406,5237700
2016-01-27,153.58999633789062,158.42999267578125,153.19000244140625,153.72000122070312,140.52481079101562,5153100
2016-01-28,155.00999450683594,158.0500030517578,152.52999877929688,157.05999755859375,143.57810974121094,4292900
2016-01-29,158.63999938964844,161.58999633789062,157.77999877929688,161.55999755859375,147.6918487548828,4887900
2016-02-01,160.41000366210938,161.0,158.4499969482422,159.64999389648438,145.94577026367188,2963500
2016-02-02,157.0,157.0,150.16000366210938,151.6999969482422,138.67823791503906,6316200
2016-02-03,152.5,153.83999633789062,147.00999450683594,152.67999267578125,139.57411193847656,5893200
2016-02-04,152.3000030517578,157.9499969482422,152.00999450683594,156.49000549316406,143.0570526123047,4573100
2016-02-05,157.57000732421875,159.6999969482422,155.69000244140625,156.47000122070312,143.03880310058594,4596100
2016-02-08,153.8300018310547,153.8300018310547,145.25,149.25,136.4385223388672,8680000
2016-02-09,145.52000427246094,149.9499969482422,145.10000610351562,148.25,135.52435302734375,6919400
2016-02-10,150.0,153.3800048828125,147.2100067138672,147.22999572753906,134.59190368652344,7609600
2016-02-11,143.41000366210938,144.41000366210938,139.0500030517578,140.69000244140625,128.61329650878906,10252200
2016-02-12,143.75,146.50999450683594,143.6999969482422,146.1300048828125,133.58631896972656,9009300
2016-02-16,149.60000610351562,150.47999572753906,147.4499969482422,149.02000427246094,136.2283172607422,10198000
2016-02-17,150.8000030517578,151.8699951171875,150.30999755859375,150.94000244140625,137.98345947265625,5578800
2016-02-18,151.25,152.0,147.3699951171875,147.72999572753906,135.04901123046875,5895500
2016-02-19,147.0,147.72999572753906,145.42999267578125,146.91000366210938,134.2993927001953,5257300
2016-02-22,149.1999969482422,149.99000549316406,148.22999572753906,148.7899932861328,136.01800537109375,4287900
2016-02-23,148.0,148.0500030517578,144.0500030517578,144.91000366210938,132.47105407714844,4249600
2016-02-24,143.0800018310547,145.63999938964844,140.25999450683594,145.55999755859375,133.06527709960938,5714700
2016-02-25,146.0,149.07000732421875,145.22999572753906,148.25,135.52435302734375,4299600
2016-02-26,149.72000122070312,151.97000122070312,149.00999450683594,150.25,137.35267639160156,5924500
2016-02-29,149.75,150.2899932861328,148.32000732421875,149.52999877929688,137.28839111328125,5506400
2016-03-01,150.9499969482422,154.77000427246094,150.67999267578125,154.64999389648438,141.98922729492188,6490400
2016-03-02,154.75,155.41000366210938,153.4499969482422,154.1999969482422,141.5760955810547,5047500
2016-03-03,154.0,155.66000366210938,153.36000061035156,155.3300018310547,142.61361694335938,3615800
2016-03-04,156.3699951171875,158.85000610351562,155.2899932861328,156.83999633789062,143.99996948242188,5256700
2016-03-07,156.0,156.3699951171875,154.41000366210938,155.35000610351562,142.63194274902344,2771900
2016-03-08,154.0,154.22999572753906,151.5,151.60000610351562,139.18894958496094,3830400
2016-03-09,152.11000061035156,152.5,149.17999267578125,149.91000366210938,137.6373291015625,3250900
2016-03-10,150.41000366210938,153.60000610351562,148.83999633789062,151.02000427246094,138.65643310546875,4631800
2016-03-11,153.27999877929688,154.16000366210938,152.3699951171875,153.94000244140625,141.33737182617188,4058700
2016-03-14,153.66000366210938,154.4499969482422,152.1300048828125,153.49000549316406,140.92422485351562,3317900
2016-03-15,152.64999389648438,152.74000549316406,150.89999389648438,152.02999877929688,139.58372497558594,3731400
2016-03-16,150.9199981689453,152.85000610351562,149.7100067138672,150.5399932861328,138.21572875976562,4310300
2016-03-17,150.38999938964844,153.97999572753906,148.75,152.91000366210938,140.39170837402344,4431700
2016-03-18,153.91000366210938,158.17999267578125,153.8699951171875,157.60000610351562,144.69775390625,7413200
2016-03-21,157.24000549316406,158.89999389648438,155.75,156.2899932861328,143.4949951171875,4410200
2016-03-22,155.5,155.58999633789062,153.36000061035156,154.1999969482422,141.5760955810547,3521500
2016-03-23,154.25,155.5500030517578,153.58999633789062,154.0800018310547,141.46588134765625,3633400
2016-03-24,152.39999389648438,153.0399932861328,150.1300048828125,153.0,140.47430419921875,3693400
2016-03-28,153.13999938964844,154.63999938964844,152.3800048828125,153.83999633789062,141.2455596923828,2308600
2016-03-29,152.8699951171875,155.35000610351562,151.5,155.02999877929688,142.338134765625,2919500
2016-03-30,156.1300048828125,158.02000427246094,154.88999938964844,156.5,143.68780517578125,3130600
2016-03-31,156.17999267578125,157.47999572753906,156.05999755859375,156.97999572753906,144.12850952148438,2927300
2016-04-01,156.4600067138672,160.00999450683594,155.08999633789062,159.82000732421875,146.73597717285156,3373400
2016-04-04,159.97000122070312,160.0,157.38999938964844,157.77000427246094,144.8538360595703,2478100
2016-04-05,156.44000244140625,156.52999877929688,154.5500030517578,155.35000610351562,142.63194274902344,2822700
2016-04-06,155.25999450683594,156.27000427246094,153.9199981689453,155.19000244140625,142.48507690429688,2927400
2016-04-07,153.64999389648438,154.02999877929688,149.3699951171875,150.41000366210938,138.09637451171875,4786800
2016-04-08,152.07000732421875,152.8699951171875,150.00999450683594,150.27999877929688,137.9770050048828,3122200
2016-04-11,151.17999267578125,153.89999389648438,150.41000366210938,152.1999969482422,139.73983764648438,3464300
2016-04-12,152.6699981689453,155.08999633789062,151.3000030517578,154.30999755859375,141.6770477294922,2732900
2016-04-13,156.52999877929688,159.99000549316406,156.3800048828125,159.85000610351562,146.7635498046875,5151100
2016-04-14,159.52999877929688,162.27000427246094,159.14999389648438,160.91000366210938,147.73678588867188,3067100
2016-04-15,161.22999572753906,161.77999877929688,158.1999969482422,158.52000427246094,145.5424346923828,3467900
2016-04-18,157.61000061035156,160.0,157.14999389648438,159.02000427246094,146.00148010253906,3031500
2016-04-19,157.75,163.6999969482422,157.0,162.64999389648438,149.33428955078125,5832200
2016-04-20,162.0,167.4499969482422,161.94000244140625,166.97999572753906,153.309814453125,4802200
2016-04-21,166.5500030517578,168.89999389648438,165.00999450683594,165.32000732421875,151.78573608398438,4165100
2016-04-22,165.7899932861328,167.49000549316406,165.66000366210938,166.75,153.0986328125,2680300
2016-04-25,166.0,167.38999938964844,164.05999755859375,165.08999633789062,151.57456970214844,2473000
2016-04-26,165.3800048828125,166.0,164.22000122070312,165.83999633789062,152.2631378173828,2251600
2016-04-27,165.8300018310547,168.66000366210938,164.92999267578125,166.9199981689453,153.25474548339844,3323600
2016-04-28,165.35000610351562,167.32000732421875,164.00999450683594,164.2899932861328,150.84007263183594,2528000
2016-04-29,163.8000030517578,164.67999267578125,162.55999755859375,164.11000061035156,150.6748046875,2890800
2016-05-02,165.0800018310547,167.19000244140625,163.99000549316406,166.17999267578125,152.57533264160156,1998400
2016-05-03,163.66000366210938,164.11000061035156,161.3699951171875,163.13999938964844,149.7841796875,2777000
2016-05-04,161.1999969482422,162.60000610351562,159.08999633789062,160.07000732421875,146.9655303955078,3203900
2016-05-05,160.77999877929688,160.82000732421875,158.5,159.52999877929688,146.46974182128906,2366200
2016-05-06,158.19000244140625,160.1699981689453,157.00999450683594,158.85000610351562,145.8454132080078,2307000
2016-05-09,158.1999969482422,159.85000610351562,156.7899932861328,157.50999450683594,144.6151123046875,2097900
2016-05-10,158.6699981689453,161.5,158.38999938964844,161.4199981689453,148.2050018310547,2379600
2016-05-11,161.36000061035156,162.52999877929688,159.27999877929688,159.4199981689453,146.36874389648438,2096900
2016-05-12,160.32000732421875,161.47000122070312,157.30999755859375,158.07000732421875,145.12930297851562,2448100
2016-05-13,157.8800048828125,159.72000122070312,155.25999450683594,155.33999633789062,142.6227569580078,2550100
2016-05-16,155.33999633789062,156.89999389648438,154.60000610351562,155.3800048828125,142.65951538085938,3177700
2016-05-17,154.74000549316406,157.11000061035156,153.77000427246094,154.64999389648438,141.98922729492188,2701500
2016-05-18,154.80999755859375,160.0,154.64999389648438,159.94000244140625,146.84619140625,3653300
2016-05-19,158.67999267578125,159.9499969482422,154.52000427246094,154.6999969482422,142.03514099121094,4712000
2016-05-20,155.75999450683594,156.41000366210938,153.9199981689453,154.50999450683594,141.86073303222656,3247800
2016-05-23,154.44000244140625,156.08999633789062,153.74000549316406,155.4499969482422,142.7237548828125,2767600
2016-05-24,156.6699981689453,158.5500030517578,156.44000244140625,157.58999633789062,144.68853759765625,3038800
2016-05-25,158.05999755859375,162.2899932861328,158.02999877929688,161.25,148.04891967773438,3259900
2016-05-26,161.16000366210938,161.3300018310547,159.1699981689453,159.22000122070312,146.18516540527344,2576100
2016-05-27,158.6999969482422,160.39999389648438,158.32000732421875,159.52999877929688,147.0701446533203,2157000
2016-05-31,160.39999389648438,161.64999389648438,158.5500030517578,159.47999572753906,147.02403259277344,2916100
2016-06-01,157.89999389648438,160.5500030517578,156.0,159.97000122070312,147.4757843017578,2581600
2016-06-02,160.13999938964844,160.3300018310547,158.4600067138672,159.27999877929688,146.8396453857422,2257100
2016-06-03,155.86000061035156,156.5399932861328,153.86000061035156,155.6699981689453,143.51161193847656,4329300
2016-06-06,156.25,157.91000366210938,155.77000427246094,157.05999755859375,144.79302978515625,2540400
2016-06-07,157.1999969482422,157.47000122070312,155.1699981689453,155.1699981689453,143.05067443847656,2489700
2016-06-08,155.1999969482422,156.5800018310547,153.91000366210938,154.63999938964844,142.56207275390625,2426800
2016-06-09,153.7899932861328,154.2899932861328,152.4600067138672,153.1699981689453,141.20687866210938,2711700
2016-06-10,151.35000610351562,151.66000366210938,149.57000732421875,149.88999938964844,138.18304443359375,4335700
2016-06-13,149.0,151.32000732421875,148.58999633789062,148.6300048828125,137.02145385742188,3385800
2016-06-14,148.22000122070312,149.0500030517578,145.4499969482422,146.19000244140625,134.77203369140625,5069600
2016-06-15,147.16000366210938,148.6999969482422,145.89999389648438,146.16000366210938,134.74440002441406,2981400
2016-06-16,145.0,146.99000549316406,143.52999877929688,146.6300048828125,135.17767333984375,3499200
2016-06-17,146.6300048828125,148.22999572753906,145.4600067138672,145.63999938964844,134.26498413085938,4296500
2016-06-20,148.5,150.5,147.5800018310547,147.75,136.21022033691406,3338900
2016-06-21,148.5,148.8300018310547,147.1199951171875,148.35000610351562,136.76333618164062,2424600
2016-06-22,148.00999450683594,150.1199951171875,147.99000549316406,148.13999938964844,136.56973266601562,2487600
2016-06-23,150.55999755859375,152.8000030517578,150.13999938964844,152.66000366210938,140.7366943359375,2940500
2016-06-24,143.02999877929688,146.4199981689453,140.9199981689453,141.86000061035156,130.7802276611328,9442200
2016-06-27,140.07000732421875,141.22999572753906,138.1999969482422,139.50999450683594,128.61375427246094,7381000
2016-06-28,142.2100067138672,142.6199951171875,139.82000732421875,142.41000366210938,131.2872772216797,5041500
2016-06-29,143.60000610351562,145.5500030517578,142.92999267578125,145.5,134.13595581054688,3804100
2016-06-30,146.6699981689453,148.8800048828125,145.3699951171875,148.5800018310547,136.97535705566406,4528600
2016-07-01,148.49000549316406,150.6999969482422,148.07000732421875,148.25,136.67112731933594,3096800
2016-07-05,146.72000122070312,146.94000244140625,143.3300018310547,144.4499969482422,133.16790771484375,3943000
2016-07-06,142.94000244140625,145.94000244140625,142.6199951171875,145.5800018310547,134.2096405029297,2941800
2016-07-07,146.0,148.08999633789062,145.36000061035156,147.0,135.518798828125,2578300
2016-07-08,149.36000061035156,150.9199981689453,148.30999755859375,150.3800048828125,138.63478088378906,3281400
2016-07-11,151.49000549316406,152.97999572753906,151.3800048828125,152.19000244140625,140.30345153808594,3041600
2016-07-12,154.0,157.25,153.9199981689453,156.9199981689453,144.6639404296875,5110800
2016-07-13,157.0,158.27000427246094,156.14999389648438,157.9199981689453,145.58587646484375,4276400
2016-07-14,160.2899932861328,163.24000549316406,160.00999450683594,162.5399932861328,149.8450469970703,5087700
2016-07-15,162.86000061035156,163.13999938964844,160.6999969482422,161.63999938964844,149.01535034179688,3078400
2016-07-18,162.36000061035156,164.08999633789062,162.00999450683594,163.3300018310547,150.57337951660156,4734500
2016-07-19,162.02000427246094,164.0800018310547,160.72999572753906,161.41000366210938,148.80331420898438,5399700
2016-07-20,162.5500030517578,162.88999938964844,159.22000122070312,161.77000427246094,149.13519287109375,3547800
2016-07-21,161.7100067138672,161.89999389648438,159.77000427246094,160.0500030517578,147.54949951171875,2855500
2016-07-22,160.2899932861328,160.72999572753906,159.86000061035156,160.41000366210938,147.8814239501953,1811700
2016-07-25,159.63999938964844,161.3300018310547,159.61000061035156,160.50999450683594,147.97361755371094,1956100
2016-07-26,160.67999267578125,161.5,159.4199981689453,161.16000366210938,148.57284545898438,2150100
2016-07-27,161.1999969482422,162.1699981689453,160.41000366210938,160.99000549316406,148.41612243652344,2317200
2016-07-28,160.17999267578125,160.9600067138672,158.83999633789062,160.52999877929688,147.99205017089844,2047400
2016-07-29,159.50999450683594,160.19000244140625,158.64999389648438,158.80999755859375,146.40638732910156,2388200
2016-08-01,158.80999755859375,159.9199981689453,157.92999267578125,158.17999267578125,145.82557678222656,2316300
2016-08-02,157.64999389648438,158.4600067138672,155.3699951171875,156.05999755859375,143.87115478515625,3182800
2016-08-03,156.4499969482422,158.9499969482422,156.17999267578125,158.33999633789062,145.97305297851562,2284700
2016-08-04,158.22000122070312,158.89999389648438,157.41000366210938,158.0500030517578,145.7057342529297,2005700
2016-08-05,159.75,162.1300048828125,159.1999969482422,162.08999633789062,149.4302215576172,2676100
2016-08-08,162.10000610351562,163.97999572753906,162.00999450683594,162.8300018310547,150.1123809814453,2266600
2016-08-09,162.5,164.5800018310547,162.5,163.44000244140625,150.6747589111328,1957400
2016-08-10,163.4499969482422,163.60000610351562,162.00999450683594,162.19000244140625,149.52243041992188,1656100
2016-08-11,162.1999969482422,164.25,161.92999267578125,163.86000061035156,151.06195068359375,1827700
2016-08-12,162.6699981689453,163.3699951171875,162.07000732421875,163.25,150.49960327148438,1440800
2016-08-15,163.8699951171875,165.83999633789062,163.8000030517578,165.5500030517578,152.61996459960938,2222200
2016-08-16,164.99000549316406,166.75999450683594,164.72000122070312,165.64999389648438,152.71214294433594,2523800
2016-08-17,165.94000244140625,166.32000732421875,164.74000549316406,165.6699981689453,152.73057556152344,2061700
2016-08-18,165.33999633789062,166.55999755859375,164.6300048828125,166.05999755859375,153.09011840820312,1750500
2016-08-19,165.36000061035156,166.89999389648438,164.5,166.22999572753906,153.24684143066406,1840900
2016-08-22,166.0,166.91000366210938,164.88999938964844,166.25999450683594,153.27452087402344,1448100
2016-08-23,167.0,167.85000610351562,165.97999572753906,166.0800018310547,153.10858154296875,1965500
2016-08-24,165.77999877929688,166.6999969482422,164.85000610351562,165.3000030517578,152.38949584960938,2035300
2016-08-25,165.0800018310547,166.0399932861328,164.61000061035156,165.89999389648438,152.94261169433594,1441400
2016-08-26,166.75999450683594,168.07000732421875,165.36000061035156,165.97000122070312,153.00717163085938,2402200
2016-08-29,166.60000610351562,167.86000061035156,166.14999389648438,166.8699951171875,153.83685302734375,2620900
2016-08-30,166.22000122070312,169.50999450683594,166.22000122070312,169.3699951171875,156.75213623046875,2934100
2016-08-31,169.25,170.24000549316406,167.47000122070312,169.4600067138672,156.83544921875,3688200
2016-09-01,170.0,170.07000732421875,166.66000366210938,168.50999450683594,155.95623779296875,2843300
2016-09-02,168.52000427246094,169.74000549316406,167.89999389648438,169.17999267578125,156.5763397216797,1747500
2016-09-06,168.72000122070312,169.7899932861328,167.47000122070312,169.3300018310547,156.7151641845703,2034900
2016-09-07,168.6999969482422,170.2100067138672,168.64999389648438,169.6699981689453,157.0298309326172,1584300
2016-09-08,169.35000610351562,171.8800048828125,168.7100067138672,171.66000366210938,158.87161254882812,3031600
2016-09-09,170.8300018310547,172.4199981689453,168.50999450683594,168.57000732421875,156.01182556152344,3411800
2016-09-12,167.00999450683594,171.6699981689453,166.22999572753906,171.05999755859375,158.31626892089844,2647900
2016-09-13,168.5399932861328,169.97000122070312,166.3800048828125,167.0,154.55873107910156,2788200
2016-09-14,167.0,167.86000061035156,165.58999633789062,166.16000366210938,153.78135681152344,1995900
2016-09-15,165.77999877929688,168.75999450683594,165.75999450683594,168.0800018310547,155.5582733154297,1645200
2016-09-16,167.85000610351562,168.0500030517578,165.61000061035156,166.0,153.6332550048828,4534900
2016-09-19,167.33999633789062,168.30999755859375,165.67999267578125,166.2100067138672,153.82762145996094,2030700
2016-09-20,167.67999267578125,168.27999877929688,166.38999938964844,166.47000122070312,154.06822204589844,1532900
2016-09-21,167.4199981689453,168.27999877929688,165.92999267578125,167.02999877929688,154.5865020751953,2333600
2016-09-22,168.4499969482422,169.3300018310547,167.6999969482422,168.02000427246094,155.50277709960938,2467700
2016-09-23,167.75,168.10000610351562,165.0500030517578,165.1300048828125,152.82806396484375,3421200
2016-09-26,163.8300018310547,163.97000122070312,161.0,161.47999572753906,149.4499969482422,2772200
2016-09-27,160.72000122070312,163.4499969482422,159.82000732421875,162.88999938964844,150.75494384765625,2602700
2016-09-28,163.33999633789062,163.7899932861328,161.67999267578125,163.4499969482422,151.27317810058594,1678100
2016-09-29,163.3800048828125,163.9600067138672,157.77000427246094,158.9499969482422,147.10845947265625,3733800
2016-09-30,159.9499969482422,162.41000366210938,157.8000030517578,161.27000427246094,149.25563049316406,4497200
2016-10-03,160.5,161.72000122070312,160.25,161.07000732421875,149.07054138183594,2444700
2016-10-04,161.24000549316406,164.14999389648438,161.22999572753906,162.27000427246094,150.1811065673828,2469900
2016-10-05,163.32000732421875,166.57000732421875,163.00999450683594,166.39999389648438,154.00341796875,2548200
2016-10-06,167.17999267578125,167.2899932861328,164.82000732421875,167.14999389648438,154.69757080078125,2858000
2016-10-07,167.5,169.97999572753906,166.24000549316406,169.8300018310547,157.17791748046875,3390200
2016-10-10,170.52000427246094,171.75,170.10000610351562,171.0399932861328,158.29776000976562,2532000
2016-10-11,169.83999633789062,170.8699951171875,167.91000366210938,169.0399932861328,156.44677734375,2680000
2016-10-12,169.0399932861328,169.99000549316406,168.3000030517578,169.3000030517578,156.68739318847656,2404000
2016-10-13,167.60000610351562,167.6300048828125,165.50999450683594,167.4199981689453,154.94747924804688,2713700
2016-10-14,171.60000610351562,172.9499969482422,169.11000061035156,170.52000427246094,157.8165283203125,5282300
2016-10-17,170.5,171.27000427246094,168.4499969482422,169.0,156.4097442626953,3061400
2016-10-18,172.00999450683594,173.47000122070312,171.10000610351562,172.6300048828125,159.76934814453125,4482500
2016-10-19,173.3699951171875,175.67999267578125,173.17999267578125,174.50999450683594,161.50927734375,3676000
2016-10-20,174.0,175.7899932861328,173.8000030517578,174.50999450683594,161.50927734375,2471100
2016-10-21,172.83999633789062,174.89999389648438,172.50999450683594,174.6699981689453,161.65733337402344,2004400
2016-10-24,175.5,175.7899932861328,174.35000610351562,175.1199951171875,162.0738067626953,1943200
2016-10-25,175.0399932861328,175.9600067138672,174.63999938964844,175.5500030517578,162.47178649902344,2423300
2016-10-26,174.7899932861328,177.89999389648438,173.92999267578125,177.07000732421875,163.87852478027344,2533800
2016-10-27,178.19000244140625,178.85000610351562,176.57000732421875,177.75,164.5078887939453,3021900
2016-10-28,178.50999450683594,178.50999450683594,175.4600067138672,177.13999938964844,163.94332885742188,2042800
2016-10-31,177.67999267578125,178.5,177.22999572753906,178.24000549316406,164.96139526367188,1828200
2016-11-01,179.0,179.17999267578125,176.61000061035156,178.05999755859375,164.79476928710938,2900600
2016-11-02,177.07000732421875,177.5,176.07000732421875,176.5800018310547,163.42503356933594,2104800
2016-11-03,176.77000427246094,177.97000122070312,176.2100067138672,176.2100067138672,163.08261108398438,1972700
2016-11-04,176.3300018310547,177.33999633789062,174.72999572753906,175.9199981689453,162.81422424316406,1846500
2016-11-07,179.0,181.5,179.0,181.47999572753906,167.96002197265625,3338800
2016-11-08,180.11000061035156,182.67999267578125,178.4600067138672,181.9199981689453,168.36721801757812,2646200
2016-11-09,185.0,193.5399932861328,183.4499969482422,192.6300048828125,178.2793426513672,7823800
2016-11-10,194.52999877929688,204.6699981689453,194.0,200.8699951171875,185.9054718017578,11345400
2016-11-11,198.25,205.0,198.25,203.94000244140625,188.74676513671875,6290200
2016-11-14,204.14999389648438,211.77000427246094,204.14999389648438,209.17999267578125,193.59637451171875,8248100
2016-11-15,206.55999755859375,211.1999969482422,205.1699981689453,211.19000244140625,195.45668029785156,4893800
2016-11-16,207.35000610351562,208.0800018310547,204.8300018310547,206.25999450683594,190.89390563964844,5276200
2016-11-17,206.25999450683594,209.69000244140625,205.6699981689453,209.6300048828125,194.01287841796875,3572400
2016-11-18,209.8699951171875,212.07000732421875,209.72000122070312,210.35000610351562,194.67922973632812,4278200
2016-11-21,211.4600067138672,211.69000244140625,209.17999267578125,211.0800018310547,195.35487365722656,2860200
2016-11-22,211.36000061035156,211.9499969482422,209.88999938964844,211.11000061035156,195.3826141357422,2945700
2016-11-23,211.5,213.41000366210938,209.3699951171875,212.30999755859375,196.4932098388672,3717400
2016-11-25,211.36000061035156,212.75,211.0,211.3800048828125,195.6324920654297,1974000
2016-11-28,210.0,211.75999450683594,209.60000610351562,210.35000610351562,194.67922973632812,3297400
2016-11-29,209.99000549316406,212.9199981689453,209.9199981689453,211.75,196.5823974609375,2577600
2016-11-30,215.1999969482422,220.77000427246094,214.97000122070312,219.2899932861328,203.58229064941406,6507900
2016-12-01,220.92999267578125,227.16000366210938,220.35000610351562,226.6300048828125,210.39654541015625,7606500
2016-12-02,226.0,226.25,221.22000122070312,223.36000061035156,207.3607635498047,5297400
2016-12-05,225.52000427246094,229.1999969482422,225.24000549316406,228.5500030517578,212.1790313720703,4599300
2016-12-06,230.17999267578125,232.6699981689453,227.89999389648438,231.3800048828125,214.8063507080078,5259300
2016-12-07,230.39999389648438,236.08999633789062,230.39999389648438,235.55999755859375,218.68685913085938,6595200
2016-12-08,236.8800048828125,242.4199981689453,236.0,241.4499969482422,224.1549835205078,7343700
2016-12-09,240.61000061035156,242.0,238.8800048828125,241.85000610351562,224.52635192871094,5456000
2016-12-12,240.5,242.8300018310547,236.3699951171875,237.1699981689453,220.1815643310547,5022000
2016-12-13,239.0,240.17999267578125,235.50999450683594,238.5500030517578,221.4627227783203,4680500
2016-12-14,235.6699981689453,243.1199951171875,235.3699951171875,239.92999267578125,222.74388122558594,6172400
2016-12-15,242.49000549316406,245.57000732421875,241.6199951171875,243.0,225.59396362304688,4829700
2016-12-16,242.8000030517578,243.19000244140625,238.39999389648438,238.89999389648438,221.78761291503906,6876400
2016-12-19,238.33999633789062,239.74000549316406,236.25999450683594,239.07000732421875,221.94544982910156,3743300
2016-12-20,240.52000427246094,243.64999389648438,240.22999572753906,243.08999633789062,225.67750549316406,4487700
2016-12-21,242.24000549316406,242.39999389648438,240.0800018310547,241.44000244140625,224.1457061767578,3277800
2016-12-22,241.22999572753906,242.86000061035156,239.5500030517578,240.1199951171875,222.92025756835938,2636500
2016-12-23,239.5399932861328,241.89999389648438,238.91000366210938,240.97000122070312,223.70936584472656,2187500
2016-12-27,241.9499969482422,242.58999633789062,240.39999389648438,241.55999755859375,224.25709533691406,1998200
2016-12-28,243.69000244140625,244.5,240.44000244140625,240.64999389648438,223.41229248046875,3053000
2016-12-29,240.75,241.07000732421875,236.63999938964844,238.17999267578125,221.11923217773438,2619000
2016-12-30,238.50999450683594,240.5,237.39999389648438,239.4499969482422,222.2982635498047,2355500
2017-01-03,242.6999969482422,244.97000122070312,237.97000122070312,241.57000732421875,224.2664031982422,4384200
2017-01-04,241.44000244140625,243.32000732421875,240.02999877929688,243.1300048828125,225.71463012695312,2728700
2017-01-05,242.72000122070312,243.22999572753906,236.77999877929688,241.32000732421875,224.03428649902344,3562600
2017-01-06,242.2899932861328,246.1999969482422,241.3699951171875,244.89999389648438,227.3578643798828,3591100
2017-01-09,243.25,244.69000244140625,241.47000122070312,242.88999938964844,225.49183654785156,3022800
2017-01-10,240.8699951171875,243.44000244140625,239.0500030517578,242.57000732421875,225.1947479248047,3432900
2017-01-11,242.77000427246094,245.83999633789062,242.0,245.75999450683594,228.1562957763672,3532600
2017-01-12,245.05999755859375,245.47000122070312,241.57000732421875,243.83999633789062,226.37379455566406,4022300
2017-01-13,245.42999267578125,247.77000427246094,242.91000366210938,244.3000030517578,226.80081176757812,4186100
2017-01-17,242.94000244140625,243.05999755859375,235.61000061035156,235.74000549316406,218.85398864746094,6277200
2017-01-18,236.0,237.69000244140625,231.52000427246094,234.2899932861328,217.5078582763672,7590500
2017-01-19,234.07000732421875,234.75,230.6199951171875,231.41000366210938,214.8341522216797,4561800
2017-01-20,231.6199951171875,233.22999572753906,230.5399932861328,232.1999969482422,215.56753540039062,5211800
2017-01-23,231.86000061035156,233.75,230.75,232.6699981689453,216.00392150878906,3136200
2017-01-24,231.86000061035156,236.05999755859375,230.83999633789062,233.67999267578125,216.9415283203125,4448200
2017-01-25,235.52999877929688,237.3300018310547,234.49000549316406,237.25,220.25579833984375,3716800
2017-01-26,237.47000122070312,240.7899932861328,237.47000122070312,239.5800018310547,222.41893005371094,4195600
2017-01-27,236.89999389648438,237.97000122070312,236.00999450683594,236.9499969482422,219.97731018066406,3253100
2017-01-30,235.5800018310547,236.2899932861328,231.52000427246094,233.89999389648438,217.14576721191406,3803300
2017-01-31,232.85000610351562,234.35000610351562,228.16000366210938,229.32000732421875,212.89385986328125,5156400
2017-02-01,230.50999450683594,232.86000061035156,229.52000427246094,230.6699981689453,214.14710998535156,4024500
2017-02-02,228.50999450683594,232.3300018310547,227.0500030517578,230.41000366210938,213.90579223632812,2775700
2017-02-03,234.52000427246094,241.11000061035156,234.1999969482422,240.9499969482422,223.6907958984375,7381000
2017-02-06,239.60000610351562,243.64999389648438,239.1699981689453,239.97999572753906,222.790283203125,4639200
2017-02-07,241.14999389648438,241.44000244140625,239.38999938964844,239.6199951171875,222.4561004638672,2660200
2017-02-08,238.3000030517578,238.94000244140625,236.30999755859375,237.72999572753906,220.70144653320312,2744700
2017-02-09,237.72999572753906,243.2899932861328,237.4199981689453,241.5500030517578,224.24781799316406,3550800
2017-02-10,243.3699951171875,244.16000366210938,241.22999572753906,242.72000122070312,225.3340301513672,3072800
2017-02-13,244.49000549316406,247.47999572753906,244.49000549316406,246.27000427246094,228.62969970703125,2998200
2017-02-14,246.00999450683594,250.0,245.69000244140625,249.4600067138672,231.59120178222656,4141500
2017-02-15,250.5800018310547,251.9499969482422,248.50999450683594,250.5399932861328,232.5938720703125,4296600
2017-02-16,250.3000030517578,250.77999877929688,248.44000244140625,249.44000244140625,231.57264709472656,2286300
2017-02-17,247.50999450683594,250.55999755859375,247.11000061035156,250.3800048828125,232.44532775878906,3262300
2017-02-21,251.0,252.64999389648438,250.7100067138672,251.75999450683594,233.72647094726562,2794900
2017-02-22,250.05999755859375,252.35000610351562,250.0,251.72999572753906,233.69862365722656,2378800
2017-02-23,251.30999755859375,251.89999389648438,249.32000732421875,251.19000244140625,233.19729614257812,2594700
2017-02-24,247.6999969482422,248.8800048828125,246.10000610351562,247.35000610351562,229.63235473632812,3565400
2017-02-27,247.2100067138672,249.75999450683594,246.61000061035156,249.3300018310547,231.4705352783203,2372600
2017-02-28,248.0,249.0,245.61000061035156,248.05999755859375,230.89341735839844,3627100
2017-03-01,253.7100067138672,255.14999389648438,251.25999450683594,252.7100067138672,235.22169494628906,5218300
2017-03-02,253.52000427246094,254.24000549316406,250.97000122070312,251.05999755859375,233.68580627441406,3020000
2017-03-03,251.05999755859375,254.75,251.05999755859375,252.88999938964844,235.3892059326172,3163700
2017-03-06,252.1699981689453,252.72999572753906,250.5,252.00999450683594,234.57009887695312,2467000
2017-03-07,252.49000549316406,253.0,250.30999755859375,250.89999389648438,233.5369110107422,2497300
2017-03-08,253.6199951171875,254.77000427246094,249.61000061035156,250.24000549316406,232.92259216308594,3574400
2017-03-09,251.22000122070312,252.74000549316406,249.52000427246094,250.17999267578125,232.86671447753906,3061500
2017-03-10,251.83999633789062,251.89999389648438,246.8699951171875,248.3800048828125,231.1913299560547,3365900
2017-03-13,249.32000732421875,249.32000732421875,247.2100067138672,248.16000366210938,230.98654174804688,1801100
2017-03-14,246.80999755859375,247.8300018310547,245.41000366210938,247.72000122070312,230.5769805908203,2144200
2017-03-15,248.35000610351562,250.27999877929688,245.55999755859375,246.77999877929688,229.7020263671875,3427000
2017-03-16,247.85000610351562,250.1999969482422,247.30999755859375,248.22000122070312,231.04237365722656,2940600
2017-03-17,249.67999267578125,249.67999267578125,243.86000061035156,243.94000244140625,227.0585479736328,5438100
2017-03-20,243.32000732421875,244.92999267578125,241.52000427246094,242.13999938964844,225.38311767578125,2759100
2017-03-21,243.30999755859375,243.30999755859375,232.7899932861328,233.0,216.87564086914062,5660900
2017-03-22,231.22000122070312,232.9199981689453,229.16000366210938,231.07000732421875,215.0792694091797,6291300
2017-03-23,230.75,234.6300048828125,229.9499969482422,231.89999389648438,215.85177612304688,4770700
2017-03-24,233.0,233.6999969482422,226.97000122070312,228.41000366210938,212.60330200195312,6387300
2017-03-27,223.3000030517578,227.07000732421875,220.85000610351562,225.47999572753906,209.8760528564453,9194800
2017-03-28,225.5800018310547,229.75,225.10000610351562,229.3300018310547,213.45960998535156,4471200
2017-03-29,229.38999938964844,229.97000122070312,227.52000427246094,228.4499969482422,212.64053344726562,2636000
2017-03-30,229.47999572753906,232.0,229.3800048828125,231.22000122070312,215.2188262939453,3156800
2017-03-31,230.52999877929688,230.8000030517578,228.72999572753906,229.72000122070312,213.82264709472656,2858400
2017-04-03,230.0,230.10000610351562,225.57000732421875,228.9600067138672,213.11521911621094,3735600
2017-04-04,227.72000122070312,230.69000244140625,227.27999877929688,229.25999450683594,213.3944549560547,3042700
2017-04-05,232.14999389648438,232.88999938964844,227.30999755859375,227.66000366210938,211.90521240234375,5286900
2017-04-06,227.08999633789062,230.1199951171875,225.7100067138672,228.63999938964844,212.8173828125,2927200
2017-04-07,226.60000610351562,228.8300018310547,226.22999572753906,227.8800048828125,212.10997009277344,2853300
2017-04-10,228.0,229.7899932861328,226.9499969482422,228.88999938964844,213.05007934570312,2653900
2017-04-11,227.77999877929688,229.39999389648438,225.38999938964844,227.74000549316406,211.97967529296875,3374700
2017-04-12,227.64999389648438,228.25,225.22999572753906,225.75,210.1273651123047,2947500
2017-04-13,225.17999267578125,228.1699981689453,223.0800018310547,223.32000732421875,207.8655548095703,3653700
2017-04-17,223.89999389648438,226.8800048828125,223.02000427246094,226.25999450683594,210.60205078125,4190900
2017-04-18,219.32000732421875,219.88999938964844,213.17999267578125,215.58999633789062,200.6704864501953,12464000
2017-04-19,215.8699951171875,217.17999267578125,213.61000061035156,214.08999633789062,199.27427673339844,6428800
2017-04-20,215.5,218.97999572753906,215.0,218.05999755859375,202.9695281982422,5168200
2017-04-21,218.5500030517578,219.17999267578125,216.3800048828125,216.86000061035156,201.8525848388672,3845700
2017-04-24,221.17999267578125,224.80999755859375,220.3000030517578,223.22000122070312,207.7724609375,5353500
2017-04-25,226.1999969482422,227.97999572753906,225.14999389648438,226.6300048828125,210.94650268554688,3996900
2017-04-26,227.10000610351562,229.36000061035156,226.08999633789062,226.1999969482422,210.5462188720703,3765300
2017-04-27,226.6999969482422,226.6999969482422,223.52000427246094,225.80999755859375,210.18321228027344,2805800
2017-04-28,225.30999755859375,226.77000427246094,223.72000122070312,223.8000030517578,208.3123321533203,2936600
2017-05-01,224.89999389648438,226.38999938964844,220.92999267578125,224.85000610351562,209.28964233398438,3004800
2017-05-02,224.86000061035156,225.83999633789062,223.17999267578125,225.1199951171875,209.5409698486328,2602400
2017-05-03,224.4499969482422,226.69000244140625,224.32000732421875,226.30999755859375,210.6486053466797,3042200
2017-05-04,228.25999450683594,228.88999938964844,224.80999755859375,226.58999633789062,210.90924072265625,2935400
2017-05-05,226.8800048828125,227.47000122070312,225.3000030517578,226.8699951171875,211.16989135742188,2435800
2017-05-08,226.75,227.33999633789062,224.60000610351562,225.02999877929688,209.45718383789062,2316800
2017-05-09,225.47000122070312,226.57000732421875,222.92999267578125,223.75999450683594,208.27505493164062,2145400
2017-05-10,223.4600067138672,225.35000610351562,223.05999755859375,224.8800048828125,209.3175811767578,2630400
2017-05-11,224.35000610351562,225.08999633789062,222.14999389648438,224.75999450683594,209.20590209960938,2440300
2017-05-12,223.49000549316406,224.49000549316406,222.47999572753906,222.82000732421875,207.40017700195312,2166100
2017-05-15,223.1300048828125,226.57000732421875,222.85000610351562,225.1199951171875,209.5409698486328,2468100
2017-05-16,225.44000244140625,226.82000732421875,224.41000366210938,225.60000610351562,209.98773193359375,1710700
2017-05-17,225.60000610351562,225.60000610351562,213.1199951171875,213.72000122070312,198.92987060546875,7525700
2017-05-18,214.0,217.61000061035156,213.86000061035156,215.16000366210938,200.2702178955078,4792400
2017-05-19,214.8699951171875,217.8000030517578,214.0,215.38999938964844,200.4843292236328,3747100
2017-05-22,217.3699951171875,217.63999938964844,215.39999389648438,216.02000427246094,201.0707244873047,2506100
2017-05-23,215.97000122070312,220.7899932861328,214.66000366210938,219.63999938964844,204.44020080566406,3308800
2017-05-24,220.0,224.39999389648438,219.4499969482422,223.8300018310547,208.34022521972656,4141600
2017-05-25,224.41000366210938,225.4499969482422,222.3000030517578,222.47000122070312,207.07440185546875,2640000
2017-05-26,222.00999450683594,224.22999572753906,221.17999267578125,223.52999877929688,208.0609893798828,1787100
2017-05-30,221.8300018310547,222.44000244140625,218.00999450683594,218.4199981689453,203.9890899658203,3097800
2017-05-31,218.24000549316406,218.3000030517578,209.6199951171875,211.25999450683594,197.30210876464844,8312000
2017-06-01,212.61000061035156,215.92999267578125,210.7899932861328,215.00999450683594,200.80433654785156,4057900
2017-06-02,212.94000244140625,215.2100067138672,211.91000366210938,213.30999755859375,199.2167205810547,3692000
2017-06-05,213.0800018310547,215.80999755859375,212.67999267578125,213.99000549316406,199.85174560546875,2696600
2017-06-06,212.50999450683594,216.02000427246094,212.47999572753906,214.52999877929688,200.35609436035156,2891300
2017-06-07,215.3699951171875,217.22999572753906,214.30999755859375,215.77999877929688,201.5234832763672,2679400
2017-06-08,215.77999877929688,221.0,214.6300048828125,218.75999450683594,204.30662536621094,3765600
2017-06-09,220.8300018310547,223.85000610351562,219.75,222.44000244140625,207.7434539794922,4455400
2017-06-12,223.6300048828125,225.22999572753906,221.91000366210938,221.91000366210938,207.24850463867188,3388200
2017-06-13,223.35000610351562,226.8000030517578,222.77000427246094,224.1999969482422,209.38720703125,2767800
2017-06-14,222.99000549316406,226.94000244140625,221.75999450683594,226.50999450683594,211.5445556640625,3652900
2017-06-15,224.80999755859375,226.35000610351562,222.8000030517578,223.22999572753906,208.48130798339844,3378900
2017-06-16,222.64999389648438,223.6699981689453,221.1300048828125,221.80999755859375,207.15509033203125,3758300
2017-06-19,223.42999267578125,227.0399932861328,223.11000061035156,226.1300048828125,211.18968200683594,2900900
2017-06-20,225.50999450683594,226.5399932861328,224.19000244140625,225.10000610351562,210.22772216796875,2264200
2017-06-21,224.5399932861328,224.92999267578125,221.92999267578125,222.49000549316406,207.79019165039062,3015300
2017-06-22,221.44000244140625,221.89999389648438,219.2899932861328,219.77000427246094,205.24990844726562,3344600
2017-06-23,220.5,220.69000244140625,216.4600067138672,217.19000244140625,202.84033203125,4448700
2017-06-26,218.25999450683594,221.97000122070312,217.6999969482422,220.44000244140625,205.87559509277344,2589500
2017-06-27,221.83999633789062,222.41000366210938,219.55999755859375,220.27999877929688,205.72618103027344,2899400
2017-06-28,221.8699951171875,224.6300048828125,220.75,223.22000122070312,208.471923828125,3482800
2017-06-29,228.3699951171875,228.7899932861328,223.02999877929688,224.41000366210938,209.58334350585938,5063400
2017-06-30,225.30999755859375,226.0500030517578,221.5399932861328,221.89999389648438,207.23915100097656,3154300
2017-07-03,224.4600067138672,229.07000732421875,223.4199981689453,227.27999877929688,212.26370239257812,2846600
2017-07-05,228.3800048828125,228.9199981689453,225.2100067138672,228.0399932861328,212.97344970703125,2772000
2017-07-06,227.97000122070312,230.05999755859375,225.25,226.69000244140625,211.71266174316406,3076600
2017-07-07,228.22999572753906,228.49000549316406,224.4199981689453,225.27999877929688,210.39585876464844,2697600
2017-07-10,224.27000427246094,227.33999633789062,223.9600067138672,225.83999633789062,210.9188232421875,2357500
2017-07-11,226.0399932861328,227.9499969482422,224.6699981689453,226.9499969482422,211.9554901123047,2742900
2017-07-12,226.39999389648438,229.02000427246094,226.07000732421875,227.38999938964844,212.36639404296875,2567300
2017-07-13,227.38999938964844,230.63999938964844,226.9499969482422,230.39999389648438,215.17755126953125,2852600
2017-07-14,227.22000122070312,229.61000061035156,225.10000610351562,228.60000610351562,213.49649047851562,3703600
2017-07-17,228.72999572753906,229.63999938964844,227.2100067138672,229.25999450683594,214.11288452148438,2551800
2017-07-18,227.5,230.36000061035156,222.75999450683594,223.30999755859375,208.55599975585938,6400700
2017-07-19,222.91000366210938,224.1999969482422,221.6699981689453,222.8699951171875,208.1450653076172,4884600
2017-07-20,223.0,224.75999450683594,221.61000061035156,222.3000030517578,207.61273193359375,3497800
2017-07-21,221.88999938964844,222.30999755859375,219.08999633789062,220.17999267578125,205.63279724121094,3446600
2017-07-24,218.94000244140625,219.72999572753906,218.0,218.17999267578125,203.7649383544922,3123100
2017-07-25,220.33999633789062,222.8699951171875,220.17999267578125,221.5800018310547,206.9403076171875,3509500
2017-07-26,222.4499969482422,223.74000549316406,221.8699951171875,222.25,207.56597900390625,2792500
2017-07-27,221.83999633789062,222.7100067138672,220.42999267578125,221.47999572753906,206.84689331054688,2812500
2017-07-28,221.77000427246094,223.6699981689453,220.86000061035156,223.61000061035156,208.836181640625,2483200
2017-07-31,223.9499969482422,225.5,223.0500030517578,225.3300018310547,210.44253540039062,1994900
2017-08-01,227.08999633789062,228.6199951171875,226.72999572753906,227.0,212.002197265625,2986800
2017-08-02,226.39999389648438,227.72999572753906,225.57000732421875,226.27000427246094,211.32040405273438,1863300
2017-08-03,226.0,226.74000549316406,223.97000122070312,223.99000549316406,209.1910858154297,2106400
2017-08-04,226.0500030517578,229.7899932861328,225.05999755859375,229.7899932861328,214.60784912109375,3400300
2017-08-07,229.8000030517578,233.1300048828125,229.2899932861328,232.9199981689453,217.5310516357422,3809800
2017-08-08,232.39999389648438,235.8300018310547,231.6999969482422,232.0500030517578,216.7185516357422,3322500
2017-08-09,230.32000732421875,231.49000549316406,229.05999755859375,231.00999450683594,215.7472686767578,2571100
2017-08-10,229.02000427246094,229.4499969482422,225.47000122070312,225.5,210.60133361816406,3325500
2017-08-11,225.07000732421875,226.67999267578125,222.64999389648438,224.14999389648438,209.34048461914062,2956600
2017-08-14,226.3699951171875,229.8300018310547,226.3000030517578,227.36000061035156,212.33840942382812,2266100
2017-08-15,229.57000732421875,230.61000061035156,227.5,227.58999633789062,212.55320739746094,1867000
2017-08-16,228.25999450683594,229.00999450683594,225.0,225.61000061035156,210.7040252685547,2393900
2017-08-17,224.3800048828125,225.97999572753906,221.11000061035156,221.4199981689453,206.7908477783203,3460300
2017-08-18,220.7899932861328,224.08999633789062,220.5500030517578,222.14999389648438,207.4726104736328,3149300
2017-08-21,222.39999389648438,222.39999389648438,219.2100067138672,220.7899932861328,206.20248413085938,2203300
2017-08-22,221.86000061035156,223.77999877929688,221.3300018310547,223.5800018310547,208.80813598632812,2021300
2017-08-23,221.89999389648438,224.80999755859375,221.3300018310547,222.74000549316406,208.0236358642578,2568000
2017-08-24,223.77000427246094,224.57000732421875,222.58999633789062,222.99000549316406,208.2571563720703,2263000
2017-08-25,223.63999938964844,224.9499969482422,222.1300048828125,222.47000122070312,207.77149963378906,2232500
2017-08-28,222.91000366210938,223.08999633789062,218.86000061035156,220.35000610351562,205.7915802001953,2641600
2017-08-29,217.27000427246094,220.1300048828125,215.75,219.9600067138672,206.12892150878906,2369100
2017-08-30,220.25,224.22000122070312,220.08999633789062,222.4199981689453,208.43421936035156,2411400
2017-08-31,223.25,224.49000549316406,222.5800018310547,223.74000549316406,209.6712646484375,2240600
2017-09-01,224.5500030517578,227.55999755859375,223.52999877929688,225.8800048828125,211.67666625976562,2346900
2017-09-05,223.85000610351562,224.0,217.3000030517578,217.77999877929688,204.08599853515625,5646200
2017-09-06,218.97999572753906,221.02000427246094,217.61000061035156,218.8300018310547,205.06997680664062,3613600
2017-09-07,218.72999572753906,218.80999755859375,214.63999938964844,215.83999633789062,202.2679443359375,3594600
2017-09-08,215.50999450683594,219.27999877929688,215.39999389648438,217.2100067138672,203.5518341064453,3120900
2017-09-11,220.07000732421875,221.88999938964844,218.99000549316406,221.05999755859375,207.15972900390625,2971500
2017-09-12,222.5399932861328,227.69000244140625,222.02000427246094,225.9499969482422,211.7422637939453,3745800
2017-09-13,225.25,227.13999938964844,224.72000122070312,226.55999755859375,212.31390380859375,2383500
2017-09-14,226.10000610351562,228.10000610351562,226.0500030517578,226.85000610351562,212.58567810058594,1986600
2017-09-15,227.14999389648438,227.2100067138672,223.82000732421875,225.22000122070312,211.05816650390625,4365800
2017-09-18,226.3000030517578,229.0,225.66000366210938,227.52999877929688,213.22293090820312,2466800
2017-09-19,228.00999450683594,230.13999938964844,227.3300018310547,228.91000366210938,214.51612854003906,1858000
2017-09-20,229.5,231.64999389648438,228.5,229.7899932861328,215.34080505371094,2682300
2017-09-21,229.88999938964844,232.10000610351562,229.39999389648438,231.2899932861328,216.74649047851562,1800800
2017-09-22,230.63999938964844,231.49000549316406,228.8800048828125,231.02999877929688,216.50282287597656,1861800
2017-09-25,230.77000427246094,231.86000061035156,228.36000061035156,230.25999450683594,215.78125,2261800
2017-09-26,230.86000061035156,231.44000244140625,229.02999877929688,229.94000244140625,215.4813690185547,1770000
2017-09-27,234.07000732421875,235.60000610351562,232.91000366210938,234.75999450683594,219.99830627441406,3072100
2017-09-28,235.0,236.1999969482422,233.5,235.47000122070312,220.6636505126953,2121800
2017-09-29,235.00999450683594,237.60000610351562,234.57000732421875,237.19000244140625,222.2755126953125,1902300
2017-10-02,237.1999969482422,241.10000610351562,237.10000610351562,240.64999389648438,225.51792907714844,2501300
2017-10-03,241.07000732421875,242.7100067138672,239.69000244140625,241.6199951171875,226.42691040039062,2010800
2017-10-04,241.6199951171875,242.8800048828125,240.1199951171875,240.30999755859375,225.19931030273438,1840400
2017-10-05,241.0,246.32000732421875,240.1199951171875,246.05999755859375,230.58775329589844,3521300
2017-10-06,246.3000030517578,247.0800018310547,244.61000061035156,246.02000427246094,230.55027770996094,2396100
2017-10-09,245.14999389648438,246.35000610351562,242.02000427246094,242.8000030517578,227.53274536132812,2165200
2017-10-10,242.8000030517578,243.72999572753906,241.6999969482422,242.60000610351562,227.34530639648438,2187100
2017-10-11,242.0,243.1999969482422,241.35000610351562,242.39999389648438,227.15789794921875,2175700
2017-10-12,242.3300018310547,243.4199981689453,238.75,239.8000030517578,224.7213897705078,2148200
2017-10-13,239.0,239.4499969482422,236.83999633789062,238.52999877929688,223.53123474121094,2491000
2017-10-16,238.60000610351562,242.75999450683594,238.35000610351562,242.41000366210938,227.16726684570312,2969200
2017-10-17,244.44000244140625,244.88999938964844,235.19000244140625,236.08999633789062,221.24465942382812,7088400
2017-10-18,236.8699951171875,242.64999389648438,236.8699951171875,242.02999877929688,226.81117248535156,4235900
2017-10-19,240.35000610351562,240.99000549316406,238.10000610351562,239.99000549316406,224.8994598388672,2710900
2017-10-20,242.9499969482422,245.25,240.6699981689453,244.72999572753906,229.3413848876953,3022800
2017-10-23,244.38999938964844,245.3300018310547,241.3800048828125,242.1300048828125,226.9048614501953,1963300
2017-10-24,243.60000610351562,246.25,243.0,244.83999633789062,229.44448852539062,2285300
2017-10-25,246.16000366210938,246.5,240.8000030517578,241.7100067138672,226.5112762451172,2904300
2017-10-26,242.61000061035156,244.0,241.52999877929688,241.72000122070312,226.52066040039062,1948800
2017-10-27,240.85000610351562,242.44000244140625,239.6699981689453,241.7100067138672,226.5112762451172,2111500
2017-10-30,240.10000610351562,242.58999633789062,239.52999877929688,240.88999938964844,225.74282836914062,1764400
2017-10-31,240.67999267578125,244.17999267578125,240.6300048828125,242.47999572753906,227.2328643798828,2658700
2017-11-01,243.88999938964844,247.39999389648438,242.91000366210938,244.25999450683594,228.90090942382812,2969600
2017-11-02,244.69000244140625,247.74000549316406,243.3800048828125,246.8800048828125,231.356201171875,2509100
2017-11-03,245.3699951171875,246.27999877929688,243.19000244140625,244.39999389648438,229.03211975097656,1954600
2017-11-06,243.5,244.5800018310547,241.6699981689453,243.49000549316406,228.17938232421875,1744800
2017-11-07,243.91000366210938,244.97999572753906,238.83999633789062,239.80999755859375,224.73074340820312,2483900
2017-11-08,239.1999969482422,242.32000732421875,237.5500030517578,241.25,226.0802001953125,2349800
2017-11-09,239.50999450683594,242.3699951171875,237.83999633789062,240.7899932861328,225.64913940429688,2122400
2017-11-10,241.69000244140625,243.32000732421875,240.0,240.14999389648438,225.0493621826172,1845600
2017-11-13,237.97000122070312,240.89999389648438,237.16000366210938,240.27000427246094,225.1618194580078,1953900
2017-11-14,239.64999389648438,240.8800048828125,235.6300048828125,237.24000549316406,222.3223876953125,3000200
2017-11-15,234.97000122070312,238.14999389648438,233.5500030517578,237.61000061035156,222.66909790039062,2564100
2017-11-16,238.3800048828125,240.69000244140625,238.1999969482422,239.3699951171875,224.3184051513672,2304300
2017-11-17,238.86000061035156,239.0800018310547,237.1199951171875,238.02000427246094,223.0532989501953,2826400
2017-11-20,238.77999877929688,238.77999877929688,237.11000061035156,238.1300048828125,223.15638732910156,2000700
2017-11-21,239.41000366210938,239.58999633789062,237.5399932861328,238.02000427246094,223.0532989501953,2223800
2017-11-22,237.94000244140625,238.9499969482422,236.36000061035156,236.42999267578125,221.56324768066406,2177200
2017-11-24,237.4199981689453,238.55999755859375,235.5500030517578,235.9499969482422,221.11346435546875,1268500
2017-11-27,235.75,236.8800048828125,234.8000030517578,235.11000061035156,220.3262939453125,1999600
2017-11-28,236.08999633789062,240.0,234.3300018310547,239.41000366210938,224.3558807373047,3212900
2017-11-29,241.25,244.47000122070312,240.39999389648438,241.36000061035156,226.89407348632812,4500000
2017-11-30,244.07000732421875,250.7899932861328,244.0,247.63999938964844,232.7976837158203,6364600
2017-12-01,249.77999877929688,250.67999267578125,244.00999450683594,248.9499969482422,234.02919006347656,4765400
2017-12-04,254.88999938964844,254.89999389648438,250.00999450683594,250.64999389648438,235.6272735595703,3326100
2017-12-05,250.8000030517578,251.35000610351562,247.41000366210938,248.3300018310547,233.44631958007812,2526800
2017-12-06,246.24000549316406,248.0800018310547,245.1300048828125,245.9499969482422,231.20896911621094,2331400
2017-12-07,244.6199951171875,249.47999572753906,244.39999389648438,248.55999755859375,233.66253662109375,2667000
2017-12-08,250.5,250.67999267578125,247.1999969482422,250.35000610351562,235.3452911376953,1959100
2017-12-11,250.0,251.39999389648438,248.75999450683594,250.1300048828125,235.1384735107422,1494200
2017-12-12,250.80999755859375,258.20001220703125,250.69000244140625,257.67999267578125,242.23594665527344,3464200
2017-12-13,257.80999755859375,260.5,255.55999755859375,255.55999755859375,240.2429962158203,3482300
2017-12-14,257.1300048828125,259.54998779296875,255.47999572753906,255.47999572753906,240.1678009033203,3353200
2017-12-15,256.70001220703125,258.9700012207031,254.75999450683594,257.1700134277344,241.75653076171875,5283400
2017-12-18,260.0,262.0,259.1600036621094,260.0199890136719,244.43563842773438,2575600
2017-12-19,261.6000061035156,261.79998779296875,256.17999267578125,256.4800109863281,241.1078643798828,2195500
2017-12-20,258.8699951171875,259.0899963378906,254.5500030517578,255.17999267578125,239.8857879638672,2052400
2017-12-21,256.6099853515625,262.0899963378906,256.2799987792969,261.010009765625,245.36639404296875,3337800
2017-12-22,261.6600036621094,262.1400146484375,257.7200012207031,258.9700012207031,243.4486083984375,2100600
2017-12-26,258.19000244140625,259.20001220703125,256.0,257.7200012207031,242.27349853515625,1289300
2017-12-27,257.9800109863281,257.9800109863281,255.52000427246094,255.9499969482422,240.60960388183594,1567900
2017-12-28,256.9800109863281,257.0,255.10000610351562,256.5,241.12667846679688,1301000
2017-12-29,255.8699951171875,256.6499938964844,252.91000366210938,254.75999450683594,239.49095153808594,2519300
2018-01-02,257.7699890136719,257.9100036621094,253.9199981689453,255.6699981689453,240.34640502929688,2258300
2018-01-03,255.47999572753906,256.1400146484375,253.22000122070312,253.2899932861328,238.10902404785156,2988200
2018-01-04,255.22999572753906,259.7200012207031,254.32000732421875,256.8299865722656,241.43685913085938,2583200
2018-01-05,257.17999267578125,257.489990234375,253.69000244140625,255.52000427246094,240.2053985595703,2594700
2018-01-08,254.75,255.17999267578125,251.6199951171875,251.80999755859375,236.7177734375,2940500
2018-01-09,252.8000030517578,255.60000610351562,252.6199951171875,253.94000244140625,238.72012329101562,2637300
2018-01-10,255.0,255.14999389648438,252.35000610351562,254.3300018310547,239.0867156982422,2927200
2018-01-11,255.75,255.88999938964844,252.97000122070312,255.1300048828125,239.8387908935547,2422400
2018-01-12,255.75,257.29998779296875,254.08999633789062,257.0299987792969,241.6249237060547,2849200
2018-01-16,259.25,261.7699890136719,256.3999938964844,258.4599914550781,242.9691619873047,4445500
2018-01-17,260.9800109863281,262.0,248.83999633789062,253.64999389648438,238.44747924804688,8608100
2018-01-18,254.49000549316406,254.5399932861328,250.60000610351562,250.97000122070312,235.92813110351562,4984500
2018-01-19,251.0,256.1400146484375,250.25999450683594,256.1199951171875,240.76942443847656,4643400
2018-01-22,255.4499969482422,262.8699951171875,255.19000244140625,261.5199890136719,245.84579467773438,5264700
2018-01-23,258.0,260.260009765625,256.8500061035156,260.0899963378906,244.5015106201172,4003600
2018-01-24,260.739990234375,265.7799987792969,260.29998779296875,265.67999267578125,249.7564239501953,4314000
2018-01-25,266.3500061035156,270.5,265.010009765625,269.0299987792969,252.90565490722656,5055000
2018-01-26,267.489990234375,269.0,266.04998779296875,268.1400146484375,252.06907653808594,3535400
2018-01-29,269.0400085449219,273.7900085449219,268.80999755859375,272.4800109863281,256.1488952636719,3881100
2018-01-30,270.3900146484375,272.0,267.1099853515625,268.94000244140625,252.82106018066406,3970400
2018-01-31,268.54998779296875,270.0,266.3299865722656,267.8900146484375,251.83399963378906,3710200
2018-02-01,266.1499938964844,272.5899963378906,266.0,272.2300109863281,255.91387939453125,3388200
2018-02-02,270.0,271.75,259.3500061035156,260.0400085449219,244.45449829101562,5913900
2018-02-05,257.510009765625,263.29998779296875,241.5,249.11000061035156,234.17955017089844,6528500
2018-02-06,244.2100067138672,258.75,242.11000061035156,258.70001220703125,243.19480895996094,6739900
2018-02-07,255.89999389648438,261.95001220703125,255.66000366210938,257.1000061035156,241.69068908691406,4125000
2018-02-08,257.92999267578125,258.7799987792969,246.0500030517578,246.35000610351562,231.58499145507812,4166200
2018-02-09,249.6199951171875,251.6699981689453,239.2899932861328,249.3000030517578,234.3582000732422,5978600
2018-02-12,251.14999389648438,256.1499938964844,248.82000732421875,253.16000366210938,237.98683166503906,3692500
2018-02-13,252.00999450683594,256.3999938964844,250.5800018310547,255.52999877929688,240.21482849121094,2700500
2018-02-14,255.0,262.7099914550781,254.47999572753906,262.5799865722656,246.8422088623047,3793800
2018-02-15,265.760009765625,268.0,262.9100036621094,267.67999267578125,251.63656616210938,3523100
2018-02-16,265.989990234375,269.2799987792969,265.8999938964844,267.6199951171875,251.58013916015625,2602500
2018-02-20,266.8900146484375,268.8500061035156,263.30999755859375,264.8900146484375,249.01382446289062,2618400
2018-02-21,263.9200134277344,270.0,263.1300048828125,263.3999938964844,247.61309814453125,3017900
2018-02-22,264.3999938964844,266.32000732421875,260.7200012207031,261.42999267578125,245.76116943359375,2678900
2018-02-23,263.0,266.9800109863281,262.3999938964844,266.7699890136719,250.7811279296875,2507100
2018-02-26,267.5,271.7799987792969,266.7699890136719,271.260009765625,255.00198364257812,2751400
2018-02-27,271.0,273.1199951171875,267.92999267578125,267.92999267578125,251.87155151367188,3140600
2018-02-28,269.1400146484375,269.489990234375,262.57000732421875,262.92999267578125,247.8651123046875,3104300
2018-03-01,262.6099853515625,263.54998779296875,256.20001220703125,256.7799987792969,242.06748962402344,3483500
2018-03-02,255.0,259.239990234375,252.10000610351562,258.1199951171875,243.33071899414062,3122800
2018-03-05,256.4599914550781,264.54998779296875,256.239990234375,263.1199951171875,248.04420471191406,2445800
2018-03-06,264.7699890136719,267.8699951171875,263.2099914550781,266.92999267578125,251.63589477539062,2217300
2018-03-07,262.69000244140625,266.42999267578125,260.95001220703125,265.3500061035156,250.1464385986328,2509400
2018-03-08,266.4800109863281,268.1000061035156,262.6300048828125,266.3399963378906,251.07972717285156,2565400
2018-03-09,268.70001220703125,271.0899963378906,267.0400085449219,270.7699890136719,255.25588989257812,4410600
2018-03-12,271.0,275.30999755859375,270.7699890136719,273.3800048828125,257.71636962890625,3065600
2018-03-13,274.3399963378906,275.0299987792969,267.44000244140625,268.5299987792969,253.1442108154297,2288100
2018-03-14,270.3999938964844,270.7799987792969,263.9100036621094,264.42999267578125,249.2791748046875,2478700
2018-03-15,265.7200012207031,269.0,265.3500061035156,266.6099853515625,251.33425903320312,2255200
2018-03-16,266.010009765625,269.8500061035156,265.3299865722656,267.6000061035156,252.26751708984375,4114400
2018-03-19,266.989990234375,267.5,259.4700012207031,262.5299987792969,247.4879913330078,2426900
2018-03-20,263.2900085449219,264.6400146484375,261.8900146484375,263.19000244140625,248.11024475097656,1514800
2018-03-21,263.010009765625,266.489990234375,260.30999755859375,261.8500061035156,246.8470001220703,2817600
2018-03-22,258.4200134277344,260.82000732421875,252.17999267578125,252.60000610351562,238.1269989013672,4489300
2018-03-23,253.6300048828125,253.99000549316406,244.92999267578125,245.25999450683594,231.20751953125,3634200
2018-03-26,250.64999389648438,255.36000061035156,248.4499969482422,254.8800048828125,240.27635192871094,3787200
2018-03-27,255.88999938964844,257.05999755859375,245.61000061035156,247.25999450683594,233.0929412841797,2981500
2018-03-28,248.77999877929688,251.22999572753906,244.3699951171875,249.3699951171875,235.08203125,2660200
2018-03-29,250.7899932861328,252.97999572753906,248.3300018310547,251.86000061035156,237.42935180664062,3073900
2018-04-02,251.25999450683594,252.60000610351562,243.77000427246094,247.35000610351562,233.1777801513672,3429900
2018-04-03,248.61000061035156,250.88999938964844,245.89999389648438,250.5800018310547,236.22271728515625,2488200
2018-04-04,245.7100067138672,253.22000122070312,244.50999450683594,252.6199951171875,238.14585876464844,2853200
2018-04-05,254.5,258.0,253.39999389648438,255.80999755859375,241.15309143066406,1924800
2018-04-06,251.47999572753906,255.33999633789062,246.67999267578125,249.97000122070312,235.64767456054688,3621900
2018-04-09,251.47999572753906,257.5,249.1699981689453,252.19000244140625,237.74046325683594,3256700
2018-04-10,257.9599914550781,259.8900146484375,255.9499969482422,256.57000732421875,241.8695068359375,3113900
2018-04-11,252.58999633789062,254.8300018310547,249.7899932861328,252.94000244140625,238.44749450683594,3322000
2018-04-12,256.2699890136719,260.7300109863281,255.11000061035156,259.5899963378906,244.7164764404297,3059100
2018-04-13,261.94000244140625,262.5,254.5399932861328,255.9199981689453,241.25674438476562,3026200
2018-04-16,257.1300048828125,260.6600036621094,256.6600036621094,257.8800048828125,243.1044464111328,3257400
2018-04-17,261.6000061035156,262.25,252.33999633789062,253.6300048828125,239.0979766845703,10134400
2018-04-18,254.89999389648438,257.0199890136719,252.25,254.0,239.4467315673828,4524800
2018-04-19,254.0,256.1600036621094,252.8300018310547,254.1699981689453,239.60702514648438,3990000
2018-04-20,254.10000610351562,255.67999267578125,251.47999572753906,251.9600067138672,237.5236358642578,2930600
2018-04-23,251.66000366210938,252.75,246.19000244140625,246.6699981689453,232.53671264648438,3775900
2018-04-24,248.82000732421875,249.14999389648438,240.0399932861328,242.49000549316406,228.5962371826172,4705100
2018-04-25,242.19000244140625,242.4600067138672,237.50999450683594,239.22999572753906,225.5230255126953,5041400
2018-04-26,239.27000427246094,241.66000366210938,238.00999450683594,240.08999633789062,226.333740234375,2891100
2018-04-27,240.0,241.92999267578125,239.02000427246094,239.8000030517578,226.0603485107422,2136800
2018-04-30,240.97000122070312,243.07000732421875,238.22000122070312,238.3300018310547,224.67459106445312,2790500
2018-05-01,237.50999450683594,237.89999389648438,233.9600067138672,236.6699981689453,223.10968017578125,3269800
2018-05-02,236.60000610351562,237.91000366210938,233.4199981689453,234.0500030517578,220.63983154296875,3710900
2018-05-03,232.4499969482422,234.0,227.39999389648438,233.41000366210938,220.0364990234375,4511400
2018-05-04,232.30999755859375,236.7899932861328,232.27999877929688,234.94000244140625,221.47882080078125,2622300
2018-05-07,236.0,238.1699981689453,235.27999877929688,237.1999969482422,223.6093292236328,1979400
2018-05-08,238.24000549316406,240.66000366210938,236.0,237.0,223.4208221435547,3267000
2018-05-09,237.97999572753906,242.0500030517578,237.25,241.72999572753906,227.87979125976562,2434000
2018-05-10,242.11000061035156,245.4199981689453,240.16000366210938,243.44000244140625,229.4918212890625,2599000
2018-05-11,243.44000244140625,244.91000366210938,241.7100067138672,242.9199981689453,229.00160217285156,1540100
2018-05-14,243.60000610351562,245.8800048828125,243.5,243.91000366210938,229.93487548828125,1928500
2018-05-15,243.0,243.9499969482422,240.6699981689453,241.55999755859375,227.71949768066406,2165700
2018-05-16,241.27000427246094,241.83999633789062,240.58999633789062,240.9600067138672,227.15391540527344,1965200
2018-05-17,240.4199981689453,242.44000244140625,238.77999877929688,239.10000610351562,225.4004669189453,2462700
2018-05-18,238.10000610351562,238.74000549316406,236.8699951171875,237.0,223.4208221435547,2699000
2018-05-21,239.10000610351562,240.07000732421875,237.32000732421875,237.6999969482422,224.0806884765625,1951700
2018-05-22,238.6999969482422,240.6999969482422,237.97999572753906,238.0,224.36346435546875,2551500
2018-05-23,236.8800048828125,237.8699951171875,234.3800048828125,237.80999755859375,224.1844024658203,3114000
2018-05-24,236.60000610351562,237.1699981689453,233.64999389648438,236.10000610351562,222.57237243652344,2308700
2018-05-25,235.0,236.1199951171875,234.27999877929688,235.00999450683594,221.5447998046875,1985600
2018-05-29,231.52000427246094,232.47000122070312,225.02000427246094,227.02999877929688,214.02203369140625,5323600
2018-05-30,228.94000244140625,229.6699981689453,226.27999877929688,229.16000366210938,216.7939453125,3348600
2018-05-31,227.33999633789062,228.11000061035156,224.08999633789062,225.8800048828125,213.69091796875,5334900
2018-06-01,228.39999389648438,230.25,228.08999633789062,228.35000610351562,216.0276641845703,3330900
2018-06-04,230.35000610351562,231.14999389648438,228.9499969482422,229.88999938964844,217.4845428466797,2133600
2018-06-05,228.94000244140625,229.33999633789062,227.2899932861328,228.33999633789062,216.01817321777344,1986200
2018-06-06,229.85000610351562,232.5800018310547,229.36000061035156,232.22999572753906,219.69825744628906,2566400
2018-06-07,233.88999938964844,235.9199981689453,232.5399932861328,233.4499969482422,220.85243225097656,2905000
2018-06-08,233.0,234.27000427246094,232.35000610351562,233.38999938964844,220.7957000732422,2253100
2018-06-11,234.6199951171875,235.16000366210938,233.58999633789062,234.08999633789062,221.45790100097656,1936800
2018-06-12,234.1199951171875,235.22999572753906,231.86000061035156,232.6300048828125,220.07667541503906,2080000
2018-06-13,233.64999389648438,238.22999572753906,233.10000610351562,233.8300018310547,221.21192932128906,3637400
2018-06-14,235.8699951171875,235.88999938964844,232.58999633789062,233.64999389648438,221.04164123535156,2899600
2018-06-15,231.5,233.14999389648438,229.83999633789062,231.9199981689453,219.4049835205078,4738100
2018-06-18,230.1999969482422,231.6699981689453,229.14999389648438,231.38999938964844,218.90359497070312,2327500
2018-06-19,228.22000122070312,229.0399932861328,226.16000366210938,228.32000732421875,215.999267578125,3326600
2018-06-20,229.9199981689453,229.94000244140625,226.9600067138672,227.82000732421875,215.52622985839844,2678300
2018-06-21,226.38999938964844,228.42999267578125,224.57000732421875,226.97999572753906,214.73158264160156,3094600
2018-06-22,227.77999877929688,230.5,225.5800018310547,226.02000427246094,213.82339477539062,2731800
2018-06-25,224.5,225.13999938964844,220.38999938964844,221.5399932861328,209.58511352539062,3817700
2018-06-26,221.77999877929688,222.8000030517578,219.1199951171875,221.5800018310547,209.6229705810547,2692900
2018-06-27,221.47999572753906,225.47000122070312,220.13999938964844,220.17999267578125,208.29852294921875,3104200
2018-06-28,220.25,224.66000366210938,219.5800018310547,223.4199981689453,211.36366271972656,3072600
2018-06-29,224.39999389648438,225.1699981689453,220.4499969482422,220.57000732421875,208.66746520996094,3393700
2018-07-02,219.75,223.33999633789062,218.88999938964844,223.25999450683594,211.2123260498047,1723200
2018-07-03,224.4600067138672,224.63999938964844,219.99000549316406,220.3800048828125,208.4877166748047,1204400
2018-07-05,221.5,222.13999938964844,219.77999877929688,220.74000549316406,208.8282928466797,2218200
2018-07-06,220.5399932861328,223.1999969482422,219.8800048828125,221.7899932861328,209.82164001464844,1846400
2018-07-09,223.36000061035156,228.1999969482422,223.0,227.99000549316406,215.68707275390625,2743900
2018-07-10,228.0,228.8699951171875,225.85000610351562,226.85000610351562,214.60858154296875,2524800
2018-07-11,225.75999450683594,227.25,225.1999969482422,225.66000366210938,213.4827880859375,2527000
2018-07-12,227.63999938964844,227.8000030517578,225.77000427246094,227.22000122070312,214.95863342285156,2223100
2018-07-13,226.6300048828125,228.6199951171875,223.92999267578125,226.41000366210938,214.19232177734375,2541500
2018-07-16,227.1999969482422,231.44000244140625,226.74000549316406,231.44000244140625,218.950927734375,3271200
2018-07-17,231.47999572753906,233.22999572753906,226.8699951171875,231.02000427246094,218.55355834960938,9280200
2018-07-18,232.33999633789062,233.72000122070312,230.14999389648438,231.24000549316406,218.76168823242188,6149900
2018-07-19,231.11000061035156,231.99000549316406,228.97999572753906,229.6300048828125,217.23861694335938,4638500
2018-07-20,229.00999450683594,232.0500030517578,228.8000030517578,231.69000244140625,219.18740844726562,2683500
2018-07-23,231.8000030517578,234.86000061035156,231.72000122070312,233.75999450683594,221.1456756591797,2788500
2018-07-24,234.75,237.47999572753906,234.33999633789062,235.8800048828125,223.1512908935547,2887400
2018-07-25,235.00999450683594,236.85000610351562,233.9499969482422,236.69000244140625,223.91757202148438,2181500
2018-07-26,237.0,238.33999633789062,236.42999267578125,237.11000061035156,224.31492614746094,1885500
2018-07-27,237.9600067138672,238.8000030517578,235.99000549316406,237.63999938964844,224.8163299560547,1998200
2018-07-30,238.0,239.72999572753906,236.88999938964844,238.9499969482422,226.0556182861328,2454100
2018-07-31,239.5,239.5,236.5500030517578,237.42999267578125,224.61764526367188,2503700
2018-08-01,238.5,239.39999389648438,235.77999877929688,236.0399932861328,223.30264282226562,2510500
2018-08-02,233.92999267578125,235.2100067138672,232.77000427246094,233.99000549316406,221.36329650878906,2579700
2018-08-03,234.44000244140625,235.52000427246094,233.49000549316406,234.08999633789062,221.45790100097656,3053100
2018-08-06,234.13999938964844,236.97999572753906,234.02999877929688,235.92999267578125,223.19859313964844,2259600
2018-08-07,237.25,239.4600067138672,236.49000549316406,237.8300018310547,224.99607849121094,2399500
2018-08-08,238.1199951171875,239.16000366210938,236.22999572753906,236.3699951171875,223.61483764648438,2522400
2018-08-09,236.35000610351562,236.85000610351562,233.38999938964844,233.77999877929688,221.16461181640625,2951900
2018-08-10,230.97000122070312,231.4600067138672,228.11000061035156,229.61000061035156,217.21963500976562,3863400
2018-08-13,229.49000549316406,229.88999938964844,226.57000732421875,226.86000061035156,214.61805725097656,2662700
2018-08-14,227.35000610351562,230.3699951171875,227.3000030517578,229.55999755859375,217.17233276367188,2359000
2018-08-15,229.35000610351562,231.5399932861328,228.30999755859375,229.25,216.87908935546875,3218500
2018-08-16,230.6699981689453,233.2899932861328,230.4499969482422,233.0,220.4266815185547,2438300
2018-08-17,232.50999450683594,233.72000122070312,231.63999938964844,233.3800048828125,220.7862091064453,2107200
2018-08-20,234.1300048828125,235.97999572753906,234.0800018310547,235.77999877929688,223.0567169189453,2604900
2018-08-21,235.2899932861328,239.52999877929688,235.2899932861328,238.64999389648438,225.77183532714844,2437300
2018-08-22,237.88999938964844,239.6699981689453,237.5800018310547,239.33999633789062,226.4246063232422,1870900
2018-08-23,239.0500030517578,239.27999877929688,235.83999633789062,236.33999633789062,223.5864715576172,2064700
2018-08-24,237.36000061035156,237.8000030517578,234.6999969482422,235.11000061035156,222.42286682128906,1948100
2018-08-27,236.99000549316406,243.64999389648438,236.55999755859375,242.60000610351562,229.50869750976562,4106900
2018-08-28,243.05999755859375,245.0800018310547,241.58999633789062,242.3699951171875,229.29107666015625,2951000
2018-08-29,242.0500030517578,242.7899932861328,240.30999755859375,241.39999389648438,229.12973022460938,1911700
2018-08-30,240.8000030517578,241.1199951171875,238.67999267578125,239.39999389648438,227.2313690185547,1963700
2018-08-31,238.94000244140625,239.35000610351562,237.1199951171875,237.80999755859375,225.72222900390625,1965500
2018-09-04,237.75999450683594,238.1199951171875,234.58999633789062,237.66000366210938,225.5797882080078,2083500
2018-09-05,237.00999450683594,239.4499969482422,236.1699981689453,237.55999755859375,225.48489379882812,2092000
2018-09-06,237.0,238.6300048828125,233.8800048828125,234.52000427246094,222.59945678710938,2651400
2018-09-07,235.0500030517578,235.63999938964844,232.67999267578125,233.91000366210938,222.0204315185547,1952900
2018-09-10,235.00999450683594,235.5,231.74000549316406,231.91000366210938,220.1221160888672,1948100
2018-09-11,230.6699981689453,231.64999389648438,228.66000366210938,230.2100067138672,218.50852966308594,2719400
2018-09-12,230.91000366210938,231.99000549316406,227.3000030517578,228.14999389648438,216.55320739746094,3577700
2018-09-13,229.5,229.85000610351562,227.57000732421875,228.3300018310547,216.7240447998047,3003600
2018-09-14,229.0800018310547,230.5500030517578,228.75999450683594,229.24000549316406,217.5878143310547,2228300
2018-09-17,229.39999389648438,230.16000366210938,227.3000030517578,227.88999938964844,216.3064422607422,1918800
2018-09-18,228.35000610351562,229.39999389648438,226.57000732421875,228.88999938964844,217.25563049316406,2498100
2018-09-19,229.89999389648438,236.27999877929688,229.52000427246094,235.5800018310547,223.60557556152344,3716500
2018-09-20,237.0,238.50999450683594,236.02999877929688,237.39999389648438,225.33303833007812,2503000
2018-09-21,238.05999755859375,238.52000427246094,234.8300018310547,235.33999633789062,223.3777313232422,3760300
2018-09-24,234.74000549316406,235.74000549316406,232.24000549316406,232.89999389648438,221.06175231933594,2057000
2018-09-25,234.63999938964844,234.63999938964844,232.22999572753906,232.5,220.68211364746094,2003200
2018-09-26,232.9600067138672,233.0,228.24000549316406,228.8800048828125,217.24612426757812,2372700
2018-09-27,228.77000427246094,229.85000610351562,227.52000427246094,227.74000549316406,216.1640625,2451500
2018-09-28,225.75,227.39999389648438,223.8000030517578,224.24000549316406,212.8419952392578,3097800
2018-10-01,226.22000122070312,227.58999633789062,225.0,225.3300018310547,213.87657165527344,2451300
2018-10-02,225.27999877929688,226.3300018310547,223.97000122070312,226.07000732421875,214.57894897460938,2272700
2018-10-03,227.75,229.77000427246094,226.5800018310547,227.77999877929688,216.20199584960938,2573900
2018-10-04,229.25999450683594,231.39999389648438,225.38999938964844,227.47999572753906,215.91725158691406,2903600
2018-10-05,228.0,228.41000366210938,224.2100067138672,225.7100067138672,214.2372589111328,1722400
2018-10-08,224.25999450683594,226.9199981689453,222.5,225.35000610351562,213.89553833007812,2522900
2018-10-09,224.99000549316406,225.1199951171875,222.52999877929688,222.91000366210938,211.5795440673828,1862900
2018-10-10,223.24000549316406,223.63999938964844,214.55999755859375,214.88999938964844,203.96719360351562,3955500
2018-10-11,214.1999969482422,216.02999877929688,210.9499969482422,212.97000122070312,202.1448211669922,6217400
2018-10-12,217.0,217.97999572753906,211.4600067138672,213.8699951171875,202.99905395507812,4161300
2018-10-15,214.4499969482422,217.13999938964844,213.0500030517578,215.22000122070312,204.2804412841797,3333800
2018-10-16,219.35000610351562,222.0,216.3000030517578,221.6999969482422,210.43106079101562,5924200
2018-10-17,220.52999877929688,228.89999389648438,220.0500030517578,228.27999877929688,216.67662048339844,4953700
2018-10-18,227.5,228.72999572753906,223.86000061035156,224.9499969482422,213.51583862304688,2995400
2018-10-19,225.25999450683594,228.3000030517578,224.19000244140625,226.9600067138672,215.4237060546875,2759100
2018-10-22,226.92999267578125,228.8699951171875,221.52000427246094,221.60000610351562,210.33615112304688,2736800
2018-10-23,216.58999633789062,219.52000427246094,214.32000732421875,218.55999755859375,207.4506378173828,3318200
2018-10-24,218.13999938964844,218.92999267578125,208.39999389648438,209.17999267578125,198.5474395751953,4152700
2018-10-25,211.27000427246094,215.69000244140625,210.33999633789062,214.00999450683594,203.1319122314453,3179700
2018-10-26,210.72999572753906,214.8000030517578,209.52999877929688,212.36000061035156,201.56581115722656,3557900
2018-10-29,214.14999389648438,218.2100067138672,212.0500030517578,214.49000549316406,203.5875701904297,3278200
2018-10-30,215.99000549316406,220.35000610351562,215.0399932861328,219.27999877929688,208.1340789794922,3897400
2018-10-31,221.88999938964844,229.0,221.39999389648438,225.3699951171875,213.91453552246094,4369600
2018-11-01,225.75999450683594,228.8800048828125,225.47000122070312,226.97000122070312,215.43321228027344,2557600
2018-11-02,230.0,231.69000244140625,226.2899932861328,229.69000244140625,218.01495361328125,3699000
2018-11-05,228.32000732421875,231.10000610351562,226.9499969482422,228.72000122070312,217.09425354003906,2565200
2018-11-06,228.19000244140625,229.52000427246094,227.0500030517578,228.1999969482422,216.60069274902344,2275600
2018-11-07,230.0500030517578,232.8000030517578,226.89999389648438,231.27999877929688,219.52410888671875,3514300
2018-11-08,231.0,234.05999755859375,230.60000610351562,231.64999389648438,219.8753204345703,2404800
2018-11-09,231.69000244140625,231.69000244140625,222.3000030517578,222.64999389648438,211.332763671875,3721700
2018-11-12,222.0,222.30999755859375,205.1300048828125,206.0500030517578,195.57655334472656,11019400
2018-11-13,204.39999389648438,209.58999633789062,202.3300018310547,205.0500030517578,194.62738037109375,6984800
2018-11-14,206.24000549316406,207.33999633789062,198.44000244140625,202.49000549316406,192.197509765625,5742500
2018-11-15,201.8000030517578,204.5,199.32000732421875,203.74000549316406,193.38397216796875,4260000
2018-11-16,202.92999267578125,204.74000549316406,200.35000610351562,202.1199951171875,191.8463134765625,2829600
2018-11-19,201.8300018310547,202.3000030517578,197.35000610351562,198.22000122070312,188.14454650878906,3419100
2018-11-20,195.10000610351562,195.88999938964844,190.35000610351562,191.33999633789062,181.61422729492188,5513800
2018-11-21,192.08999633789062,195.24000549316406,191.19000244140625,192.60000610351562,182.81021118164062,4111700
2018-11-23,191.61000061035156,191.8699951171875,188.94000244140625,189.10000610351562,179.4881134033203,1862600
2018-11-26,191.1699981689453,195.22999572753906,190.69000244140625,194.33999633789062,184.46176147460938,3143300
2018-11-27,193.39999389648438,194.6199951171875,191.55999755859375,193.64999389648438,183.80685424804688,2345400
2018-11-28,194.83999633789062,198.4499969482422,192.22999572753906,198.35000610351562,188.26792907714844,3762900
2018-11-29,196.02000427246094,197.4499969482422,193.16000366210938,194.85000610351562,185.69479370117188,2665700
2018-11-30,190.57000732421875,191.4499969482422,188.1199951171875,190.69000244140625,181.7302703857422,6220000
2018-12-03,194.0,195.66000366210938,191.6199951171875,191.6300048828125,182.6260986328125,4017000
2018-12-04,190.69000244140625,191.11000061035156,183.6300048828125,184.30999755859375,175.65003967285156,5797500
2018-12-06,181.3300018310547,184.8800048828125,180.14999389648438,184.08999633789062,175.4403533935547,5275500
2018-12-07,183.85000610351562,186.25,179.0,179.6699981689453,171.22802734375,3921200
2018-12-10,178.60000610351562,179.83999633789062,174.67999267578125,178.8300018310547,170.42752075195312,4528300
2018-12-11,182.14999389648438,184.42999267578125,175.4499969482422,176.8000030517578,168.49288940429688,4713900
2018-12-12,178.5,180.0,176.47999572753906,176.6999969482422,168.39756774902344,3677300
2018-12-13,177.8300018310547,178.69000244140625,175.1199951171875,175.9199981689453,167.6542510986328,4008600
2018-12-14,174.33999633789062,176.25999450683594,172.3699951171875,172.77000427246094,164.65225219726562,5078300
2018-12-17,169.39999389648438,171.42999267578125,166.52999877929688,168.00999450683594,160.1158905029297,8395800
2018-12-18,169.77999877929688,173.02000427246094,169.32000732421875,171.5,163.44190979003906,5150800
2018-12-19,171.58999633789062,174.85000610351562,167.60000610351562,169.25,161.29762268066406,5316100
2018-12-20,168.38999938964844,171.64999389648438,167.16000366210938,168.41000366210938,160.4971160888672,6488200
2018-12-21,168.25,169.6300048828125,159.4199981689453,160.0500030517578,152.52989196777344,8960000
2018-12-24,159.0,160.0,154.30999755859375,156.35000610351562,149.00375366210938,3783500
2018-12-26,157.0,163.11000061035156,151.6999969482422,162.92999267578125,155.2745819091797,7054700
2018-12-27,160.1199951171875,165.41000366210938,159.02000427246094,165.41000366210938,157.63807678222656,4973000
2018-12-28,165.63999938964844,165.9499969482422,162.02000427246094,163.02999877929688,155.369873046875,4110500
2018-12-31,163.77999877929688,167.1199951171875,163.77999877929688,167.0500030517578,159.20101928710938,4550000
2019-01-02,164.3300018310547,172.25,163.35000610351562,172.02999877929688,163.94699096679688,3999400
2019-01-03,170.66000366210938,171.77000427246094,168.2899932861328,169.50999450683594,161.54541015625,4060200
2019-01-04,172.99000549316406,176.0,171.10000610351562,175.0500030517578,166.8251190185547,3788300
2019-01-07,175.22999572753906,177.8300018310547,172.27000427246094,176.02000427246094,167.7495574951172,3152100
2019-01-08,177.77999877929688,178.10000610351562,172.89999389648438,175.3699951171875,167.1300811767578,2692700
2019-01-09,176.10000610351562,177.69000244140625,174.91000366210938,176.47000122070312,168.17840576171875,3321400
2019-01-10,175.66000366210938,178.07000732421875,175.5,176.0,167.73048400878906,2808700
2019-01-11,175.10000610351562,177.0399932861328,172.4199981689453,176.92999267578125,168.61679077148438,3182700
2019-01-14,174.52000427246094,179.5399932861328,174.10000610351562,178.72000122070312,170.32269287109375,3361700
2019-01-15,178.32000732421875,179.99000549316406,176.39999389648438,179.91000366210938,171.45675659179688,2911800
2019-01-16,187.0,198.14999389648438,185.60000610351562,197.0800018310547,187.8200225830078,15194200
2019-01-17,195.9499969482422,199.8000030517578,192.8300018310547,199.08999633789062,189.73558044433594,8177000
2019-01-18,200.3800048828125,203.0,196.91000366210938,202.5399932861328,193.02345275878906,5650900
2019-01-22,200.5,201.47000122070312,195.9199981689453,197.67999267578125,188.391845703125,4648500
2019-01-23,197.5500030517578,198.08999633789062,194.52999877929688,196.89999389648438,187.64846801757812,3410700
2019-01-24,196.22000122070312,199.67999267578125,195.75999450683594,197.8000030517578,188.50619506835938,2631800
2019-01-25,199.8300018310547,201.19000244140625,199.4199981689453,200.74000549316406,191.3080596923828,3275000
2019-01-28,197.99000549316406,200.07000732421875,197.10000610351562,199.72000122070312,190.3359832763672,2369600
2019-01-29,199.0,201.97000122070312,197.8699951171875,200.5,191.07933044433594,2694100
2019-01-30,200.89999389648438,203.2899932861328,199.64999389648438,202.47999572753906,192.96629333496094,2773300
2019-01-31,200.10000610351562,202.35000610351562,196.9499969482422,198.00999450683594,188.706298828125,5604500
2019-02-01,198.0,199.63999938964844,196.5399932861328,196.5399932861328,187.3053741455078,3174200
2019-02-04,195.8000030517578,197.75999450683594,194.7899932861328,197.72000122070312,188.42994689941406,2400200
2019-02-05,198.1199951171875,199.3300018310547,196.86000061035156,198.00999450683594,188.706298828125,2601000
2019-02-06,197.17999267578125,199.05999755859375,195.8300018310547,196.6199951171875,187.3816375732422,2063100
2019-02-07,195.27999877929688,195.8800048828125,191.0500030517578,193.07000732421875,183.99842834472656,2948800
2019-02-08,191.72000122070312,192.6199951171875,188.22000122070312,191.6699981689453,182.66421508789062,2757500
2019-02-11,192.8800048828125,193.32000732421875,191.07000732421875,191.3300018310547,182.34017944335938,2056500
2019-02-12,193.0500030517578,195.64999389648438,193.0,194.49000549316406,185.3517303466797,2392900
2019-02-13,195.9199981689453,198.77999877929688,194.60000610351562,194.69000244140625,185.54234313964844,2757300
2019-02-14,192.2100067138672,194.1300048828125,189.44000244140625,192.52999877929688,183.4838104248047,2865000
2019-02-15,193.2100067138672,198.88999938964844,193.10000610351562,198.5,189.1732940673828,3065400
2019-02-19,196.66000366210938,199.05999755859375,195.61000061035156,198.6699981689453,189.33529663085938,2558200
2019-02-20,198.72999572753906,199.3000030517578,197.50999450683594,198.60000610351562,189.26861572265625,2266000
2019-02-21,198.97000122070312,199.4499969482422,195.0500030517578,196.36000061035156,187.1338348388672,2785900
2019-02-22,196.60000610351562,197.75,195.1999969482422,196.0,186.79075622558594,2626600
2019-02-25,198.0,201.5,197.7100067138672,198.64999389648438,189.3162384033203,3032200
2019-02-26,198.47000122070312,200.55999755859375,196.5500030517578,198.89999389648438,189.5544891357422,2499800
2019-02-27,198.5,199.88999938964844,197.1199951171875,198.10000610351562,189.55453491210938,1804200
2019-02-28,198.0399932861328,198.39999389648438,196.00999450683594,196.6999969482422,188.2148895263672,2964300
2019-03-01,198.75,201.44000244140625,197.42999267578125,198.1999969482422,189.6501922607422,2580500
2019-03-04,198.80999755859375,200.8300018310547,194.14999389648438,195.97999572753906,187.52597045898438,2683600
2019-03-05,195.85000610351562,196.17999267578125,193.0,196.0,187.5450897216797,2338600
2019-03-06,195.89999389648438,197.55999755859375,194.52999877929688,194.74000549316406,186.33944702148438,2247500
2019-03-07,193.1300048828125,193.4499969482422,190.0800018310547,192.77000427246094,184.45443725585938,3567800
2019-03-08,190.39999389648438,195.77000427246094,189.7100067138672,195.24000549316406,186.81788635253906,3162700
2019-03-11,197.22999572753906,198.97000122070312,195.72999572753906,195.97000122070312,187.5164031982422,2669000
2019-03-12,196.0,197.39999389648438,195.69000244140625,196.6300048828125,188.14791870117188,1977400
2019-03-13,197.75,198.92999267578125,196.52000427246094,197.25,188.74118041992188,1904500
2019-03-14,197.32000732421875,198.5,196.6999969482422,197.47000122070312,188.9517059326172,1482300
2019-03-15,197.16000366210938,198.85000610351562,196.85000610351562,198.25999450683594,189.7075958251953,2985200
2019-03-18,199.17999267578125,203.85000610351562,198.9199981689453,202.47000122070312,193.73599243164062,3354900
2019-03-19,204.8800048828125,206.4499969482422,200.77999877929688,201.1199951171875,192.44422912597656,3284900
2019-03-20,200.3300018310547,200.3300018310547,193.97000122070312,194.32000732421875,185.93756103515625,5033500
2019-03-21,192.89999389648438,195.5500030517578,191.75,194.5800018310547,186.18634033203125,4031500
2019-03-22,192.6699981689453,193.7100067138672,187.77999877929688,188.9600067138672,180.80877685546875,5703100
2019-03-25,189.3300018310547,191.4499969482422,186.5,188.50999450683594,180.378173828125,3751000
2019-03-26,190.02999877929688,192.41000366210938,188.69000244140625,190.69000244140625,182.4641571044922,2910100
2019-03-27,190.60000610351562,191.61000061035156,188.74000549316406,190.02999877929688,181.8326416015625,2343800
2019-03-28,190.74000549316406,191.91000366210938,189.2899932861328,191.17999267578125,182.9329833984375,2343400
2019-03-29,192.67999267578125,193.11000061035156,191.13999938964844,191.99000549316406,183.70809936523438,2632800
2019-04-01,194.0,198.08999633789062,193.61000061035156,196.74000549316406,188.253173828125,3562600
2019-04-02,196.24000549316406,197.75999450683594,195.39999389648438,197.5,188.98037719726562,2247000
2019-04-03,199.25,201.08999633789062,198.5399932861328,200.86000061035156,192.19546508789062,3227900
2019-04-04,200.8000030517578,204.2899932861328,200.5,202.22999572753906,193.50636291503906,2582300
2019-04-05,203.3800048828125,205.5,202.05999755859375,202.3800048828125,193.64988708496094,2447100
2019-04-08,202.7899932861328,203.6300048828125,201.17999267578125,202.5399932861328,193.80294799804688,1891500
2019-04-09,201.22999572753906,201.58999633789062,198.86000061035156,200.6199951171875,191.9657745361328,2400900
2019-04-10,201.8000030517578,203.1699981689453,200.27000427246094,202.97999572753906,194.22401428222656,1907100
2019-04-11,204.22999572753906,205.4499969482422,201.57000732421875,202.8300018310547,194.08047485351562,2802100
2019-04-12,207.0,209.97000122070312,206.3699951171875,207.83999633789062,198.87435913085938,5096600
2019-04-15,204.11000061035156,205.74000549316406,199.6999969482422,199.91000366210938,191.28643798828125,6617200
2019-04-16,199.6199951171875,202.94000244140625,199.24000549316406,201.83999633789062,193.1331787109375,4852600
2019-04-17,201.9600067138672,208.5,201.77999877929688,207.89999389648438,198.9317626953125,4195300
2019-04-18,207.08999633789062,207.86000061035156,205.14999389648438,205.91000366210938,197.02761840820312,2874300
2019-04-22,205.1199951171875,205.58999633789062,204.13999938964844,204.60000610351562,195.77410888671875,1591400
2019-04-23,204.25,205.19000244140625,202.74000549316406,204.13999938964844,195.3339385986328,2120900
2019-04-24,203.0,203.52000427246094,199.72999572753906,200.5399932861328,191.88926696777344,4606100
2019-04-25,199.6999969482422,202.55999755859375,199.10000610351562,201.39999389648438,192.71214294433594,2075300
2019-04-26,201.72999572753906,203.1199951171875,200.32000732421875,203.0800018310547,194.31968688964844,1543100
2019-04-29,203.5,208.0,203.27000427246094,206.9199981689453,197.99403381347656,2997000
2019-04-30,206.94000244140625,207.99000549316406,204.14999389648438,205.9199981689453,197.0371856689453,1833000
2019-05-01,206.39999389648438,208.41000366210938,204.02999877929688,204.72999572753906,195.8985137939453,1981800
2019-05-02,204.42999267578125,206.22000122070312,203.1199951171875,204.99000549316406,196.14730834960938,1514700
2019-05-03,206.00999450683594,208.75,205.6699981689453,207.52000427246094,198.56814575195312,1897600
2019-05-06,202.8000030517578,206.97999572753906,201.7100067138672,206.42999267578125,197.52516174316406,1927800
2019-05-07,203.33999633789062,204.0,201.00999450683594,202.6300048828125,193.8890838623047,2839500
2019-05-08,201.39999389648438,203.1999969482422,200.8000030517578,200.9499969482422,192.2815399169922,1817600
2019-05-09,199.50999450683594,202.22000122070312,197.91000366210938,201.6300048828125,192.93222045898438,2333400
2019-05-10,200.97999572753906,202.10000610351562,198.99000549316406,202.0500030517578,193.33412170410156,2089400
2019-05-13,197.89999389648438,197.89999389648438,194.0,194.97000122070312,186.55955505371094,3605600
2019-05-14,194.99000549316406,198.1300048828125,194.89999389648438,196.27999877929688,187.81300354003906,2463300
2019-05-15,194.63999938964844,197.58999633789062,193.4199981689453,196.39999389648438,187.9278564453125,2271100
2019-05-16,196.6300048828125,200.0,196.6199951171875,199.13999938964844,190.5496368408203,2008100
2019-05-17,196.3000030517578,199.08999633789062,196.3000030517578,197.42999267578125,188.91339111328125,1928300
2019-05-20,197.08999633789062,197.77999877929688,195.57000732421875,197.24000549316406,188.7316131591797,2483400
2019-05-21,198.66000366210938,199.32000732421875,198.0,199.11000061035156,190.52093505859375,2327600
2019-05-22,197.44000244140625,198.47999572753906,195.4600067138672,195.52000427246094,187.08578491210938,2427200
2019-05-23,193.0,193.0,189.55999755859375,191.97000122070312,183.68894958496094,3184100
2019-05-24,192.88999938964844,194.07000732421875,191.67999267578125,193.0,184.6745147705078,1637200
2019-05-28,192.0,193.30999755859375,189.38999938964844,189.44000244140625,181.26808166503906,3040000
2019-05-29,187.74000549316406,188.64999389648438,184.9199981689453,188.0500030517578,180.74903869628906,2815800
2019-05-30,188.08999633789062,189.3699951171875,186.00999450683594,187.3699951171875,180.09544372558594,1919300
2019-05-31,184.77000427246094,184.88999938964844,182.30999755859375,182.49000549316406,175.4049072265625,2640100
2019-06-03,181.6999969482422,183.49000549316406,180.72999572753906,183.19000244140625,176.07772827148438,2857800
2019-06-04,186.17999267578125,189.99000549316406,185.7100067138672,189.8800048828125,182.5080108642578,2420800
2019-06-05,190.10000610351562,190.16000366210938,187.00999450683594,188.44000244140625,181.1239013671875,1967800
2019-06-06,188.05999755859375,190.74000549316406,187.30999755859375,189.80999755859375,182.44070434570312,1653500
2019-06-07,189.8800048828125,190.61000061035156,188.52000427246094,189.80999755859375,182.44070434570312,1838600
2019-06-10,191.39999389648438,197.0,191.39999389648438,194.1199951171875,186.5833740234375,2372000
2019-06-11,195.3000030517578,196.1199951171875,193.50999450683594,194.72999572753906,187.16969299316406,1632200
2019-06-12,193.61000061035156,194.0500030517578,189.8300018310547,190.22000122070312,182.8347930908203,2059400
2019-06-13,190.41000366210938,192.25,190.07000732421875,191.4499969482422,184.0170135498047,1411400
2019-06-14,191.2899932861328,192.1699981689453,189.30999755859375,191.66000366210938,184.2188720703125,1403900
2019-06-17,192.02000427246094,193.22999572753906,190.74000549316406,190.8300018310547,183.42111206054688,1155600
2019-06-18,190.6699981689453,197.1300048828125,190.6699981689453,194.97999572753906,187.40997314453125,2363000
2019-06-19,195.35000610351562,197.61000061035156,194.7899932861328,195.63999938964844,188.04437255859375,2196800
2019-06-20,197.5,198.19000244140625,193.61000061035156,195.6999969482422,188.10203552246094,2749300
2019-06-21,195.33999633789062,198.33999633789062,193.97000122070312,195.94000244140625,188.33270263671875,3365500
2019-06-24,196.52999877929688,199.35000610351562,196.02999877929688,197.49000549316406,189.8225555419922,2069800
2019-06-25,197.5,197.52000427246094,194.00999450683594,196.05999755859375,188.44805908203125,1828300
2019-06-26,196.5,197.8699951171875,196.1199951171875,197.00999450683594,189.36119079589844,1649900
2019-06-27,197.57000732421875,199.61000061035156,196.75999450683594,199.32000732421875,191.5814971923828,2239200
2019-06-28,203.5,205.83999633789062,202.94000244140625,204.60000610351562,196.65650939941406,4854900
2019-07-01,208.0,209.85000610351562,205.74000549316406,206.86000061035156,198.8287353515625,2465700
2019-07-02,205.39999389648438,206.30999755859375,204.16000366210938,205.97999572753906,197.98289489746094,1621400
2019-07-03,207.3000030517578,207.39999389648438,205.22999572753906,206.0399932861328,198.04055786132812,978800
2019-07-05,206.86000061035156,208.75999450683594,206.1999969482422,207.89999389648438,199.828369140625,1511400
2019-07-08,206.36000061035156,207.25,204.7100067138672,205.75,197.7618408203125,1853900
2019-07-09,203.75,207.94000244140625,203.5399932861328,207.77000427246094,199.70343017578125,1812100
2019-07-10,207.17999267578125,208.99000549316406,205.64999389648438,205.97000122070312,197.9733123779297,1779800
2019-07-11,206.1999969482422,212.58999633789062,206.0,211.35000610351562,203.14443969726562,3691600
2019-07-12,212.0,214.19000244140625,210.7899932861328,213.94000244140625,205.6339111328125,2626000
2019-07-15,214.11000061035156,214.60000610351562,209.7899932861328,211.5800018310547,203.36549377441406,2600200
2019-07-16,214.8000030517578,217.3300018310547,212.5500030517578,215.52000427246094,207.1525421142578,5283700
2019-07-17,213.8300018310547,215.77999877929688,213.16000366210938,213.3000030517578,205.01870727539062,2583500
2019-07-18,212.7100067138672,215.8300018310547,211.75,214.52000427246094,206.19137573242188,2858100
2019-07-19,214.02000427246094,215.77000427246094,213.35000610351562,213.52000427246094,205.2301788330078,1822300
2019-07-22,213.39999389648438,214.86000061035156,212.30999755859375,214.0,205.69154357910156,1907100
2019-07-23,214.9499969482422,220.0,214.9499969482422,219.42999267578125,210.9107208251953,3330600
2019-07-24,219.25,222.08999633789062,218.6300048828125,222.02999877929688,213.40977478027344,3180000
2019-07-25,221.77000427246094,221.77000427246094,218.22999572753906,219.97999572753906,211.4393768310547,2776700
2019-07-26,220.4499969482422,222.24000549316406,220.3699951171875,222.13999938964844,213.51553344726562,2304500
2019-07-29,221.0,222.1300048828125,220.1999969482422,220.32000732421875,211.76617431640625,1372800
2019-07-30,218.49000549316406,221.99000549316406,217.3300018310547,221.39999389648438,212.80422973632812,1644600
2019-07-31,221.24000549316406,221.97999572753906,219.00999450683594,220.1300048828125,211.58355712890625,1991100
2019-08-01,219.35000610351562,219.9499969482422,210.75999450683594,211.60000610351562,203.38473510742188,3070100
2019-08-02,211.5800018310547,211.5800018310547,205.30999755859375,209.3699951171875,201.2412872314453,2503000
2019-08-05,205.82000732421875,205.82000732421875,199.5800018310547,201.67999267578125,193.849853515625,2794200
2019-08-06,203.55999755859375,206.07000732421875,200.88999938964844,206.00999450683594,198.01174926757812,2349400
2019-08-07,201.11000061035156,205.9600067138672,199.0500030517578,205.74000549316406,197.7522430419922,2454200
2019-08-08,207.1699981689453,207.8000030517578,203.5399932861328,207.0,198.96331787109375,2342200
2019-08-09,205.6199951171875,208.3000030517578,203.86000061035156,206.89999389648438,198.8671875,1790100
2019-08-12,203.27999877929688,204.14999389648438,200.47999572753906,201.52000427246094,193.69607543945312,1479300
2019-08-13,201.50999450683594,206.60000610351562,200.22999572753906,204.11000061035156,196.18553161621094,2115900
2019-08-14,199.8000030517578,199.91000366210938,195.05999755859375,195.55999755859375,187.96743774414062,3025100
2019-08-15,195.91000366210938,196.97000122070312,193.7100067138672,196.17999267578125,188.5634002685547,1981900
2019-08-16,197.02999877929688,200.6699981689453,197.0,199.4199981689453,191.67759704589844,1878700
2019-08-19,203.80999755859375,204.4499969482422,201.82000732421875,202.1999969482422,194.34967041015625,1646100
2019-08-20,200.2100067138672,201.99000549316406,199.6999969482422,199.97999572753906,192.21588134765625,1545600
2019-08-21,202.74000549316406,203.02000427246094,200.1699981689453,200.67999267578125,192.88870239257812,1160800
2019-08-22,202.27999877929688,203.4499969482422,200.91000366210938,202.4199981689453,194.5611114501953,1275900
2019-08-23,200.80999755859375,201.8800048828125,195.19000244140625,196.1999969482422,188.58262634277344,2200500
2019-08-26,198.27000427246094,199.7100067138672,198.0,199.64999389648438,191.89866638183594,1441900
2019-08-27,200.3300018310547,200.86000061035156,196.5,198.07000732421875,190.38002014160156,1513300
2019-08-28,196.57000732421875,201.47000122070312,196.25,200.4199981689453,192.63877868652344,1437800
2019-08-29,201.36000061035156,204.3699951171875,201.36000061035156,203.44000244140625,196.76878356933594,1816800
2019-08-30,204.85000610351562,205.2100067138672,203.00999450683594,203.91000366210938,197.22337341308594,1529600
2019-09-03,201.10000610351562,201.61000061035156,196.5800018310547,198.97000122070312,192.4453582763672,2633600
2019-09-04,201.49000549316406,202.10000610351562,200.0500030517578,201.72999572753906,195.11485290527344,1720600
2019-09-05,205.27000427246094,208.92999267578125,205.0399932861328,207.0500030517578,200.2603759765625,2237900
2019-09-06,207.05999755859375,208.25,205.57000732421875,207.2100067138672,200.41513061523438,1438800
2019-09-09,209.22000122070312,213.8800048828125,208.44000244140625,211.97999572753906,205.02871704101562,2734500
2019-09-10,213.5,217.08999633789062,213.22000122070312,215.6300048828125,208.55902099609375,2615800
2019-09-11,215.2100067138672,216.85000610351562,213.36000061035156,216.8000030517578,209.690673828125,1886300
2019-09-12,216.3800048828125,220.75999450683594,215.14999389648438,218.74000549316406,211.56704711914062,2913800
2019-09-13,220.35000610351562,221.5,219.1999969482422,219.89999389648438,212.68899536132812,2722400
2019-09-16,217.82000732421875,219.3300018310547,216.32000732421875,217.22000122070312,210.0968780517578,2205500
2019-09-17,215.8000030517578,216.13999938964844,212.5399932861328,215.91000366210938,208.82984924316406,2429100
2019-09-18,214.8300018310547,217.88999938964844,213.3000030517578,217.0800018310547,209.96148681640625,2474900
2019-09-19,217.5800018310547,217.92999267578125,215.05999755859375,215.22999572753906,208.172119140625,1596200
2019-09-20,214.66000366210938,216.67999267578125,213.6300048828125,213.74000549316406,206.73101806640625,5458900
2019-09-23,212.85000610351562,214.11000061035156,211.55999755859375,213.4600067138672,206.46018981933594,1485500
2019-09-24,214.0399932861328,214.1999969482422,206.8000030517578,207.75,200.9374237060547,2837600
2019-09-25,207.9600067138672,211.08999633789062,207.4499969482422,210.02999877929688,203.14263916015625,1593400
2019-09-26,209.0500030517578,209.97000122070312,208.11000061035156,208.22000122070312,201.3920135498047,1685500
2019-09-27,209.85000610351562,210.5500030517578,208.08999633789062,208.97000122070312,202.117431640625,1530900
2019-09-30,209.7100067138672,209.7100067138672,206.8300018310547,207.22999572753906,200.43447875976562,1794500
2019-10-01,207.00999450683594,209.3800048828125,202.61000061035156,202.69000244140625,196.04336547851562,3156200
2019-10-02,201.69000244140625,201.8800048828125,197.60000610351562,198.25,191.74896240234375,3386800
2019-10-03,197.61000061035156,198.3699951171875,193.99000549316406,197.24000549316406,190.77207946777344,2914500
2019-10-04,196.99000549316406,201.22999572753906,196.0399932861328,200.8000030517578,194.21533203125,3021100
2019-10-07,200.7899932861328,202.52999877929688,199.47000122070312,200.39999389648438,193.82846069335938,2202200
2019-10-08,197.60000610351562,198.9499969482422,195.9199981689453,197.3699951171875,190.89781188964844,2654900
2019-10-09,198.19000244140625,198.97999572753906,196.67999267578125,196.85000610351562,190.39488220214844,2443500
2019-10-10,197.58999633789062,201.32000732421875,197.5399932861328,199.8699951171875,193.31581115722656,2108000
2019-10-11,203.72000122070312,207.2899932861328,203.72000122070312,204.67999267578125,197.9680938720703,3334300
2019-10-14,203.8300018310547,206.1699981689453,202.9199981689453,205.82000732421875,199.0707244873047,2286100
2019-10-15,202.0,208.24000549316406,198.61000061035156,206.4600067138672,199.6897430419922,8241900
2019-10-16,206.1699981689453,208.6199951171875,206.10000610351562,207.4199981689453,200.61825561523438,3405800
2019-10-17,208.2899932861328,208.92999267578125,204.38999938964844,206.4600067138672,199.6897430419922,2876500
2019-10-18,204.99000549316406,208.05999755859375,204.99000549316406,206.52000427246094,199.7477569580078,2207000
2019-10-21,208.6699981689453,210.86000061035156,207.67999267578125,209.25,202.38824462890625,1934900
2019-10-22,209.58999633789062,211.64999389648438,208.30999755859375,209.60000610351562,202.72677612304688,1868000
2019-10-23,209.22000122070312,212.02000427246094,209.0,211.32000732421875,204.39036560058594,1574500
2019-10-24,211.61000061035156,213.14999389648438,209.77999877929688,211.0500030517578,204.12921142578125,1266500
2019-10-25,210.17999267578125,215.4199981689453,210.17999267578125,214.22999572753906,207.20494079589844,2602100
2019-10-28,216.32000732421875,218.9199981689453,215.69000244140625,217.75,210.60951232910156,2707800
2019-10-29,217.22000122070312,219.27999877929688,216.4499969482422,217.63999938964844,210.50311279296875,2030800
2019-10-30,217.02000427246094,217.0500030517578,213.80999755859375,215.80999755859375,208.7331085205078,1584900
2019-10-31,215.14999389648438,215.36000061035156,211.32000732421875,213.3800048828125,206.3828125,1876200
2019-11-01,215.25999450683594,217.88999938964844,214.75,217.38999938964844,210.26129150390625,2112300
2019-11-04,219.6999969482422,220.69000244140625,218.57000732421875,219.8699951171875,212.6599884033203,2538100
2019-11-05,220.8000030517578,221.77999877929688,218.47000122070312,218.63999938964844,211.47032165527344,2525100
2019-11-06,218.00999450683594,219.07000732421875,216.5500030517578,218.4199981689453,211.2575225830078,1863000
2019-11-07,220.77000427246094,224.77000427246094,220.41000366210938,223.2899932861328,215.9678192138672,3748600
2019-11-08,223.0,223.22999572753906,221.10000610351562,222.91000366210938,215.60031127929688,1610800
2019-11-11,220.89999389648438,221.41000366210938,218.52000427246094,219.02999877929688,211.84751892089844,2754500
2019-11-12,218.55999755859375,221.11000061035156,217.92999267578125,220.41000366210938,213.18228149414062,1891600
2019-11-13,218.38999938964844,219.83999633789062,217.00999450683594,219.32000732421875,212.12803649902344,1756000
2019-11-14,218.7899932861328,220.47000122070312,218.02999877929688,219.42999267578125,212.2344207763672,1483100
2019-11-15,220.0,221.08999633789062,219.0399932861328,220.25,213.0275115966797,1693100
2019-11-18,219.72999572753906,219.9499969482422,218.0399932861328,219.72999572753906,212.52459716796875,1603400
2019-11-19,220.55999755859375,220.67999267578125,218.30999755859375,220.0399932861328,212.8244171142578,1817100
2019-11-20,218.36000061035156,219.47000122070312,216.39999389648438,217.91000366210938,210.7642822265625,2177700
2019-11-21,218.60000610351562,219.32000732421875,216.82000732421875,218.22999572753906,211.07376098632812,1677700
2019-11-22,218.0,220.7100067138672,218.0,220.27999877929688,213.05653381347656,1529100
2019-11-25,220.88999938964844,223.9499969482422,220.88999938964844,222.75,215.44554138183594,2181800
2019-11-26,222.67999267578125,222.75999450683594,221.11000061035156,222.4499969482422,215.1553955078125,1926300
2019-11-27,223.4499969482422,224.27999877929688,221.86000061035156,222.9499969482422,215.63897705078125,1614600
2019-11-29,220.8800048828125,222.0,220.41000366210938,221.35000610351562,215.29856872558594,770400
2019-12-02,220.97000122070312,221.8000030517578,217.0800018310547,217.63999938964844,211.6899871826172,2118500
2019-12-03,215.42999267578125,215.42999267578125,210.0,212.24000549316406,206.4376220703125,3207100
2019-12-04,213.5399932861328,216.99000549316406,212.3800048828125,215.94000244140625,210.0364532470703,1583600
2019-12-05,217.14999389648438,217.6300048828125,215.4199981689453,217.13999938964844,211.2036590576172,1329300
2019-12-06,219.9499969482422,225.39999389648438,218.82000732421875,224.61000061035156,218.4694366455078,4229400
2019-12-09,224.61000061035156,224.64999389648438,221.77000427246094,221.80999755859375,215.74600219726562,2134600
2019-12-10,221.6699981689453,222.8800048828125,220.5500030517578,221.8800048828125,215.81407165527344,1854100
2019-12-11,222.25,222.85000610351562,220.83999633789062,221.19000244140625,215.14292907714844,1778600
2019-12-12,221.91000366210938,226.77999877929688,220.60000610351562,226.0500030517578,219.8700714111328,2974300
2019-12-13,226.72000122070312,227.99000549316406,223.6999969482422,225.0,218.84878540039062,1908200
2019-12-16,228.5,230.6999969482422,227.8699951171875,228.0399932861328,221.8056640625,3218400
2019-12-17,230.0,232.07000732421875,228.8000030517578,231.14999389648438,224.8306427001953,3590000
2019-12-18,231.97000122070312,232.1999969482422,229.94000244140625,230.4499969482422,224.14976501464844,2280800
2019-12-19,230.9499969482422,231.38999938964844,228.9600067138672,229.94000244140625,223.6537322998047,2418100
2019-12-20,230.9600067138672,231.2899932861328,228.6199951171875,228.92999267578125,222.6713104248047,3715500
2019-12-23,229.66000366210938,230.47999572753906,228.41000366210938,229.08999633789062,222.82696533203125,1670400
2019-12-24,228.97999572753906,229.9499969482422,228.3699951171875,229.91000366210938,223.62452697753906,467700
2019-12-26,230.25999450683594,232.1999969482422,229.99000549316406,231.2100067138672,224.88900756835938,1704000
2019-12-27,231.80999755859375,232.2100067138672,230.47000122070312,230.66000366210938,224.3540496826172,1343900
2019-12-30,231.67999267578125,231.67999267578125,229.5,229.8000030517578,223.51754760742188,1494500
2019-12-31,229.7100067138672,229.97000122070312,228.6699981689453,229.92999267578125,223.6439666748047,1447200
2020-01-02,231.0,234.63999938964844,230.16000366210938,234.32000732421875,227.91397094726562,3736300
2020-01-03,231.60000610351562,232.61000061035156,230.3000030517578,231.5800018310547,225.24888610839844,2274500
2020-01-06,229.92999267578125,234.02000427246094,229.49000549316406,233.9499969482422,227.55409240722656,3329300
2020-01-07,235.0,237.77000427246094,234.75999450683594,235.49000549316406,229.05198669433594,5255200
2020-01-08,235.67999267578125,239.75,235.47999572753906,237.75999450683594,231.2599334716797,3564700
2020-01-09,241.33999633789062,243.39999389648438,239.82000732421875,242.60000610351562,235.96762084960938,3980700
2020-01-10,242.75,243.38999938964844,241.38999938964844,242.11000061035156,235.4910125732422,2248100
2020-01-13,244.44000244140625,246.11000061035156,243.0,245.2100067138672,238.50624084472656,3359200
2020-01-14,245.32000732421875,248.52000427246094,244.60000610351562,245.66000366210938,238.94395446777344,4302800
2020-01-15,242.0,249.5,239.16000366210938,245.2100067138672,238.50624084472656,5411200
2020-01-16,247.00999450683594,249.82000732421875,246.22999572753906,249.72000122070312,242.8929443359375,3968400
2020-01-17,250.22999572753906,250.4600067138672,248.0,249.4600067138672,242.64007568359375,3108400
2020-01-21,247.2100067138672,248.85000610351562,245.60000610351562,245.6999969482422,238.98284912109375,2492400
2020-01-22,246.61000061035156,248.52000427246094,246.33999633789062,247.0500030517578,240.29595947265625,2030900
2020-01-23,244.5,247.0,242.8800048828125,245.5800018310547,238.8661346435547,2806800
2020-01-24,245.07000732421875,245.7100067138672,240.60000610351562,241.9199981689453,235.30618286132812,2877400
2020-01-27,236.3699951171875,238.99000549316406,235.00999450683594,238.13999938964844,231.62953186035156,2506200
2020-01-28,239.49000549316406,243.5800018310547,238.0500030517578,242.5800018310547,235.9481658935547,3123000
2020-01-29,244.52000427246094,246.5,239.57000732421875,240.1199951171875,233.55540466308594,3711600
2020-01-30,237.69000244140625,244.33999633789062,236.72999572753906,244.1300048828125,237.45579528808594,3261700
2020-01-31,241.99000549316406,242.88999938964844,236.8800048828125,237.75,231.25021362304688,3482800
2020-02-03,238.36000061035156,242.38999938964844,238.0500030517578,239.00999450683594,232.4757537841797,2733000
2020-02-04,242.8800048828125,243.74000549316406,241.5500030517578,241.94000244140625,235.3256378173828,3052500
2020-02-05,244.99000549316406,245.1300048828125,243.0,244.3000030517578,237.6211395263672,3126600
2020-02-06,245.35000610351562,245.77000427246094,241.17999267578125,241.82000732421875,235.20895385742188,2225600
2020-02-07,239.75,240.52000427246094,236.5500030517578,238.0,231.49337768554688,3006500
2020-02-10,237.39999389648438,237.8699951171875,235.4600067138672,237.36000061035156,230.87086486816406,2591300
2020-02-11,239.0,239.5500030517578,236.22000122070312,236.4600067138672,229.99546813964844,2238800
2020-02-12,238.00999450683594,241.17999267578125,237.72000122070312,238.64999389648438,232.12557983398438,2119200
2020-02-13,237.85000610351562,238.97000122070312,236.57000732421875,238.35000610351562,231.83380126953125,1461300
2020-02-14,237.94000244140625,239.00999450683594,236.22999572753906,237.0800018310547,230.5985107421875,1718700
2020-02-18,236.5500030517578,237.07000732421875,231.1999969482422,233.2100067138672,226.83433532714844,2736500
2020-02-19,235.0,237.8000030517578,233.27999877929688,237.3300018310547,230.84169006347656,2207100
2020-02-20,236.41000366210938,236.89999389648438,231.25,232.72999572753906,226.367431640625,3183700
2020-02-21,230.91000366210938,231.8000030517578,228.3699951171875,230.6199951171875,224.31512451171875,3081600
2020-02-24,223.22999572753906,226.69000244140625,222.5399932861328,224.5399932861328,218.40133666992188,4139400
2020-02-25,224.77999877929688,225.8699951171875,215.88999938964844,217.61000061035156,211.66079711914062,5343100
2020-02-26,218.6999969482422,220.0,214.75999450683594,215.77999877929688,209.8808135986328,4171100
2020-02-27,210.49000549316406,213.47999572753906,205.3699951171875,205.69000244140625,200.06668090820312,5848200
2020-02-28,199.08999633789062,202.25,194.85000610351562,200.77000427246094,196.47518920898438,6740700
2020-03-02,201.41000366210938,209.6199951171875,197.6300048828125,209.47000122070312,204.98907470703125,5285500
2020-03-03,209.0,211.7899932861328,202.1199951171875,203.42999267578125,199.07827758789062,5677200
2020-03-04,205.83999633789062,208.9199981689453,202.6999969482422,208.74000549316406,204.2747039794922,3520400
2020-03-05,201.3300018310547,203.47000122070312,196.9499969482422,198.7899932861328,194.53753662109375,4151500
2020-03-06,190.67999267578125,196.3000030517578,189.27999877929688,192.85000610351562,188.72462463378906,5071900
2020-03-09,173.5800018310547,179.25,170.16000366210938,172.80999755859375,169.11329650878906,6443000
2020-03-10,181.6199951171875,185.39999389648438,173.2899932861328,184.35000610351562,180.40646362304688,6803900
2020-03-11,178.47999572753906,180.77000427246094,170.97000122070312,171.88999938964844,168.21298217773438,5314000
2020-03-12,160.0,166.75,150.0,150.67999267578125,147.45669555664062,8357700
2020-03-13,162.82000732421875,177.55999755859375,152.35000610351562,177.1699981689453,173.3800506591797,6368400
2020-03-16,150.22999572753906,169.5399932861328,150.0,154.66000366210938,151.3515625,6888000
2020-03-17,157.0,166.74000549316406,150.0,158.6699981689453,155.27577209472656,6876300
2020-03-18,150.0,155.97000122070312,135.41000366210938,140.02000427246094,137.02471923828125,9543200
2020-03-19,137.3800048828125,152.49000549316406,130.85000610351562,149.49000549316406,146.29217529296875,6548200
2020-03-20,148.99000549316406,149.19000244140625,138.2899932861328,138.41000366210938,135.4491729736328,7561300
2020-03-23,136.02999877929688,141.94000244140625,133.25999450683594,134.97000122070312,132.082763671875,5472600
2020-03-24,144.32000732421875,153.89999389648438,143.6300048828125,153.60000610351562,150.31423950195312,6647400
2020-03-25,154.60000610351562,162.2100067138672,145.32000732421875,155.1300048828125,151.81150817871094,8587800
2020-03-26,156.3699951171875,167.66000366210938,154.30999755859375,165.7899932861328,162.24346923828125,6762200
2020-03-27,159.0800018310547,163.72999572753906,157.0,158.33999633789062,154.9528350830078,4186700
2020-03-30,158.52000427246094,160.42999267578125,153.17999267578125,159.6199951171875,156.20545959472656,4152800
2020-03-31,158.1300048828125,161.10000610351562,153.72000122070312,154.58999633789062,151.28306579589844,3588200
2020-04-01,146.10000610351562,149.57000732421875,145.0,145.2899932861328,142.1820068359375,4689100
2020-04-02,143.02000427246094,150.4499969482422,141.6699981689453,149.92999267578125,146.7227325439453,4446900
2020-04-03,149.1999969482422,150.9199981689453,145.22999572753906,146.92999267578125,143.78692626953125,2801600
2020-04-06,155.47000122070312,158.92999267578125,153.77000427246094,158.22999572753906,154.84518432617188,4689400
2020-04-07,166.0,169.13999938964844,162.4499969482422,166.02000427246094,162.46856689453125,4953500
2020-04-08,168.5500030517578,178.10000610351562,168.5500030517578,176.9600067138672,173.17453002929688,5194800
2020-04-09,180.5800018310547,187.3300018310547,179.77000427246094,184.25999450683594,180.31837463378906,6449900
2020-04-13,183.85000610351562,184.97000122070312,179.1300048828125,179.17999267578125,175.34701538085938,4774300
2020-04-14,182.35000610351562,183.3800048828125,174.5399932861328,178.22999572753906,174.4173583984375,4149600
2020-04-15,170.6300048828125,181.67999267578125,169.14999389648438,178.52000427246094,174.70115661621094,6042700
2020-04-16,177.22000122070312,178.44000244140625,172.38999938964844,177.0399932861328,173.2528076171875,4662200
2020-04-17,183.49000549316406,185.27999877929688,178.2899932861328,183.49000549316406,179.56483459472656,5426700
2020-04-20,179.6999969482422,186.32000732421875,178.02000427246094,180.39999389648438,176.5409393310547,4674800
2020-04-21,175.44000244140625,179.1999969482422,173.66000366210938,173.80999755859375,170.09190368652344,3819000
2020-04-22,177.5,178.17999267578125,174.47000122070312,175.97999572753906,172.21548461914062,2316600
2020-04-23,177.0,179.07000732421875,174.4499969482422,175.0500030517578,171.30538940429688,2013300
2020-04-24,177.0,177.9499969482422,173.49000549316406,177.0,173.2136688232422,2024400
2020-04-27,179.10000610351562,184.25,178.72000122070312,183.5399932861328,179.61375427246094,2743100
2020-04-28,189.16000366210938,190.4199981689453,184.8699951171875,187.00999450683594,183.00955200195312,3344700
2020-04-29,192.61000061035156,193.72000122070312,189.57000732421875,190.02999877929688,185.96495056152344,3086300
2020-04-30,186.0,187.5500030517578,182.89999389648438,183.4199981689453,179.49632263183594,2695400
2020-05-01,179.0,179.60000610351562,176.64999389648438,177.10000610351562,173.3115234375,2650200
2020-05-04,175.0,176.30999755859375,171.72000122070312,176.02999877929688,172.26443481445312,2990100
2020-05-05,179.10000610351562,182.60000610351562,178.13999938964844,178.3000030517578,174.48587036132812,3272600
2020-05-06,179.67999267578125,181.1999969482422,175.2100067138672,176.9199981689453,173.1353759765625,2408700
2020-05-07,179.17999267578125,183.3800048828125,179.17999267578125,182.32000732421875,178.4198760986328,2480100
2020-05-08,185.02999877929688,185.91000366210938,182.74000549316406,185.38999938964844,181.4241943359375,2282600
2020-05-11,182.5399932861328,184.85000610351562,181.25999450683594,183.16000366210938,179.24191284179688,2212200
2020-05-12,183.88999938964844,184.3000030517578,176.75,177.2100067138672,173.419189453125,3549200
2020-05-13,175.66000366210938,176.8800048828125,170.75999450683594,171.8000030517578,168.12489318847656,3445300
2020-05-14,169.0399932861328,174.77999877929688,165.36000061035156,174.4499969482422,170.7182159423828,4176700
2020-05-15,173.47999572753906,174.08999633789062,170.5800018310547,171.8699951171875,168.1934051513672,2867800
2020-05-18,177.7100067138672,183.10000610351562,175.24000549316406,181.8800048828125,177.98928833007812,4512600
2020-05-19,180.55999755859375,182.19000244140625,177.72000122070312,177.8300018310547,174.02590942382812,2210500
2020-05-20,180.9499969482422,183.8300018310547,180.3000030517578,181.44000244140625,177.55868530273438,2599900
2020-05-21,180.1999969482422,181.1699981689453,177.67999267578125,180.10000610351562,176.2473602294922,2153500
2020-05-22,180.02999877929688,180.63999938964844,178.05999755859375,179.92999267578125,176.08099365234375,2176400
2020-05-26,185.6300048828125,197.10000610351562,185.22000122070312,196.05999755859375,191.86593627929688,5971200
2020-05-27,203.0,210.7100067138672,200.00999450683594,209.66000366210938,205.17503356933594,8182100
2020-05-28,210.83999633789062,211.30999755859375,201.2100067138672,201.22000122070312,196.91555786132812,4886100
2020-05-29,197.22999572753906,200.9199981689453,194.64999389648438,196.49000549316406,193.48873901367188,3824500
2020-06-01,197.30999755859375,201.77000427246094,195.1199951171875,199.92999267578125,196.87615966796875,2230800
2020-06-02,203.77000427246094,206.5,201.32000732421875,204.13999938964844,201.02188110351562,4128700
2020-06-03,208.49000549316406,211.92999267578125,206.42999267578125,210.57000732421875,207.35366821289062,3471900
2020-06-04,208.7899932861328,214.99000549316406,207.9600067138672,214.82000732421875,211.5387420654297,3522300
2020-06-05,222.0,222.97999572753906,217.66000366210938,217.9199981689453,214.5913848876953,4737600
2020-06-08,220.02000427246094,222.25999450683594,218.24000549316406,220.80999755859375,217.43724060058594,3260300
2020-06-09,215.74000549316406,220.02000427246094,215.16000366210938,218.10000610351562,214.76864624023438,2478400
2020-06-10,217.38999938964844,219.85000610351562,212.8000030517578,213.52000427246094,210.2585906982422,3091200
2020-06-11,204.6999969482422,206.89999389648438,194.02000427246094,194.1300048828125,191.16476440429688,4923400
2020-06-12,200.6199951171875,202.94000244140625,196.2100067138672,201.77999877929688,198.69790649414062,3380800
2020-06-15,195.72999572753906,206.99000549316406,195.14999389648438,206.30999755859375,203.1587371826172,3467400
2020-06-16,214.97999572753906,214.97999572753906,203.72999572753906,209.58999633789062,206.38861083984375,3099100
2020-06-17,210.0,210.7899932861328,205.44000244140625,206.19000244140625,203.04055786132812,1798300
2020-06-18,203.99000549316406,207.25999450683594,202.6699981689453,203.83999633789062,200.7264404296875,2051700
2020-06-19,207.0500030517578,207.4199981689453,200.97000122070312,201.6300048828125,198.55020141601562,4962400
2020-06-22,200.99000549316406,204.5800018310547,200.0,203.4199981689453,200.31285095214844,1806900
2020-06-23,206.5,207.50999450683594,203.63999938964844,204.77999877929688,201.652099609375,2451800
2020-06-24,202.33999633789062,202.61000061035156,197.3800048828125,198.02000427246094,194.99534606933594,2756700
2020-06-25,197.86000061035156,207.38999938964844,197.61000061035156,207.10000610351562,203.93667602539062,3466500
2020-06-26,199.0,200.24000549316406,188.50999450683594,189.19000244140625,186.30023193359375,9530700
2020-06-29,191.3800048828125,193.89999389648438,188.66000366210938,193.47000122070312,190.5148468017578,3736000
2020-06-30,193.83999633789062,198.41000366210938,193.6199951171875,197.6199951171875,194.60145568847656,3102800
2020-07-01,198.8800048828125,199.74000549316406,195.52000427246094,197.57000732421875,194.55223083496094,2620100
2020-07-02,202.5,203.0,197.1300048828125,197.39999389648438,194.3848114013672,2699400
2020-07-06,201.33999633789062,207.7899932861328,201.1300048828125,207.36000061035156,204.1927032470703,3567700
2020-07-07,205.5,205.7100067138672,199.19000244140625,199.36000061035156,196.3148956298828,2853500
2020-07-08,199.5399932861328,203.25,199.02000427246094,202.25,199.16073608398438,2789700
2020-07-09,202.11000061035156,202.5,195.0,196.8300018310547,193.8235321044922,3160100
2020-07-10,196.8699951171875,206.32000732421875,196.8300018310547,205.55999755859375,202.42018127441406,4414800
2020-07-13,209.0,212.97999572753906,207.0,208.8800048828125,205.68946838378906,4449600
2020-07-14,211.42999267578125,214.3000030517578,207.00999450683594,214.00999450683594,210.74110412597656,5202000
2020-07-15,224.3699951171875,225.24000549316406,214.69000244140625,216.89999389648438,213.5869598388672,12516700
2020-07-16,213.50999450683594,220.4600067138672,213.5,214.6699981689453,211.3910369873047,5769600
2020-07-17,214.89999389648438,215.1699981689453,211.25,211.41000366210938,208.1808319091797,3614300
2020-07-20,210.72999572753906,213.1699981689453,210.25,211.7100067138672,208.4762420654297,2268700
2020-07-21,212.25,213.80999755859375,210.38999938964844,212.02000427246094,208.78150939941406,3394200
2020-07-22,210.5,211.0,205.35000610351562,206.0,202.85345458984375,4978400
2020-07-23,205.10000610351562,206.02000427246094,202.0500030517578,203.02000427246094,199.9189910888672,4088600
2020-07-24,203.0,204.92999267578125,201.32000732421875,201.47000122070312,198.3926544189453,3191500
2020-07-27,200.10000610351562,204.17999267578125,199.58999633789062,203.02000427246094,199.9189910888672,2601200
2020-07-28,201.91000366210938,203.60000610351562,201.08999633789062,201.6199951171875,198.5403594970703,2139600
2020-07-29,201.6999969482422,203.88999938964844,199.6199951171875,202.5800018310547,199.48570251464844,2635000
2020-07-30,199.5,199.99000549316406,196.3000030517578,199.52999877929688,196.4822998046875,3057900
2020-07-31,199.83999633789062,199.83999633789062,196.50999450683594,197.9600067138672,194.93626403808594,2401100
2020-08-03,198.49000549316406,199.8800048828125,196.52999877929688,199.38999938964844,196.34442138671875,2294600
2020-08-04,199.35000610351562,201.72000122070312,198.47999572753906,201.63999938964844,198.56005859375,1944700
2020-08-05,203.1699981689453,204.80999755859375,203.00999450683594,204.52000427246094,201.39608764648438,2323200
2020-08-06,205.0,206.2899932861328,203.8300018310547,204.25,201.1302032470703,1882400
2020-08-07,203.47999572753906,208.8000030517578,202.4499969482422,208.27000427246094,205.0887908935547,3075000
2020-08-10,209.58999633789062,210.63999938964844,208.0399932861328,209.3800048828125,206.1818389892578,2432800
2020-08-11,212.72000122070312,216.9499969482422,210.52999877929688,211.05999755859375,207.83616638183594,4042700
2020-08-12,214.6999969482422,215.9499969482422,209.27000427246094,212.1300048828125,208.88983154296875,2439400
2020-08-13,210.41000366210938,212.1999969482422,207.69000244140625,208.38999938964844,205.20697021484375,2219900
2020-08-14,207.4600067138672,209.47999572753906,206.61000061035156,207.97000122070312,204.79336547851562,2287600
2020-08-17,207.0,207.85000610351562,202.52999877929688,203.07000732421875,199.9682159423828,3922600
2020-08-18,203.4499969482422,203.5800018310547,201.10000610351562,201.30999755859375,198.23509216308594,3067900
2020-08-19,202.39999389648438,206.10000610351562,201.77000427246094,203.02000427246094,199.9189910888672,2458500
2020-08-20,200.75999450683594,203.27999877929688,200.33999633789062,201.85000610351562,198.766845703125,1764200
2020-08-21,200.11000061035156,203.35000610351562,199.82000732421875,202.42999267578125,199.33798217773438,1780900
2020-08-24,203.11000061035156,207.42999267578125,201.32000732421875,207.33999633789062,204.17300415039062,3097400
2020-08-25,209.99000549316406,210.49000549316406,205.1699981689453,206.0,202.85345458984375,2627600
2020-08-26,205.88999938964844,207.27999877929688,205.02999877929688,207.22000122070312,204.05482482910156,2563200
2020-08-27,206.67999267578125,213.0,206.41000366210938,210.14999389648438,206.94004821777344,3692400
2020-08-28,211.88999938964844,212.0,207.08999633789062,207.7100067138672,204.53733825683594,3697400
2020-08-31,205.5,206.41000366210938,203.6300048828125,204.8699951171875,202.96212768554688,3046200
2020-09-01,203.60000610351562,206.7100067138672,203.00999450683594,205.4600067138672,203.54666137695312,2458800
2020-09-02,205.7899932861328,210.92999267578125,205.3699951171875,210.0399932861328,208.08399963378906,3565200
2020-09-03,211.75,215.22999572753906,205.8300018310547,207.55999755859375,205.62709045410156,3533500
2020-09-04,210.88999938964844,213.35000610351562,205.32000732421875,210.94000244140625,208.97561645507812,3668900
2020-09-08,209.50999450683594,209.9600067138672,201.27000427246094,202.47999572753906,200.59439086914062,4574700
2020-09-09,204.19000244140625,204.8300018310547,202.02999877929688,202.22000122070312,200.33682250976562,4681400
2020-09-10,203.72999572753906,205.35000610351562,199.5500030517578,200.00999450683594,198.14739990234375,2510300
2020-09-11,200.24000549316406,201.91000366210938,198.9499969482422,200.9199981689453,199.04893493652344,2376400
2020-09-14,203.3000030517578,203.3000030517578,200.6699981689453,201.33999633789062,199.4650115966797,2756900
2020-09-15,202.0,202.58999633789062,197.97999572753906,198.0,196.15611267089844,3717600
2020-09-16,198.49000549316406,203.8000030517578,198.07000732421875,200.67999267578125,198.8111572265625,3571400
2020-09-17,198.2100067138672,199.88999938964844,194.50999450683594,194.8300018310547,193.01564025878906,4274800
2020-09-18,195.00999450683594,196.64999389648438,192.3800048828125,194.86000061035156,193.0453643798828,9066300
2020-09-21,189.89999389648438,194.1699981689453,187.47000122070312,194.0,192.19337463378906,4871300
2020-09-22,194.0,196.13999938964844,188.42999267578125,191.6199951171875,189.83554077148438,3355800
2020-09-23,192.0,192.9199981689453,185.8699951171875,186.1199951171875,184.38674926757812,3116100
2020-09-24,188.97999572753906,197.4600067138672,187.0500030517578,195.11000061035156,193.2930450439453,5114600
2020-09-25,192.9600067138672,195.38999938964844,189.61000061035156,194.9499969482422,193.134521484375,3106000
2020-09-28,197.77999877929688,201.8699951171875,197.14999389648438,199.07000732421875,197.21617126464844,3280100
2020-09-29,198.16000366210938,198.77000427246094,195.42999267578125,196.7899932861328,194.95738220214844,2400000
2020-09-30,198.67999267578125,203.0800018310547,198.36000061035156,200.97000122070312,199.0984649658203,3075800
2020-10-01,201.52999877929688,203.1300048828125,197.8699951171875,198.5500030517578,196.7010040283203,2288700
2020-10-02,195.33999633789062,200.6999969482422,195.2899932861328,199.89999389648438,198.03842163085938,2541200
2020-10-05,201.92999267578125,202.83999633789062,199.58999633789062,201.8000030517578,199.9207305908203,2551600
2020-10-06,204.25,206.08999633789062,199.89999389648438,201.08999633789062,199.2173309326172,2833100
2020-10-07,203.89999389648438,205.0,201.1699981689453,203.60000610351562,201.7039794921875,2326600
2020-10-08,205.14999389648438,208.16000366210938,204.11000061035156,207.97999572753906,206.0431671142578,2330600
2020-10-09,208.75999450683594,209.80999755859375,206.07000732421875,207.5399932861328,205.60728454589844,3040900
2020-10-12,207.41000366210938,214.88999938964844,207.41000366210938,214.1199951171875,212.12599182128906,3474200
2020-10-13,214.00999450683594,214.11000061035156,209.17999267578125,210.80999755859375,208.84683227539062,3317300
2020-10-14,213.8800048828125,214.4499969482422,210.27000427246094,211.22999572753906,209.26290893554688,7557000
2020-10-15,209.5800018310547,210.72999572753906,206.89999389648438,208.60000610351562,206.65740966796875,4325700
2020-10-16,208.32000732421875,210.0,205.80999755859375,206.2100067138672,204.2896728515625,3244500
2020-10-19,207.38999938964844,207.91000366210938,204.58999633789062,205.69000244140625,203.77450561523438,3235300
2020-10-20,206.6999969482422,211.3800048828125,206.47000122070312,208.02999877929688,206.0927276611328,3335500
2020-10-21,207.38999938964844,207.9499969482422,202.00999450683594,202.91000366210938,201.02040100097656,3083600
2020-10-22,203.1999969482422,206.3699951171875,202.1999969482422,205.39999389648438,203.48719787597656,2136900
2020-10-23,206.75999450683594,208.2100067138672,204.02000427246094,205.0399932861328,203.13055419921875,2110200
2020-10-26,202.49000549316406,202.80999755859375,198.50999450683594,201.13999938964844,199.2668914794922,3249700
2020-10-27,200.0,200.58999633789062,195.41000366210938,195.67999267578125,193.8577117919922,3430400
2020-10-28,191.30999755859375,193.3699951171875,188.94000244140625,189.77000427246094,188.0027618408203,4214600
2020-10-29,189.8000030517578,192.35000610351562,186.89999389648438,189.94000244140625,188.1711883544922,3581200
2020-10-30,189.50999450683594,190.39999389648438,185.52000427246094,189.0399932861328,187.27955627441406,3658800
